-- phpMyAdmin SQL Dump
-- version 5.2.1
-- https://www.phpmyadmin.net/
--
-- Host: 127.0.0.1:3306
-- Generation Time: Mar 09, 2025 at 11:06 PM
-- Server version: 8.3.0
-- PHP Version: 8.3.6

SET SQL_MODE = "NO_AUTO_VALUE_ON_ZERO";
START TRANSACTION;
SET time_zone = "+00:00";


/*!40101 SET @OLD_CHARACTER_SET_CLIENT=@@CHARACTER_SET_CLIENT */;
/*!40101 SET @OLD_CHARACTER_SET_RESULTS=@@CHARACTER_SET_RESULTS */;
/*!40101 SET @OLD_COLLATION_CONNECTION=@@COLLATION_CONNECTION */;
/*!40101 SET NAMES utf8mb4 */;

--
-- Database: `hr-application`
--

-- --------------------------------------------------------

--
-- Table structure for table `branches`
--

DROP TABLE IF EXISTS `branches`;
CREATE TABLE IF NOT EXISTS `branches` (
  `id` bigint UNSIGNED NOT NULL AUTO_INCREMENT,
  `branch_name` varchar(191) NOT NULL,
  `location` varchar(191) NOT NULL,
  `manager_email` varchar(191) NOT NULL,
  `services_gmail` varchar(191) NOT NULL,
  `created_at` timestamp NULL DEFAULT NULL,
  `updated_at` timestamp NULL DEFAULT NULL,
  `latitude` double DEFAULT NULL,
  `longitude` double DEFAULT NULL,
  PRIMARY KEY (`id`),
  UNIQUE KEY `branches_branch_name_unique` (`branch_name`),
  UNIQUE KEY `branches_manager_email_unique` (`manager_email`),
  UNIQUE KEY `branches_services_gmail_unique` (`services_gmail`)
) ENGINE=MyISAM AUTO_INCREMENT=79 DEFAULT CHARSET=utf8mb3;

--
-- Dumping data for table `branches`
--

INSERT INTO `branches` (`id`, `branch_name`, `location`, `manager_email`, `services_gmail`, `created_at`, `updated_at`, `latitude`, `longitude`) VALUES
(63, 'Mtaileb', 'Mtaileb, Main Road', 'mtaileb@maliks.com', 'mtaileb.orders@gmail.com', '2025-01-01 07:26:00', '2025-01-01 07:41:07', 33.92490981769786, 35.61696044099086),
(11, 'Abraj', 'Abraj Center, Furn-al-chebak', 'abraj@maliks.com', 'abrajmaliks@gmail.com', '2024-11-15 07:26:42', '2024-11-15 16:57:46', 33.86762946618272, 35.527028540989065),
(9, 'Doculand Hamra', 'Hamra - Bliss - Bank Audi Building', 'hamra@doculand.com.lb', 'doculandbliss@gmail.com', '2024-11-15 07:24:13', '2024-11-15 16:58:12', 33.89939940687008, 35.48069302564809),
(12, 'Operation Department', 'Bliss - Maliks Office 2F', 'operations@maliks.com', 'operations5@maliks.com', '2024-11-15 07:27:41', '2024-11-15 16:58:38', 33.899049331887355, 35.48144595845717),
(13, 'Ajaltoun', 'Ajaltoun - Main road', 'ajaltoun@maliks.com', 'maliksaajaltoun@gmail.com', '2024-11-15 07:28:13', '2024-11-15 16:59:13', 33.96055667030018, 35.68581002204761),
(14, 'Interior Department', 'Bliss - Maliks Office 2F', 'dania@maliks.com', 'dania@maliks.com', '2024-11-15 07:29:02', '2024-11-15 16:58:50', 33.899049331887355, 35.48144595845717),
(15, 'Spinneys Dbayeh', 'Dbayeh - Inside Spinneys', 'dbayeh@maliks.com', 'dbayehorders@gmail.com', '2024-11-15 07:29:23', '2024-11-15 07:29:23', 33.931415, 35.58836),
(16, 'Office Supplies', 'Verdun, near our branch, facing Soubra pharmacy', 'officesupplies@maliks.com', 'officesupplies@maliks.com', '2024-11-15 07:30:48', '2024-11-15 16:59:47', 33.864267819877185, 35.48682109681136),
(17, 'Verdun', 'Verdun, near Goodies, facing Sour pharmacy', 'verdun@maliks.com', 'verdunorders@gmail.com', '2024-11-15 07:31:30', '2024-11-15 17:00:06', 33.886554176857715, 35.48205989681202),
(18, 'Hamra Main Road', 'Hamra Main Road', 'hamra@maliks.com', 'hamramainroad@gmail.com', '2024-11-15 07:32:11', '2024-11-15 17:00:30', 33.8957568780546, 35.483540640990014),
(19, 'Zouk Mosbeh', 'Jeita High way , Town Center', 'jeita@maliks.com', 'zoukmosbeh@maliks.com', '2024-11-15 07:32:45', '2024-11-15 17:01:12', 33.95113356704448, 35.621564239143034),
(20, 'City Mall', 'City Mall - Doura', 'citymall@maliks.com', 'citymallorder@gmail.com', '2024-11-15 07:33:06', '2024-11-15 17:01:31', 33.89697204326296, 35.56458573914123),
(21, 'Choueifat', 'Khaldeh, mafra2 Aramoun', 'choueifat@maliks.com', 'maliks.choueifat@gmail.com', '2024-11-15 07:34:05', '2024-11-15 17:02:10', 33.79879933895064, 35.48675113913831),
(22, 'Ashrafieh', 'Facing  AUST( UPS )', 'achrafieh@maliks.com', 'maliks.achrafieh@gmail.com', '2024-11-15 07:35:01', '2024-11-15 17:02:31', 33.8840696540407, 35.52308281030539),
(23, 'Doculand Mathaf', 'Mathaf Street - Facing Grab and Go', 'mathaf@doculand.com.lb', 'mathaf.doculand@gmail.com', '2024-11-15 07:43:25', '2024-11-15 17:02:44', 33.87808595735903, 35.515579494963056),
(24, 'Le Mall Dbayeh', 'Dbayeh - Inside Le Mall', 'lemall@maliks.com', 'malikslemall@gmail.com', '2024-11-15 07:44:03', '2024-11-15 17:02:58', 33.929972610122796, 35.588701496813385),
(25, 'Kaslik', 'Kaslik main road, near USEK', 'kaslik@maliks.com', 'kaslikorders@gmail.com', '2024-11-15 07:44:41', '2024-11-15 17:03:10', 33.983556043854264, 35.61978108147303),
(26, 'Books and Pens', 'Bliss - Jean Darc Street', 'bp@maliks.com', 'malikshamra@gmail.com', '2024-11-15 07:45:13', '2024-11-15 17:03:21', 33.89911166801849, 35.48151033147032),
(27, 'LAU Upper', 'Kreitem, facing LAU Upper gate', 'upper@maliks.com', 'upperorders@gmail.com', '2024-11-15 07:46:23', '2024-11-15 17:03:33', 33.892362015748255, 35.47773929504527),
(28, 'Mansourieh', 'Mansourieh Main road inside Abed Tahan', 'mansourieh@maliks.com', 'mansouriehorders@gmail.com', '2024-11-15 07:47:01', '2024-11-15 17:03:47', 33.85878334200876, 35.55919833914029),
(29, 'Doculand Gemayzeh', 'Gemayzeh Street', 'gemayzeh@doculand.com.lb', 'ashrafiehorders@gmail.com', '2024-11-15 07:47:19', '2024-11-15 17:04:14', 33.89576488689757, 35.52081620853964),
(30, 'Bechara El Khoury', 'Bechara Khoury , next Bank Audi', 'bk@maliks.com', 'orders.mbk@gmail.com', '2024-11-15 07:47:49', '2024-11-15 17:04:33', 33.881654206036465, 35.507322925647436),
(31, 'Spinneys Jnah', 'Jnah - Inside Spinneys', 'jnah@maliks.com', 'maliksjnah@gmail.com', '2024-11-15 07:48:17', '2024-11-15 17:04:46', 33.87354792211589, 35.489685912153746),
(32, 'ABC Verdun', 'Verdun - ABC', 'abc@maliks.com', 'maliks.abc.verdun@gmail.com', '2024-11-15 07:48:42', '2024-11-15 17:04:57', 33.88457566722536, 35.48446781215402),
(33, 'Mazraa', 'Mazraa Street - Beside Mazen Pharamcy', 'mazraa@maliks.com', 'maliks.mazraa@gmail.com', '2024-11-15 07:49:00', '2024-11-15 17:05:08', 33.88023678751877, 35.492329514002535),
(34, 'Jbeil', 'Jbeil Voie 13 - Byblos intersection', 'jbeil@maliks.com', 'jbeilorders@gmail.com', '2024-11-15 07:49:29', '2024-11-15 17:05:24', 34.12391032193, 35.65347502565493),
(35, 'Naher Ibrahim', 'Naher Brahim Inside Total', 'nb.maliks@gmail.com', 'nb.maliks@gmail.com', '2024-11-15 07:50:05', '2024-11-15 17:05:38', 34.07143943367592, 35.64496507974396),
(36, 'Jounieh', 'Jounieh Highway, Beside Exotica', 'jounieh@maliks.com', 'jouniehorders@gmail.com', '2024-11-15 07:50:33', '2024-11-15 17:05:54', 34.00303738193965, 35.64762339681566),
(38, 'Doculand Dekwaneh', 'Dekwaneh - Freeway Centre', 'dekwaneh@doculand.com.lb', 'doculand.dekwaneh@gmail.com', '2024-11-15 07:51:20', '2024-11-15 17:06:30', 33.88325414066066, 35.54416020853682),
(39, 'Sin El Fill', 'Hayek / ( Habtour )  Roundabout', 'sinelfil@maliks.com', 'sinelfilorders@gmail.com', '2024-11-15 07:51:44', '2024-11-15 17:06:57', 33.87045279191207, 35.53664513552072),
(40, 'Spot C', 'Khaldeh - Spot C', 'spotc@maliks.com', 'maliks.spotc@gmail.com', '2024-11-15 07:52:08', '2024-11-15 17:07:07', 33.80226933280416, 35.49010052749353),
(41, 'Main', 'Closed now', 'main@maliks.com', 'closed@closed.com', '2024-11-15 07:52:30', '2024-11-15 17:07:20', 33.89958918070307, 35.482128867976996),
(42, 'City Center', 'Beirut City Center', 'citycenter@maliks.com', 'malikscitycenter@gmail.com', '2024-11-15 07:52:54', '2024-11-15 17:07:33', 33.86209410294096, 35.529292991341116),
(43, 'Congo', 'Congo - Africa', 'congo@maliks.com', 'congo@gmail.com', '2024-11-15 07:53:20', '2024-11-15 17:29:44', -4.7746273865084055, 11.863473907136221),
(44, 'Le Mall Saida', 'Saida - Inside Le Mall', 'saida@maliks.com', 'malikssaida1@gmail.com', '2024-11-15 07:53:46', '2024-11-15 17:07:53', 33.56349943535803, 35.38024090844675),
(45, 'WH3', 'Warehouse 3 - Jnah - near Emirates Embassy', 'wh3@maliks.com', 'wh3orders@maliks.com', '2024-11-15 07:54:23', '2024-11-15 17:08:49', 33.87127135088286, 35.48429094283791),
(46, 'Haigazian', 'Hamra- near Haigazian University', 'haigazian@maliks.com', 'haigazianorders@gmail.com', '2024-11-15 07:54:57', '2024-11-15 17:09:01', 33.896557758471076, 35.49198088155288),
(48, 'Marketing', 'Maliks Office', 'marketing@maliks.com', 'marketing@marketing.com', '2024-11-15 07:55:47', '2024-11-15 17:09:23', 33.89928081585926, 35.48143507962175),
(49, 'Accounting', 'Maliks Office', 'accounting@maliks.com', 'accounting2@maliks.com', '2024-11-15 07:56:03', '2024-11-15 17:09:33', 33.89928081585926, 35.48143507962175),
(50, 'Wh1', 'Warehouse 1 - Jnah - near Al Zahraa hospital', 'wh1@maliks.com', 'wh1orders@maliks.com', '2024-11-15 07:56:26', '2024-11-15 17:09:58', 33.86376001701288, 35.48772231899544),
(51, 'AUB', 'Bliss Street', 'aub@maliks.com', 'blissorders1@gmail.com', '2024-11-15 07:56:43', '2024-11-15 17:10:09', 33.899366552700776, 35.481710443391535),
(67, 'Test Branch', 'This is a test', 'mira99mahmoud@gmail.com', 'services4@maliks.com', '2025-02-14 04:20:17', '2025-02-14 04:20:17', 33.89939940687, 35.480693025648),
(68, 'Hazmieh', 'Hazmieh - Facing Pepsi', 'hazmieh@maliks.com', 'hazmiehorders@gmail.com', '2025-02-25 07:36:46', '2025-02-25 07:36:46', 33.85353543190929, 35.54116978570919),
(69, 'Books and Pens UP', '3F - Bliss', 'rima@maliks.com', 'bpup@maliks.com', '2025-02-25 16:05:08', '2025-02-25 16:05:08', 33.899049331887, 35.481445958457),
(70, 'Gizmo ABC Verdun', 'ABC Verdun', 'gizmoabc@maliks.com', 'gizmo@gizmo.com', '2025-02-25 16:05:42', '2025-03-03 04:20:59', 33.88470926714596, 35.484070845933594),
(71, 'Gizmo City Mall', 'City Mall Dora', 'gizmocm@maliks.com', 'gizmocm@maliks.com', '2025-02-25 16:06:19', '2025-02-25 16:06:19', 33.896972043263, 35.564585739141),
(72, 'Gizmo Le Mall  Dbayeh', 'Le Mall Dbayeh', 'gizmolm@maliks.com', 'gizmolm@maliks.com', '2025-02-25 16:06:53', '2025-02-25 16:06:53', 33.929972610123, 35.588701496813),
(73, 'Head Office', '3F - Bliss', 'test@test.com', 'test@test.com', '2025-02-25 16:07:23', '2025-02-25 16:07:23', 33.899049331887, 35.481445958457),
(74, 'Lab88', 'Hamra Main Road', 'lab88@maliks.com', 'lab88@maliks.com', '2025-02-25 16:07:52', '2025-02-25 16:07:52', 33.895756878055, 35.48354064099),
(75, 'Standby', '3F - Bliss', 'standby@maliks.com', 'standby@maliks.com', '2025-02-25 16:08:16', '2025-02-25 16:08:16', 33.899049331887, 35.481445958457),
(76, 'Trainers', '3F - Bliss', 'trainer@maliks.com', 'trainer@maliks.com', '2025-02-25 16:08:36', '2025-02-25 16:08:36', 33.899049331887, 35.481445958457),
(77, 'WH2', 'Verdun', 'wh2@maliks.com', 'wh2orders@maliks.com', '2025-02-25 16:09:12', '2025-02-25 16:09:12', 33.886554176858, 35.482059896812),
(78, 'Whole Sale', 'Jnah', 'wholesale@maliks.com', 'wholesale1@maliks.com', '2025-02-25 16:09:38', '2025-02-25 16:09:38', 33.871271350883, 35.484290942838);

-- --------------------------------------------------------

--
-- Table structure for table `cache`
--

DROP TABLE IF EXISTS `cache`;
CREATE TABLE IF NOT EXISTS `cache` (
  `key` varchar(191) CHARACTER SET utf8mb4 COLLATE utf8mb4_unicode_ci NOT NULL,
  `value` mediumtext CHARACTER SET utf8mb4 COLLATE utf8mb4_unicode_ci NOT NULL,
  `expiration` int NOT NULL,
  PRIMARY KEY (`key`)
) ENGINE=MyISAM DEFAULT CHARSET=utf8mb4 COLLATE=utf8mb4_unicode_ci;

--
-- Dumping data for table `cache`
--

INSERT INTO `cache` (`key`, `value`, `expiration`) VALUES
('spatie.permission.cache', 'a:3:{s:5:\"alias\";a:4:{s:1:\"a\";s:2:\"id\";s:1:\"b\";s:4:\"name\";s:1:\"c\";s:10:\"guard_name\";s:1:\"r\";s:5:\"roles\";}s:11:\"permissions\";a:22:{i:0;a:4:{s:1:\"a\";i:1;s:1:\"b\";s:9:\"Dashboard\";s:1:\"c\";s:3:\"web\";s:1:\"r\";a:3:{i:0;i:8;i:1;i:9;i:2;i:10;}}i:1;a:4:{s:1:\"a\";i:2;s:1:\"b\";s:5:\"Users\";s:1:\"c\";s:3:\"web\";s:1:\"r\";a:1:{i:0;i:8;}}i:2;a:4:{s:1:\"a\";i:3;s:1:\"b\";s:16:\"Calendar & Tools\";s:1:\"c\";s:3:\"web\";s:1:\"r\";a:3:{i:0;i:8;i:1;i:9;i:2;i:10;}}i:3;a:4:{s:1:\"a\";i:4;s:1:\"b\";s:9:\"Vacancies\";s:1:\"c\";s:3:\"web\";s:1:\"r\";a:2:{i:0;i:8;i:1;i:9;}}i:4;a:4:{s:1:\"a\";i:5;s:1:\"b\";s:11:\"New Joiners\";s:1:\"c\";s:3:\"web\";s:1:\"r\";a:2:{i:0;i:8;i:1;i:9;}}i:5;a:4:{s:1:\"a\";i:6;s:1:\"b\";s:18:\"Trasnfers/Rotation\";s:1:\"c\";s:3:\"web\";s:1:\"r\";a:2:{i:0;i:8;i:1;i:9;}}i:6;a:4:{s:1:\"a\";i:7;s:1:\"b\";s:10:\"Promotions\";s:1:\"c\";s:3:\"web\";s:1:\"r\";a:2:{i:0;i:8;i:1;i:9;}}i:7;a:4:{s:1:\"a\";i:8;s:1:\"b\";s:11:\"Badge Maker\";s:1:\"c\";s:3:\"web\";s:1:\"r\";a:6:{i:0;i:8;i:1;i:9;i:2;i:10;i:3;i:11;i:4;i:13;i:5;i:14;}}i:8;a:4:{s:1:\"a\";i:9;s:1:\"b\";s:9:\"Employees\";s:1:\"c\";s:3:\"web\";s:1:\"r\";a:2:{i:0;i:8;i:1;i:9;}}i:9;a:4:{s:1:\"a\";i:10;s:1:\"b\";s:8:\"Branches\";s:1:\"c\";s:3:\"web\";s:1:\"r\";a:3:{i:0;i:8;i:1;i:9;i:2;i:10;}}i:10;a:4:{s:1:\"a\";i:11;s:1:\"b\";s:6:\"Titles\";s:1:\"c\";s:3:\"web\";s:1:\"r\";a:2:{i:0;i:8;i:1;i:9;}}i:11;a:4:{s:1:\"a\";i:12;s:1:\"b\";s:8:\"Settings\";s:1:\"c\";s:3:\"web\";s:1:\"r\";a:7:{i:0;i:8;i:1;i:9;i:2;i:10;i:3;i:11;i:4;i:12;i:5;i:13;i:6;i:14;}}i:12;a:4:{s:1:\"a\";i:13;s:1:\"b\";s:4:\"Edit\";s:1:\"c\";s:3:\"web\";s:1:\"r\";a:3:{i:0;i:8;i:1;i:11;i:2;i:13;}}i:13;a:4:{s:1:\"a\";i:14;s:1:\"b\";s:8:\"Download\";s:1:\"c\";s:3:\"web\";s:1:\"r\";a:2:{i:0;i:8;i:1;i:9;}}i:14;a:4:{s:1:\"a\";i:15;s:1:\"b\";s:6:\"Create\";s:1:\"c\";s:3:\"web\";s:1:\"r\";a:5:{i:0;i:8;i:1;i:9;i:2;i:11;i:3;i:13;i:4;i:14;}}i:15;a:4:{s:1:\"a\";i:16;s:1:\"b\";s:6:\"Delete\";s:1:\"c\";s:3:\"web\";s:1:\"r\";a:2:{i:0;i:8;i:1;i:13;}}i:16;a:4:{s:1:\"a\";i:17;s:1:\"b\";s:19:\"Role And Permission\";s:1:\"c\";s:3:\"web\";s:1:\"r\";a:1:{i:0;i:8;}}i:17;a:4:{s:1:\"a\";i:18;s:1:\"b\";s:9:\"HR Member\";s:1:\"c\";s:3:\"web\";s:1:\"r\";a:1:{i:0;i:8;}}i:18;a:4:{s:1:\"a\";i:19;s:1:\"b\";s:7:\"Sundays\";s:1:\"c\";s:3:\"web\";s:1:\"r\";a:2:{i:0;i:8;i:1;i:9;}}i:19;a:4:{s:1:\"a\";i:20;s:1:\"b\";s:15:\"View Evaluation\";s:1:\"c\";s:3:\"web\";s:1:\"r\";a:5:{i:0;i:8;i:1;i:11;i:2;i:12;i:3;i:13;i:4;i:14;}}i:20;a:4:{s:1:\"a\";i:21;s:1:\"b\";s:16:\"Apply Evaluation\";s:1:\"c\";s:3:\"web\";s:1:\"r\";a:4:{i:0;i:8;i:1;i:11;i:2;i:13;i:3;i:14;}}i:21;a:4:{s:1:\"a\";i:22;s:1:\"b\";s:17:\"Target Controller\";s:1:\"c\";s:3:\"web\";s:1:\"r\";a:1:{i:0;i:8;}}}s:5:\"roles\";a:7:{i:0;a:3:{s:1:\"a\";i:8;s:1:\"b\";s:5:\"Admin\";s:1:\"c\";s:3:\"web\";}i:1;a:3:{s:1:\"a\";i:9;s:1:\"b\";s:14:\"HR Team Member\";s:1:\"c\";s:3:\"web\";}i:2;a:3:{s:1:\"a\";i:10;s:1:\"b\";s:8:\"Services\";s:1:\"c\";s:3:\"web\";}i:3;a:3:{s:1:\"a\";i:11;s:1:\"b\";s:14:\"Branch Manager\";s:1:\"c\";s:3:\"web\";}i:4;a:3:{s:1:\"a\";i:13;s:1:\"b\";s:18:\"Department Manager\";s:1:\"c\";s:3:\"web\";}i:5;a:3:{s:1:\"a\";i:14;s:1:\"b\";s:19:\"Department Employee\";s:1:\"c\";s:3:\"web\";}i:6;a:3:{s:1:\"a\";i:12;s:1:\"b\";s:15:\"Branch Employee\";s:1:\"c\";s:3:\"web\";}}}', 1741647306);

-- --------------------------------------------------------

--
-- Table structure for table `cache_locks`
--

DROP TABLE IF EXISTS `cache_locks`;
CREATE TABLE IF NOT EXISTS `cache_locks` (
  `key` varchar(191) CHARACTER SET utf8mb4 COLLATE utf8mb4_unicode_ci NOT NULL,
  `owner` varchar(191) CHARACTER SET utf8mb4 COLLATE utf8mb4_unicode_ci NOT NULL,
  `expiration` int NOT NULL,
  PRIMARY KEY (`key`)
) ENGINE=MyISAM DEFAULT CHARSET=utf8mb4 COLLATE=utf8mb4_unicode_ci;

-- --------------------------------------------------------

--
-- Table structure for table `departments`
--

DROP TABLE IF EXISTS `departments`;
CREATE TABLE IF NOT EXISTS `departments` (
  `id` bigint UNSIGNED NOT NULL AUTO_INCREMENT,
  `name` varchar(191) CHARACTER SET utf8mb4 COLLATE utf8mb4_unicode_ci NOT NULL,
  `head_of_dept_id` bigint UNSIGNED NOT NULL,
  `created_at` timestamp NULL DEFAULT NULL,
  `updated_at` timestamp NULL DEFAULT NULL,
  PRIMARY KEY (`id`),
  KEY `departments_head_of_dept_id_foreign` (`head_of_dept_id`)
) ENGINE=MyISAM AUTO_INCREMENT=15 DEFAULT CHARSET=utf8mb4 COLLATE=utf8mb4_unicode_ci;

--
-- Dumping data for table `departments`
--

INSERT INTO `departments` (`id`, `name`, `head_of_dept_id`, `created_at`, `updated_at`) VALUES
(1, 'Services Department', 148, '2025-03-04 06:35:19', '2025-03-04 06:35:19'),
(2, 'Cashier Department', 155, '2025-03-04 06:56:20', '2025-03-04 06:56:20'),
(3, 'Interior Design Department', 154, '2025-03-04 06:56:36', '2025-03-04 07:00:19'),
(4, 'Stationery Department', 455, '2025-03-04 07:04:26', '2025-03-04 07:04:26'),
(5, 'HR Department', 454, '2025-03-04 07:04:35', '2025-03-04 07:04:35'),
(6, 'Operations Department', 456, '2025-03-04 07:06:49', '2025-03-04 07:06:49'),
(7, 'Control Department', 153, '2025-03-04 07:08:56', '2025-03-04 07:08:56'),
(8, 'IT Department', 157, '2025-03-04 07:09:05', '2025-03-04 07:09:05'),
(9, 'Payable Department', 156, '2025-03-04 07:09:17', '2025-03-04 07:09:17'),
(10, 'E-Store Department', 151, '2025-03-04 07:09:25', '2025-03-04 07:09:25'),
(11, 'Marketing Department', 190, '2025-03-04 07:09:31', '2025-03-04 07:09:31'),
(12, 'Accounting Department', 147, '2025-03-04 07:09:39', '2025-03-04 07:09:39'),
(13, 'Books Department', 457, '2025-03-04 07:11:15', '2025-03-04 07:11:15');

-- --------------------------------------------------------

--
-- Table structure for table `employee_info`
--

DROP TABLE IF EXISTS `employee_info`;
CREATE TABLE IF NOT EXISTS `employee_info` (
  `id` bigint UNSIGNED NOT NULL AUTO_INCREMENT,
  `name` varchar(191) CHARACTER SET utf8mb4 COLLATE utf8mb4_unicode_ci NOT NULL,
  `branch_id` bigint UNSIGNED NOT NULL,
  `title` varchar(191) CHARACTER SET utf8mb4 COLLATE utf8mb4_unicode_ci NOT NULL,
  `status` tinyint(1) NOT NULL,
  `blood_type` varchar(191) COLLATE utf8mb4_unicode_ci DEFAULT NULL,
  `marital_status` varchar(191) COLLATE utf8mb4_unicode_ci DEFAULT NULL,
  `shift` varchar(191) COLLATE utf8mb4_unicode_ci DEFAULT NULL,
  `whish_number` varchar(191) COLLATE utf8mb4_unicode_ci DEFAULT NULL,
  `where_can_work` text COLLATE utf8mb4_unicode_ci,
  `date_hired` date NOT NULL,
  `pin_code` varchar(191) CHARACTER SET utf8mb4 COLLATE utf8mb4_unicode_ci NOT NULL,
  `email` varchar(255) CHARACTER SET utf8mb4 COLLATE utf8mb4_unicode_ci DEFAULT NULL,
  `phone` varchar(15) CHARACTER SET utf8mb4 COLLATE utf8mb4_unicode_ci DEFAULT NULL,
  `car` varchar(255) CHARACTER SET utf8mb4 COLLATE utf8mb4_unicode_ci DEFAULT NULL,
  `address` varchar(255) CHARACTER SET utf8mb4 COLLATE utf8mb4_unicode_ci DEFAULT NULL,
  `image_path` varchar(191) CHARACTER SET utf8mb4 COLLATE utf8mb4_unicode_ci NOT NULL,
  `created_at` timestamp NULL DEFAULT NULL,
  `updated_at` timestamp NULL DEFAULT NULL,
  `job` bigint UNSIGNED DEFAULT NULL,
  `left_date` date DEFAULT NULL,
  `left_reason` varchar(191) COLLATE utf8mb4_unicode_ci DEFAULT NULL,
  `give_notice` tinyint(1) DEFAULT NULL,
  `is_good_performer` tinyint(1) DEFAULT NULL,
  `is_positive_person` tinyint(1) DEFAULT NULL,
  `exit_interview_remarks` varchar(191) COLLATE utf8mb4_unicode_ci DEFAULT NULL,
  `is_recommended_to_back` tinyint(1) DEFAULT NULL,
  `birthday` date DEFAULT NULL,
  PRIMARY KEY (`id`),
  KEY `employee_info_branch_id_foreign` (`branch_id`),
  KEY `fk_employee_job` (`job`)
) ENGINE=MyISAM AUTO_INCREMENT=474 DEFAULT CHARSET=utf8mb4 COLLATE=utf8mb4_unicode_ci;

--
-- Dumping data for table `employee_info`
--

INSERT INTO `employee_info` (`id`, `name`, `branch_id`, `title`, `status`, `blood_type`, `marital_status`, `shift`, `whish_number`, `where_can_work`, `date_hired`, `pin_code`, `email`, `phone`, `car`, `address`, `image_path`, `created_at`, `updated_at`, `job`, `left_date`, `left_reason`, `give_notice`, `is_good_performer`, `is_positive_person`, `exit_interview_remarks`, `is_recommended_to_back`, `birthday`) VALUES
(2, 'Aya Al Kaissi', 32, 'Specialist', 1, NULL, 'Single', NULL, NULL, NULL, '2021-05-25', '1620', 'ayakaissi8@gmail.com', '70/625 655', 'No', 'Baissour', 'images\\aya al kaissi.png', '2025-02-24 22:00:00', '2025-02-24 22:00:00', 3, NULL, NULL, NULL, NULL, NULL, NULL, NULL, '1995-02-10'),
(3, 'Maha Siblini', 32, 'Supervisor', 1, NULL, 'Single', NULL, NULL, NULL, '2024-04-30', '2055', 'mibsiblini@gmail.com', '', 'Moto', 'Dahyeh', 'images\\maha siblini.png', '2025-02-24 22:00:00', '2025-02-24 22:00:00', 20, NULL, NULL, NULL, NULL, NULL, NULL, NULL, '1999-03-21'),
(4, 'Abed Majed', 32, 'Junior Joker', 1, NULL, 'Single', NULL, NULL, NULL, '2023-12-12', '2102', 'abedm7213@gmail.com', '03-039363', 'Moto', 'Aramoun', 'images\\abed majed.png', '2025-02-24 22:00:00', '2025-02-24 22:00:00', 6, NULL, NULL, NULL, NULL, NULL, NULL, NULL, '2004-08-26'),
(5, 'Rashad Al Mohtar', 32, 'Supporter', 1, NULL, 'Married', NULL, NULL, NULL, '2023-11-22', '1304', 'rashadmohtar612@gmail.com', '78-972407', 'No', 'Aramoun', 'images\\rashad al mohtar.png', '2025-02-24 22:00:00', '2025-02-24 22:00:00', 4, NULL, NULL, NULL, NULL, NULL, NULL, NULL, '1999-04-13'),
(6, 'Leen Abou Assaf', 32, 'Team Member', 1, NULL, 'Single', NULL, NULL, NULL, '2024-09-19', '1914', 'abouassafleen@gmail.com', '78-862300', 'Moto', 'Deir Qoubel', 'images/67be11b6ed57d.png', '2025-02-24 22:00:00', '2025-02-25 16:53:00', 7, NULL, NULL, NULL, NULL, NULL, NULL, NULL, '2002-04-18'),
(7, 'Amina Al Ashy', 32, 'Team Member', 1, NULL, 'Single', NULL, NULL, NULL, '2024-09-07', '1428', 'aminaalashi0@gmail.com', '81-837933', 'No', 'Aramoun', 'images\\Default.jpg', '2025-02-24 22:00:00', '2025-02-24 22:00:00', 5, NULL, NULL, NULL, NULL, NULL, NULL, NULL, '2003-09-19'),
(8, 'Leah Shami', 32, 'Supporter', 1, NULL, 'Single', NULL, NULL, NULL, '2024-08-22', '1671', 'leyashami@gmail.com', '76-023236', 'Yes', 'Aramoun', 'images\\leah shami.png', '2025-02-24 22:00:00', '2025-02-24 22:00:00', 3, NULL, NULL, NULL, NULL, NULL, NULL, NULL, '2004-04-02'),
(11, 'Alaa Faisal', 11, 'Supervisor', 1, NULL, 'Single', NULL, NULL, NULL, '2021-04-28', '2613', 'alaafaysal597@gmail.com', ' 71 599 543', 'Yes', 'Aley', 'images\\Alaa Faisal.png', '2025-02-24 22:00:00', '2025-02-24 22:00:00', 20, NULL, NULL, NULL, NULL, NULL, NULL, NULL, '1997-08-05'),
(12, 'Wissam Fakhereddine', 11, 'Supporter', 1, NULL, 'Single', NULL, NULL, NULL, '2023-11-08', '2818', 'Wesam.fakhreddine@gmail.com', '71 208 330', 'No', 'Saadiyat', 'images\\wissam fakhereddine.png', '2025-02-24 22:00:00', '2025-02-24 22:00:00', 4, NULL, NULL, NULL, NULL, NULL, NULL, NULL, '1995-01-21'),
(13, 'Ali Chehab', 11, 'Senior Supporter  ', 1, NULL, 'Married', NULL, NULL, NULL, '2013-09-24', '2093', 'Hassanabou051@gmail.com', '70-950642', 'Moto', 'Al Shiyah ', 'images\\ali chehab.png', '2025-02-24 22:00:00', '2025-02-24 22:00:00', 8, NULL, NULL, NULL, NULL, NULL, NULL, NULL, '1983-05-02'),
(14, 'Faten Abozour', 11, 'Supporter', 1, NULL, 'Single', NULL, NULL, NULL, '2023-06-01', '2548', 'fatenabz56@gmail.com', '71-639174', 'No', 'Choueifat', 'images\\Faten Abozour.png', '2025-02-24 22:00:00', '2025-02-24 22:00:00', 7, NULL, NULL, NULL, NULL, NULL, NULL, NULL, '2000-02-25'),
(15, 'Haydar Fakhreddine', 11, 'Team Member', 1, NULL, 'Single', NULL, NULL, NULL, '2024-08-21', '2837', 'haydarfahreddine051@gmail.com', '71-440732', 'Moto', 'Msaytbeh ', 'images\\Haydar Fakhreddine.png', '2025-02-24 22:00:00', '2025-02-24 22:00:00', 1, NULL, NULL, NULL, NULL, NULL, NULL, NULL, '2006-06-27'),
(16, 'Pressica Joudieh', 11, 'Junior Cashier', 1, NULL, 'Single', NULL, NULL, NULL, '2024-07-04', '2186', 'pressicajoudieh@gmail.com', '70 361448', 'No', 'Aley', 'images\\Pressica Joudieh.png', '2025-02-24 22:00:00', '2025-02-24 22:00:00', 7, NULL, NULL, NULL, NULL, NULL, NULL, NULL, '2003-04-09'),
(17, 'Abed El Karim Masri', 11, 'Team Member', 1, NULL, 'Single', NULL, NULL, NULL, '2024-07-03', '1583', 'Abed.masrii1212@gmail.com', '71-317619', 'No', 'Sanayeh', 'images\\Abed El Karim Masri.png', '2025-02-24 22:00:00', '2025-02-24 22:00:00', 1, NULL, NULL, NULL, NULL, NULL, NULL, NULL, '1999-04-17'),
(18, 'Ziad Sakr', 11, 'Team Member', 1, NULL, 'Single', NULL, NULL, NULL, '2024-03-18', '2239', 'zeiadsakr83@gmail.com', '71-193628', 'No', 'Choueifat', 'images\\Ziad Sakr.png', '2025-02-24 22:00:00', '2025-02-24 22:00:00', 6, NULL, NULL, NULL, NULL, NULL, NULL, NULL, '2005-07-16'),
(19, 'Ahmad Kharoub', 11, 'Junior Services', 1, NULL, 'Single', NULL, NULL, NULL, '2023-08-04', '2659', 'hamada1552004@gmail.com', '71-203770', 'No', 'Choueifat', 'images\\ahmad kharoub.png', '2025-02-24 22:00:00', '2025-02-24 22:00:00', 1, NULL, NULL, NULL, NULL, NULL, NULL, NULL, '2004-05-15'),
(20, 'Ahmad Habhab', 11, 'Team Member', 1, NULL, 'Single', NULL, NULL, NULL, '2024-07-05', '1422', 'habhabahmad551@gmail.com', '76-723886', 'No', 'Salim Slem', 'images\\Ahmad Habhab.png', '2025-02-24 22:00:00', '2025-02-24 22:00:00', 4, NULL, NULL, NULL, NULL, NULL, NULL, NULL, '2005-10-13'),
(21, 'Mazen Halabi', 11, 'Team Member', 1, NULL, 'Single', NULL, NULL, NULL, '2024-12-02', '1014', 'mazennhalabi@gmail.com', '71-257982', 'No', 'Aramoun', 'images\\Default.jpg', '2025-02-24 22:00:00', '2025-02-24 22:00:00', 3, NULL, NULL, NULL, NULL, NULL, NULL, NULL, '2001-05-05'),
(22, 'Ourabi Fayed', 22, 'Manager', 1, NULL, 'Married', NULL, NULL, NULL, '2005-07-01', '135', 'ourabi.fayed@gmail.com', '70790941', 'Yes', 'Mazraa', 'images\\Ourabi Fayed.png', '2025-02-24 22:00:00', '2025-02-24 22:00:00', 20, NULL, NULL, NULL, NULL, NULL, NULL, NULL, '1974-07-17'),
(23, 'Rawana Deeb', 22, 'Senior Supervisor', 1, NULL, 'Single', NULL, NULL, NULL, '2020-10-01', '2819', 'rawanadeebb@gmail.com', '71 782 501', 'Yes', 'Baabda', 'images\\Rawana Deeb.png', '2025-02-24 22:00:00', '2025-02-24 22:00:00', 20, NULL, NULL, NULL, NULL, NULL, NULL, NULL, '1999-12-15'),
(24, 'Firas Khair El Deen', 22, 'Representative', 1, NULL, 'Single', NULL, NULL, NULL, '2015-11-03', '2485', 'firask.deen@gmail.com', '03/007390', 'Yes', 'Hadath', 'images\\Firas Khair El Deen.png', '2025-02-24 22:00:00', '2025-02-25 16:39:00', 2, NULL, NULL, NULL, NULL, NULL, NULL, NULL, '1990-01-01'),
(25, 'Paul Kazan', 22, 'Representative', 1, NULL, 'Single', NULL, NULL, NULL, '2013-12-02', '2120', 'Kazanpaul20@gmail.com', '70-615082', 'Yes', 'Achrafieh ', 'images\\Paul Kazan.png', '2025-02-24 22:00:00', '2025-02-24 22:00:00', 2, NULL, NULL, NULL, NULL, NULL, NULL, NULL, '1981-12-27'),
(26, 'Farah Abdel Khalek', 22, 'Senior Supporter', 1, NULL, 'Single', NULL, NULL, NULL, '2023-04-04', '2172', 'akfarah85@gmail.com', '76-435091', 'No', 'Majdel Baana', 'images\\Farah Abdel Khalek.png', '2025-02-24 22:00:00', '2025-02-24 22:00:00', 7, NULL, NULL, NULL, NULL, NULL, NULL, NULL, '1999-08-11'),
(27, 'Omar Al Barakeh', 22, 'Back Office', 1, NULL, 'Single', NULL, NULL, NULL, '2017-03-21', '2694', 'Oalbarakeh3@gmail.com', '70-048717', 'Moto', 'Tarik Jdideh ', 'images\\Omar Al Barakeh.png', '2025-02-24 22:00:00', '2025-02-25 16:40:00', 8, NULL, NULL, NULL, NULL, NULL, NULL, NULL, '1993-05-07'),
(28, 'Fadia Yassine', 67, 'Supporter', 1, NULL, 'Single', NULL, NULL, NULL, '2023-08-30', '2814', 'fadia.yassine.1@icloud.com', '70-022469', 'No', 'Tayouneh', 'images\\Fadia Yassine.png', '2025-02-24 22:00:00', '2025-02-26 06:20:00', 4, NULL, NULL, NULL, NULL, NULL, NULL, NULL, '2001-03-07'),
(29, 'Abbas Maaz', 22, 'Team Member', 1, NULL, 'Single', NULL, NULL, NULL, '2023-09-11', '1519', 'abbbasmaaz@gmail.com', '71-136689', 'Moto', 'Mreiji', 'images\\abbas maaz.png', '2025-02-24 22:00:00', '2025-02-24 22:00:00', 1, NULL, NULL, NULL, NULL, NULL, NULL, NULL, '1996-03-29'),
(30, 'Ahmad Watwat', 22, 'Senior Supporter', 1, NULL, 'Single', NULL, NULL, NULL, '2022-08-09', '1447', 'ahmadwatwat000@gmail.com', '81 639 246', 'No', 'Dinnawi', 'images\\ahmad watwat.png', '2025-02-24 22:00:00', '2025-02-24 22:00:00', 3, NULL, NULL, NULL, NULL, NULL, NULL, NULL, '2003-01-06'),
(31, 'Nayroun Ghallab', 22, 'Team Member', 1, NULL, 'Single', NULL, NULL, NULL, '2024-09-16', '2729', 'nayrounhallab816@gmail.com', '76-648342', 'No', 'Kfarmatta', 'images\\Nayroun Ghallab.png', '2025-02-24 22:00:00', '2025-02-24 22:00:00', 1, NULL, NULL, NULL, NULL, NULL, NULL, NULL, '2005-12-08'),
(32, 'Pamela Chebly', 22, 'Team Member', 1, NULL, 'Single', NULL, NULL, NULL, '2024-09-06', '1463', 'pamochebly@gmail.com', '81-758602', 'No', 'Ein El Remmeneh', 'images\\Pamela Chebly.png', '2025-02-24 22:00:00', '2025-02-24 22:00:00', 5, NULL, NULL, NULL, NULL, NULL, NULL, NULL, '1997-08-11'),
(33, 'Imad Yousef', 22, 'Team Member', 1, NULL, 'Single', NULL, NULL, NULL, '2023-05-09', '2453', 'imadyssf77@gmail.com', '81 611 756', 'No', 'Sawfar', 'images\\imad yousef.png', '2025-02-24 22:00:00', '2025-02-24 22:00:00', 1, NULL, NULL, NULL, NULL, NULL, NULL, NULL, '2002-06-08'),
(34, 'Aline Al Dassouki', 22, 'Team Member', 1, NULL, 'Single', NULL, NULL, NULL, '2024-02-13', '1376', 'alinedassouki4@gmail.com', '76-838279', 'No', 'Madini Riyadiyi ', 'images\\Aline Al Dassouki.png', '2025-02-24 22:00:00', '2025-02-24 22:00:00', 7, NULL, NULL, NULL, NULL, NULL, NULL, NULL, '2004-05-24'),
(35, 'Mohamad Dia', 22, 'Supporter', 1, NULL, 'Single', NULL, NULL, NULL, '2023-12-09', '1341', 'diamohamad111@gmail.com', '71-595145', 'Moto', 'Bir Hassan', 'images\\Mohamad Dia.png', '2025-02-24 22:00:00', '2025-02-24 22:00:00', 1, NULL, NULL, NULL, NULL, NULL, NULL, NULL, '2000-10-01'),
(36, 'Ahmad Karim Tlais', 22, 'Team Member', 1, NULL, 'Single', NULL, NULL, NULL, '2024-09-11', '2076', 'ahmadkarimtlais@gmail.com', '81-818652', 'Yes', 'Jamhour', 'images\\Ahmad Karim Tlais.png', '2025-02-24 22:00:00', '2025-02-24 22:00:00', 4, NULL, NULL, NULL, NULL, NULL, NULL, NULL, '2005-10-25'),
(37, 'Nazik Baddereddine', 51, 'Supervisor', 1, NULL, 'Married', NULL, NULL, NULL, '2015-12-30', '2503', 'nano1989am@gmail.com', '03-188253', 'Yes', 'Rihab', 'images\\nazik baddereddine.png', '2025-02-24 22:00:00', '2025-02-25 16:40:00', 20, NULL, NULL, NULL, NULL, NULL, NULL, NULL, '1989-05-04'),
(38, 'Hadi Majed', 51, 'Supporter', 1, NULL, 'Single', NULL, NULL, NULL, '2023-11-28', '1134', 'hadimajed273@gmail.com', '', 'Moto', '', 'images\\hadi majed.png', '2025-02-24 22:00:00', '2025-02-24 22:00:00', 1, NULL, NULL, NULL, NULL, NULL, NULL, NULL, '2000-08-30'),
(39, 'Mohamad Al Eter', 26, 'Manager', 1, NULL, 'Married', NULL, NULL, NULL, '2008-06-18', '1060', 'eter.mohammad@gmail.com', '76100031', 'Yes', '', 'images/67be119f297c6.png', '2025-02-24 22:00:00', '2025-02-25 16:53:00', 20, NULL, NULL, NULL, NULL, NULL, NULL, NULL, '1984-12-07'),
(40, 'Alaa Abdul Khalik', 26, 'Specialist', 1, NULL, 'Married', NULL, NULL, NULL, '2018-06-05', '2763', 'abedalkhalekalaa@gmail.com', '70/736793', 'No', 'Aramoun ', 'images\\Alaa Abdul Khalik.png', '2025-02-24 22:00:00', '2025-02-25 16:40:00', 3, NULL, NULL, NULL, NULL, NULL, NULL, NULL, '1998-11-17'),
(41, 'Rawan Al Mir', 26, 'Supporter', 1, NULL, 'Single', NULL, NULL, NULL, '2023-01-11', '2257', 'rawan.elmir@icloud.com', '71-312392', 'No', 'Cornishe Al Mazraa', 'images\\Rawan Al Mir.png', '2025-02-24 22:00:00', '2025-03-07 12:54:00', 5, NULL, NULL, NULL, NULL, NULL, NULL, NULL, '2000-12-15'),
(42, 'Farah Haidar', 26, 'Team Member', 1, NULL, 'Single', NULL, NULL, NULL, '2024-08-08', '1384', 'farahhaidar56@gmail.com', '71-254235', 'No', 'Mejdlaya', 'images\\farah haidar.png', '2025-02-24 22:00:00', '2025-02-24 22:00:00', 7, NULL, NULL, NULL, NULL, NULL, NULL, NULL, '2003-11-12'),
(43, 'Khaled Al Hafi', 26, 'Supporter', 1, NULL, 'Single', NULL, NULL, NULL, '2023-05-01', '2427', 'hafikhaled0@gmail.com', '76-140542', 'Yes', 'Aramoun', 'images\\Khaled Al Hafi.png', '2025-02-24 22:00:00', '2025-02-24 22:00:00', 3, NULL, NULL, NULL, NULL, NULL, NULL, NULL, '2002-02-14'),
(44, 'Gia Mkahal', 26, 'Supporter', 1, NULL, 'Single', NULL, NULL, NULL, '2023-01-10', '2243', 'giamkahal@icloud.com', '81-036915', 'No', 'Dahye', 'images\\Gia Mkahal.png', '2025-02-24 22:00:00', '2025-02-24 22:00:00', 7, NULL, NULL, NULL, NULL, NULL, NULL, NULL, '2002-08-22'),
(45, 'Jihad Fakher', 69, 'Specialist', 1, NULL, 'Married', NULL, NULL, NULL, '1996-01-04', '177', 'jihadmfakher@gmail.com', '71 941 793', 'No', 'Batloun', 'images\\jihad fakher.png', '2025-02-24 22:00:00', '2025-02-24 22:00:00', 9, NULL, NULL, NULL, NULL, NULL, NULL, NULL, '1958-05-12'),
(46, 'Mahasen Rizk', 69, 'Representative', 1, NULL, 'Single', NULL, NULL, NULL, '2015-10-13', '2480', 'mimonrizk@gmail.com', '78-811716', 'No', 'Msaytbeh', 'images\\Mahasen Rizk.png', '2025-02-24 22:00:00', '2025-03-04 11:43:00', 9, NULL, NULL, NULL, NULL, NULL, NULL, NULL, '1994-06-05'),
(47, 'Hussien Daiss', 30, 'Senior Officer', 1, NULL, 'Married', NULL, NULL, NULL, '2011-06-11', '1779', 'husseindaiss@gmail.com', '70652332', 'Yes', 'Airport Road', 'images\\Hussien Daiss.png', '2025-02-24 22:00:00', '2025-02-24 22:00:00', 20, NULL, NULL, NULL, NULL, NULL, NULL, NULL, '1991-09-06'),
(48, 'Ibrahim Akkari', 30, 'Specialist', 1, NULL, 'Single', NULL, NULL, NULL, '2019-05-01', '2360', 'Ibrahimakkari097@gmail.com', '78869076', 'Moto', 'Khaldeh', 'images\\Ibrahim Akkari.png', '2025-02-24 22:00:00', '2025-02-24 22:00:00', 3, NULL, NULL, NULL, NULL, NULL, NULL, NULL, '1997-02-19'),
(49, 'Omar Faraj', 30, 'Senior Supporter', 1, NULL, 'Single', NULL, NULL, NULL, '2024-01-22', '1183', 'Omar.zolfe@gmail.com', '03-097657', 'Moto', 'Kaskas', 'images\\Omar Faraj.png', '2025-02-24 22:00:00', '2025-02-24 22:00:00', 3, NULL, NULL, NULL, NULL, NULL, NULL, NULL, '1993-03-16'),
(455, 'Wael Chamandi', 73, 'Senior Manager', 1, NULL, NULL, NULL, NULL, NULL, '2006-10-10', 'testwael', 'alchamandi@gmail.com', '+961 3 016 381', 'Yes', 'Beirut', 'images/67c6c1cbcd982.jpg', '2025-03-04 07:03:00', '2025-03-04 07:04:00', 20, NULL, NULL, NULL, NULL, NULL, NULL, NULL, NULL),
(51, 'Nadine Faysal', 30, 'Team Member', 1, NULL, 'Single', NULL, NULL, NULL, '2024-07-04', '2034', 'nadinefaisal53@gmail.com', '81 932191', 'No', 'Ain Dara', 'images\\Nadine Faysal.png', '2025-02-24 22:00:00', '2025-02-24 22:00:00', 7, NULL, NULL, NULL, NULL, NULL, NULL, NULL, '2000-02-02'),
(52, 'Loulwa Koronfol', 30, 'Team Member', 1, NULL, 'Single', NULL, NULL, NULL, '2024-11-27', '1390', 'l.kronful@gmail.com', '71-206426', 'No', 'Tarik Al Jdideh', 'images\\loulwa koronfol.png', '2025-02-24 22:00:00', '2025-02-24 22:00:00', 4, NULL, NULL, NULL, NULL, NULL, NULL, NULL, '2003-06-09'),
(53, 'Ahmad Dgheim', 30, 'Team Member', 1, NULL, 'Single', NULL, NULL, NULL, '2024-08-21', '1321', 'ahmaddgheim3@gmail.com', '70-739145', 'No', 'Mokhayam L Borj', 'images\\ahmad dgheim.png', '2025-02-24 22:00:00', '2025-02-24 22:00:00', 1, NULL, NULL, NULL, NULL, NULL, NULL, NULL, '2001-05-18'),
(54, 'Ali Wehbe', 30, 'Team Member', 1, NULL, 'Single', NULL, NULL, NULL, '2024-07-12', '1283', 'aliwehbe2021@gmail.com', '81 823031', 'Moto', 'Basta', 'images\\Ali Wehbe.png', '2025-02-24 22:00:00', '2025-02-24 22:00:00', 7, NULL, NULL, NULL, NULL, NULL, NULL, NULL, '2002-10-03'),
(55, 'Mohamad Eido', 30, 'Team Member', 1, NULL, 'Single', NULL, NULL, NULL, '2024-07-05', '2027', 'mhmdeido@gmail.com', '81-801730', 'Moto', 'Ras Al Nabea', 'images\\Mohamad Eido.png', '2025-02-24 22:00:00', '2025-02-24 22:00:00', 4, NULL, NULL, NULL, NULL, NULL, NULL, NULL, '2006-02-11'),
(56, 'Ali Awwad', 30, 'Team Member', 1, NULL, 'Single', NULL, NULL, NULL, '2024-06-27', '2827', 'Ricokhoury63@gmail.com', '81-357897', 'No', 'Burj Al Barajneh', 'images\\Default.jpg', '2025-02-24 22:00:00', '2025-02-24 22:00:00', 1, NULL, NULL, NULL, NULL, NULL, NULL, NULL, '2002-01-29'),
(57, 'Marwan Barakat', 21, 'Officer', 1, NULL, 'Single', NULL, NULL, NULL, '2023-05-17', '2493', 'mrnbarakatt@gmail.com', '', 'Moto', '', 'images\\Marwan Barakat.png', '2025-02-24 22:00:00', '2025-02-24 22:00:00', 20, NULL, NULL, NULL, NULL, NULL, NULL, NULL, '1995-11-16'),
(58, 'Maya Khodor', 21, 'Coordinator', 1, NULL, 'Single', NULL, NULL, NULL, '2015-07-23', '2430', 'Maya.khodor303@gmail.com', '71-326113', 'No', 'Kabreshmoun', 'images\\Maya Khodor.png', '2025-02-24 22:00:00', '2025-02-24 22:00:00', 2, NULL, NULL, NULL, NULL, NULL, NULL, NULL, '1991-08-30'),
(59, 'Ihab Timani', 21, 'Supervisor', 1, NULL, 'Single', NULL, NULL, NULL, '2023-02-08', '2315', 'ihabtimani@hotmail.com', '70-008795', 'Yes', 'Aley', 'images\\Ihab Timani.png', '2025-02-24 22:00:00', '2025-02-24 22:00:00', 20, NULL, NULL, NULL, NULL, NULL, NULL, NULL, '1992-03-29'),
(60, 'Rania Abi Ghannam', 21, 'Specialist', 1, NULL, 'Single', NULL, NULL, NULL, '2010-12-21', '1676', 'ranialife25@gmail.com', '71-019892', 'No', 'Aramoun', 'images\\Rania Abi Ghannam.png', '2025-02-24 22:00:00', '2025-02-24 22:00:00', 7, NULL, NULL, NULL, NULL, NULL, NULL, NULL, '1981-02-25'),
(61, 'Rim Al Mounla', 21, 'Specialist ', 1, NULL, 'Single', NULL, NULL, NULL, '2023-01-01', '1469', 'Rimmounla129@gmail.com', '76-661573', 'No', 'Bchamoun', 'images\\Rim Al Mounla.png', '2025-02-24 22:00:00', '2025-02-24 22:00:00', 3, NULL, NULL, NULL, NULL, NULL, NULL, NULL, '1999-05-06'),
(62, 'Hanin Mekkawi', 21, 'Senior Supporter', 1, NULL, 'Single', NULL, NULL, NULL, '2022-04-01', '2035', 'hanin.mekkawi18@gmail.com', '76-634931', 'No', 'Aramoun', 'images\\Hanin Mekkawi.png', '2025-02-24 22:00:00', '2025-02-24 22:00:00', 4, NULL, NULL, NULL, NULL, NULL, NULL, NULL, '2000-09-21'),
(64, 'Daniel Akaz', 21, 'Junior Services', 1, NULL, 'Single', NULL, NULL, NULL, '2022-11-02', '1981', 'danielakaz66@gmail.com', '76 169 109', 'No', 'Choueifat', 'images\\Daniel Akaz.png', '2025-02-24 22:00:00', '2025-02-24 22:00:00', 1, NULL, NULL, NULL, NULL, NULL, NULL, NULL, '2003-09-19'),
(65, 'Asya Ghonash', 21, 'Junior Stationery', 1, NULL, 'Single', NULL, NULL, NULL, '2024-02-09', '1395', 'asyaghonash001@gmail.com', '71-223700', 'No', 'Aramoun', 'images\\Asya Ghonash.png', '2025-02-24 22:00:00', '2025-02-24 22:00:00', 4, NULL, NULL, NULL, NULL, NULL, NULL, NULL, '1999-12-06'),
(66, 'Jana Kahwaji', 21, 'Senior Supporter', 1, NULL, 'Single', NULL, NULL, NULL, '2021-08-31', '1420', 'janakahwaji123@gmail.com', '76-402083', 'No', 'Bchamoun', 'images\\Jana Kahwaji.png', '2025-02-24 22:00:00', '2025-02-24 22:00:00', 7, NULL, NULL, NULL, NULL, NULL, NULL, NULL, '2001-09-14'),
(67, 'Nour Al Deeb', 21, 'Supporter', 1, NULL, 'Single', NULL, NULL, NULL, '2023-02-21', '2303', 'ndeeb8623@gmail.com', '70-762005', 'No', 'Basatin', 'images\\Nour Al Deeb.png', '2025-02-24 22:00:00', '2025-02-24 22:00:00', 3, NULL, NULL, NULL, NULL, NULL, NULL, NULL, '1997-05-16'),
(68, 'Hussein Abbas', 42, 'Senior Officer', 1, NULL, 'Married', NULL, NULL, NULL, '2002-05-14', '106', 'Husseinabbas008@gmail.com', '71167089', 'Yes', 'Haret hreik', 'images\\Hussein Abbas.png', '2025-02-24 22:00:00', '2025-02-24 22:00:00', 20, NULL, NULL, NULL, NULL, NULL, NULL, NULL, '1979-02-21'),
(69, 'Roy Merhej', 42, 'Senior Supervisor', 1, NULL, 'Single', NULL, NULL, NULL, '2018-04-12', '1370', 'Roy-merhej@hotmail.com', '71/245730', 'No', 'Mansourieh ', 'images\\Roy Merhej.png', '2025-02-24 22:00:00', '2025-02-25 16:41:00', 20, NULL, NULL, NULL, NULL, NULL, NULL, NULL, '1999-09-12'),
(70, 'Saaddine Hachem', 42, 'Senior Supporter', 1, NULL, 'Single', NULL, NULL, NULL, '2016-12-07', '2641', 'saadhm990@gmail.com', '71-319851', 'Moto', 'Tarik Jdideh ', 'images\\Saaddine Hachem.png', '2025-02-24 22:00:00', '2025-02-25 16:47:00', 3, NULL, NULL, NULL, NULL, NULL, NULL, NULL, '1996-01-08'),
(71, 'Hanin Ismail', 42, 'Junior Cashier', 1, NULL, 'Single', NULL, NULL, NULL, '2023-04-14', '2428', 'haninismail875@gmail.com', '81-843890', 'No', 'Sarahmoul', 'images\\Hanin Ismail.png', '2025-02-24 22:00:00', '2025-02-24 22:00:00', 7, NULL, NULL, NULL, NULL, NULL, NULL, NULL, '1996-11-11'),
(72, 'Lewaa Ghraizy', 42, 'Supporter', 1, NULL, 'Single', NULL, NULL, NULL, '2023-05-01', '2432', 'lewaa300@gmail.com', '71-822664', 'Yes', 'Btater/Aley', 'images\\Lewaa Ghraizy.png', '2025-02-24 22:00:00', '2025-02-24 22:00:00', 3, NULL, NULL, NULL, NULL, NULL, NULL, NULL, '2002-05-22'),
(73, 'Abir Hareb', 42, 'Senior Supporter', 1, NULL, 'Single', NULL, NULL, NULL, '2022-07-20', '1534', 'hareb.abirr@gmail.com', '71-547057', 'No', 'Tahwit Al Ghadir', 'images\\Abir Hareb.png', '2025-02-24 22:00:00', '2025-02-24 22:00:00', 4, NULL, NULL, NULL, NULL, NULL, NULL, NULL, '1999-10-20'),
(74, 'Rasha Hmadi', 42, 'Team Member', 1, NULL, 'Single', NULL, NULL, NULL, '2024-08-17', '1172', 'hmadirasha25@gmail.com', '76-094105', 'Moto', 'Mrayji', 'images/67be11eea3ec2.png', '2025-02-24 22:00:00', '2025-02-25 16:54:00', 5, NULL, NULL, NULL, NULL, NULL, NULL, NULL, '2000-09-13'),
(75, 'Mohamad Banna', 42, 'Senior Supporter', 1, NULL, 'Single', NULL, NULL, NULL, '2022-07-20', '1529', 'bannamohamad1@gmail.com', '71-192941', 'Yes', 'Dahieh', 'images\\Mohamad Banna.png', '2025-02-24 22:00:00', '2025-02-24 22:00:00', 6, NULL, NULL, NULL, NULL, NULL, NULL, NULL, '1998-11-14'),
(76, 'Mohamad Al Hout', 42, 'Supporter', 1, NULL, 'Single', NULL, NULL, NULL, '2023-03-30', '2363', 'mhmdhout460@gmail.com', '78-831785', 'Moto', 'Burj Abi Haidar', 'images\\Mohamad Al Hout.png', '2025-02-24 22:00:00', '2025-02-24 22:00:00', 4, NULL, NULL, NULL, NULL, NULL, NULL, NULL, '2003-01-21'),
(77, 'Mohamad Ghsein', 42, 'Junior Cashier', 1, NULL, 'Single', NULL, NULL, NULL, '2023-07-08', '2647', 'mjghsein@gmail.com', '78-823997', 'No', 'Mcharafieh', 'images\\Mohamad Ghsein.png', '2025-02-24 22:00:00', '2025-02-24 22:00:00', 7, NULL, NULL, NULL, NULL, NULL, NULL, NULL, '2001-04-09'),
(78, 'Sara Mourawed', 42, 'Supporter', 1, NULL, 'Single', NULL, NULL, NULL, '2024-04-20', '1580', 'sarahmrawed@gmail.com', '78-952982', 'No', 'Baawerta', 'images\\Sara Mourawed.png', '2025-02-24 22:00:00', '2025-02-24 22:00:00', 3, NULL, NULL, NULL, NULL, NULL, NULL, NULL, '2004-03-26'),
(79, 'Ali Mechref', 42, 'Team Member', 1, NULL, 'Single', NULL, NULL, NULL, '2024-06-12', '1006', 'alimechrif@gmail.com', '76-195897', 'Moto', 'Basta Al Tahta', 'images\\Ali Mechref.png', '2025-02-24 22:00:00', '2025-02-24 22:00:00', 4, NULL, NULL, NULL, NULL, NULL, NULL, NULL, '1993-03-05'),
(80, 'Fadi Khodari', 20, 'Officer', 1, NULL, 'Married', NULL, NULL, NULL, '2018-09-27', '2813', 'khodarifadi5@gmail.com', '70/103289', 'Yes', 'Barja ', 'images\\Fadi Khodari.png', '2025-02-24 22:00:00', '2025-02-24 22:00:00', 20, NULL, NULL, NULL, NULL, NULL, NULL, NULL, '1985-09-05'),
(81, 'Omar Aslan', 20, 'Supervisor', 1, NULL, 'Single', NULL, NULL, NULL, '2018-10-07', '2822', 'aslan.omar96@gmail.com', '76/095750', 'No', 'Tarik Jdideh ', 'images\\Omar Aslan.png', '2025-02-24 22:00:00', '2025-02-24 22:00:00', 20, NULL, NULL, NULL, NULL, NULL, NULL, NULL, '1996-01-09'),
(82, 'Ahmad Hamdar', 20, 'Senior Supporter', 1, NULL, 'Single', NULL, NULL, NULL, '2022-12-09', '2625', 'ahmadhamdar123@outlook.com', '76-172830', 'Moto', 'Haret Hreik', 'images\\Ahmad Hamdar.png', '2025-02-24 22:00:00', '2025-02-24 22:00:00', 3, NULL, NULL, NULL, NULL, NULL, NULL, NULL, '1997-12-19'),
(83, 'Garine Topeyan', 20, 'Team Member', 1, NULL, 'Single', NULL, NULL, NULL, '2023-09-09', '2820', 'topeyangarine8@gmail.com', '81-161077', 'No', 'Dawra', 'images\\Garine Topeyan.png', '2025-02-24 22:00:00', '2025-02-24 22:00:00', 7, NULL, NULL, NULL, NULL, NULL, NULL, NULL, '2000-01-25'),
(84, 'Sophie Milane', 20, 'Supporter', 1, NULL, 'Single', NULL, NULL, NULL, '2023-08-03', '2662', 'sophie.milane1@gmail.com', '03-005407', 'No', 'Jdeideh', 'images\\Sophie Milane.png', '2025-02-24 22:00:00', '2025-02-24 22:00:00', 3, NULL, NULL, NULL, NULL, NULL, NULL, NULL, '2000-11-16'),
(85, 'Elie Ghantous', 20, 'Team Member', 1, NULL, 'Single', NULL, NULL, NULL, '2024-02-13', '2851', 'elieghantous8@gmail.com', '81-329351', 'No', 'Burj Hammoud ', 'images\\Elie Ghantous.png', '2025-02-24 22:00:00', '2025-02-24 22:00:00', 1, NULL, NULL, NULL, NULL, NULL, NULL, NULL, '2004-02-02'),
(86, 'Anthony Khoury', 20, 'Supporter', 1, NULL, 'Single', NULL, NULL, NULL, '2023-07-07', '2589', 'Anthonykhoury04@hotmail.com', '81-427862', 'No', 'Jdeideh', 'images\\Anthony Khoury.png', '2025-02-24 22:00:00', '2025-02-24 22:00:00', 7, NULL, NULL, NULL, NULL, NULL, NULL, NULL, '2004-04-16'),
(87, 'Richard Rizk', 20, 'Team Member', 1, NULL, 'Single', NULL, NULL, NULL, '2024-01-15', '1119', 'rrizk1234@gmail.com', '76-402444', 'Yes', 'Awkar', 'images\\Richard Rizk.png', '2025-02-24 22:00:00', '2025-02-24 22:00:00', 4, NULL, NULL, NULL, NULL, NULL, NULL, NULL, '1997-09-25'),
(88, 'John Tannoury', 20, 'Team Member', 1, NULL, 'Single', NULL, NULL, NULL, '2024-08-16', '1229', 'johntannouri@gmail.com', '', 'Moto', '', 'images\\John Tannoury.png', '2025-02-24 22:00:00', '2025-02-24 22:00:00', 1, NULL, NULL, NULL, NULL, NULL, NULL, NULL, '2006-05-26'),
(89, 'Chady Nassour', 38, 'Senior Supervisor', 1, NULL, 'Married', NULL, NULL, NULL, '2016-09-22', '2603', 'Shadynassour@gmail.com', '3635049', 'Yes', 'Mrayji', 'images\\Chady Nassour.png', '2025-02-24 22:00:00', '2025-02-25 16:42:00', 20, NULL, NULL, NULL, NULL, NULL, NULL, NULL, '1980-06-09'),
(90, 'Ahmad Attieh', 38, 'Representative', 1, NULL, 'Single', NULL, NULL, NULL, '2021-07-17', '2016', 'ahmad.atieh43@gmail.com', '03-541886', 'No', 'Aramoun ', 'images\\ahmad attieh.png', '2025-02-24 22:00:00', '2025-02-24 22:00:00', 3, NULL, NULL, NULL, NULL, NULL, NULL, NULL, '1995-06-05'),
(91, 'Shadi Mrad', 38, 'Senior Supporter', 1, NULL, 'Single', NULL, NULL, NULL, '2022-10-11', '1897', 'shadimrad275@gmail.com', '70-273255', 'Yes', 'Bchamoun', 'images\\shadi mrad.png', '2025-02-24 22:00:00', '2025-02-24 22:00:00', 4, NULL, NULL, NULL, NULL, NULL, NULL, NULL, '1996-09-27'),
(92, 'Harout Kojanian', 38, 'Senior Supporter', 1, NULL, 'Single', NULL, NULL, NULL, '2007-03-31', '860', 'haroutkojanian@gmail.com', '03-845386', 'No', 'Zalka', 'images\\Harout Kojanian.png', '2025-02-24 22:00:00', '2025-02-24 22:00:00', 1, NULL, NULL, NULL, NULL, NULL, NULL, NULL, '1975-03-21'),
(93, 'Diana Zeidan', 38, 'Team Member', 1, NULL, 'Single', NULL, NULL, NULL, '2024-09-11', '1659', 'dianasir225@gmail.com', '71-166741', 'Yes', 'Araya', 'images\\Diana Zeidan.png', '2025-02-24 22:00:00', '2025-02-24 22:00:00', 7, NULL, NULL, NULL, NULL, NULL, NULL, NULL, '1997-01-10'),
(94, 'Bassel Malaeb', 38, 'Supporter', 1, NULL, 'Married', NULL, NULL, NULL, '2024-07-04', '2253', 'bassel.mlb2@gmail.com', '70-018910', 'Yes', 'Baysoor', 'images\\Bassel Malaeb.png', '2025-02-24 22:00:00', '2025-02-24 22:00:00', 11, NULL, NULL, NULL, NULL, NULL, NULL, NULL, '1991-05-04'),
(95, 'Zeina Joudieh', 29, 'Officer', 1, NULL, 'Married', NULL, NULL, NULL, '2022-04-12', '1414', 'zjoudieh@gmail.com', '71-361569', 'No', 'TBA', 'images\\zeina joudieh.png', '2025-02-24 22:00:00', '2025-02-24 22:00:00', 20, NULL, NULL, NULL, NULL, NULL, NULL, NULL, '1980-10-30'),
(96, 'Rabih Matar', 29, 'Senior Graphic Designer', 1, NULL, 'Single', NULL, NULL, NULL, '2010-11-01', '1646', 'mattarrabih@gmail.com', '71-193613', 'Yes', 'Mejdlaya', 'images\\rabih matar.png', '2025-02-24 22:00:00', '2025-02-24 22:00:00', 2, NULL, NULL, NULL, NULL, NULL, NULL, NULL, '1983-11-15'),
(97, 'Roger Orfaly', 29, 'Senior Supporter', 1, NULL, 'Single', NULL, NULL, NULL, '2024-03-15', '1622', 'rogerorfali2022@gmail.com', '81-946061', 'Yes', 'Jiyeh', 'images\\Roger Orfaly.png', '2025-02-24 22:00:00', '2025-02-24 22:00:00', 3, NULL, NULL, NULL, NULL, NULL, NULL, NULL, '2001-05-26'),
(98, 'Samah Yassin', 29, 'Senior Supporter', 1, NULL, 'Single', NULL, NULL, NULL, '2021-10-13', '2524', 'Sisi.mumu.yassine@gmail.com', '70-949861', 'No', 'Ouzai', 'images\\samah yassin.png', '2025-02-24 22:00:00', '2025-02-24 22:00:00', 7, NULL, NULL, NULL, NULL, NULL, NULL, NULL, '1992-04-17'),
(99, 'Ali Issa', 29, 'Senior Supporter', 1, NULL, 'Single', NULL, NULL, NULL, '2024-07-03', '2762', 'Ali_1998@mail.com', '81 780890', 'Moto', 'Ghobeiry', 'images\\Ali Issa.png', '2025-02-24 22:00:00', '2025-02-24 22:00:00', 3, NULL, NULL, NULL, NULL, NULL, NULL, NULL, '1998-12-06'),
(100, 'Hussein Wehbi', 29, 'Supporter', 1, NULL, 'Single', NULL, NULL, NULL, '2023-08-26', '2204', 'husseinwehbe39@gmail.com', '03-048731', 'Moto', 'mreiji', 'images\\hussein wehbi.png', '2025-02-24 22:00:00', '2025-02-24 22:00:00', 1, NULL, NULL, NULL, NULL, NULL, NULL, NULL, '1990-04-29'),
(101, 'Wael Haidar', 29, 'Senior Supporter', 1, NULL, 'Married', NULL, NULL, NULL, '2005-10-25', '626', 'waelmhaydar@gmail.com', '70-120924', 'Moto', 'Choueifat', 'images\\wael haidar.png', '2025-02-24 22:00:00', '2025-02-24 22:00:00', 8, NULL, NULL, NULL, NULL, NULL, NULL, NULL, '1984-06-02'),
(102, 'Sara Harkous', 29, 'Supporter', 1, NULL, 'Single', NULL, NULL, NULL, '2022-05-04', '1441', 'Sara.harkous2017@gmail.com', '', 'Moto', '', 'images\\Sara Harkous.png', '2025-02-24 22:00:00', '2025-02-24 22:00:00', 4, NULL, NULL, NULL, NULL, NULL, NULL, NULL, '2000-09-27'),
(103, 'Ali Eido', 29, 'Team Leader', 1, NULL, 'Single', NULL, NULL, NULL, '2023-03-09', '2277', 'Www.alikil2329@gmail.com', '76-739193', 'Moto', 'Tarik Al Jdideh', 'images\\ali eido.png', '2025-02-24 22:00:00', '2025-02-24 22:00:00', 20, NULL, NULL, NULL, NULL, NULL, NULL, NULL, '2001-09-29'),
(104, 'Ahmad Charafeddine', 29, 'Supporter', 1, NULL, 'Single', NULL, NULL, NULL, '2022-10-11', '1949', 'Ahmadcharafdin2@gmail.com', '71-126803', 'No', 'Tahwit Al Ghadir', 'images\\ahmad charafeddine.png', '2025-02-24 22:00:00', '2025-02-24 22:00:00', 7, NULL, NULL, NULL, NULL, NULL, NULL, NULL, '2002-10-01'),
(105, 'Mohammad Nazzel', 29, 'Team Member', 1, NULL, 'Single', NULL, NULL, NULL, '2023-09-18', '2215', 'nazzelmohamad@icloud.com', '70-743183', 'No', 'Tahwit Al Ghadir', 'images/67be11b22b940.png', '2025-02-24 22:00:00', '2025-02-25 16:53:00', 1, NULL, NULL, NULL, NULL, NULL, NULL, NULL, '2002-07-07'),
(106, 'Ali Ayoub', 9, 'Executive', 1, NULL, 'Married', NULL, NULL, NULL, '2011-03-01', '1148', 'Ayoub-ali@live.com', '70705547', 'Yes', 'Dibbieh', 'images\\ali ayoub.png', '2025-02-24 22:00:00', '2025-02-28 04:50:00', 20, NULL, NULL, NULL, NULL, NULL, NULL, NULL, '1986-09-09'),
(107, 'Bahaa Hamadeh', 9, 'Senior Specialist', 1, NULL, 'Married', NULL, NULL, NULL, '2011-04-08', '1745', 'bahaahamadeh@gmail.com', '03-725979', 'Yes', 'Baakline', 'images\\bahaa hamadeh.png', '2025-02-24 22:00:00', '2025-02-24 22:00:00', 2, NULL, NULL, NULL, NULL, NULL, NULL, NULL, '1984-05-28'),
(108, 'Mostafa Rihan', 9, 'Specialist', 1, NULL, 'Single', NULL, NULL, NULL, '2021-10-07', '1832', 'mostafa_rihan12@hotmail.com', '71-532456', 'No', 'Dahye', 'images\\mostafa rihan.png', '2025-02-24 22:00:00', '2025-02-28 04:51:00', 2, NULL, NULL, NULL, NULL, NULL, NULL, NULL, '2001-01-13'),
(109, 'Bahaa Timani', 9, 'Representative', 1, NULL, 'Single', NULL, NULL, NULL, '2015-04-22', '2371', 'bahaaaltimany@gmail.com', '71-570196', 'NO', 'Aley', 'images\\bahaa timani.png', '2025-02-24 22:00:00', '2025-02-24 22:00:00', 3, NULL, NULL, NULL, NULL, NULL, NULL, NULL, '1992-05-27'),
(110, 'Khalil Jureidini', 9, 'Supporter', 1, NULL, 'Single', NULL, NULL, NULL, '1996-11-01', '151', 'Jureidini91@gmail.com', '03-286584', 'No', 'Ras Beirut', 'images/67be07bc73d9e.png', '2025-02-24 22:00:00', '2025-02-25 16:11:00', 1, NULL, NULL, NULL, NULL, NULL, NULL, NULL, '1973-04-08'),
(111, 'Razan Haidar', 9, 'Supporter', 1, NULL, 'Single', NULL, NULL, NULL, '2023-11-08', '2156', 'razannhaidarr@gmail.com', '76-959077', 'No', 'Dahieh', 'images\\razan haidar.png', '2025-02-24 22:00:00', '2025-02-24 22:00:00', 7, NULL, NULL, NULL, NULL, NULL, NULL, NULL, '2002-08-14'),
(112, 'Ziad Abbas', 9, 'Supporter', 1, NULL, 'Married', NULL, NULL, NULL, '2023-04-20', '1491', 'abo_samir840@hotmail.com', '70-922450', 'Moto', 'Tarik Al Jdideh', 'images\\ziad abbas.png', '2025-02-24 22:00:00', '2025-03-04 11:20:00', 8, NULL, NULL, NULL, NULL, NULL, NULL, NULL, '1983-09-20'),
(113, 'Nohad Tabbara', 9, 'Senior Supporter', 1, NULL, 'Single', NULL, NULL, NULL, '2023-11-24', '1259', 'Nohadtabbara78@gmail.com', '71-518715', 'Yes', 'Furn Al Chebak', 'images\\nohad tabbara.png', '2025-02-24 22:00:00', '2025-02-24 22:00:00', 11, NULL, NULL, NULL, NULL, NULL, NULL, NULL, '2001-01-12'),
(114, 'Abbas Zeineh', 9, 'Team Member', 1, NULL, 'Single', NULL, NULL, NULL, '2024-09-13', '2345', 'abbaszeineh@icloud.com', '70-899007', 'No', 'Nwayri', 'images\\Abbas Zeineh.png', '2025-02-24 22:00:00', '2025-03-04 10:43:00', 1, NULL, NULL, NULL, NULL, NULL, NULL, NULL, '1984-08-14'),
(115, 'Afif Raad', 9, 'Team Member', 1, NULL, 'Single', NULL, NULL, NULL, '2024-09-16', '2746', 'afifraad06@gmail.com', '76-943988', 'Moto', 'Ghbayri', 'images\\Afif Raad.png', '2025-02-24 22:00:00', '2025-02-24 22:00:00', 4, NULL, NULL, NULL, NULL, NULL, NULL, NULL, '2006-02-08'),
(116, 'Samia Buban', 23, 'Manager', 1, NULL, 'Married', NULL, NULL, NULL, '1999-10-06', '238', 'srbouban@gmail.com', '71/472429', 'No', 'Naameh', 'images\\Samia Buban.png', '2025-02-24 22:00:00', '2025-02-25 16:58:00', 20, NULL, NULL, NULL, NULL, NULL, NULL, NULL, '1967-07-21'),
(117, 'Yehya Rakka', 23, 'Senior Specialist', 1, NULL, 'Married', NULL, NULL, NULL, '1990-10-01', '105', 'rakkayehya@gmail.com', '70-825690', 'Yes', 'Ghoubairy', 'images\\Yehya Rakka.png', '2025-02-24 22:00:00', '2025-02-24 22:00:00', 1, NULL, NULL, NULL, NULL, NULL, NULL, NULL, '1970-02-19'),
(118, 'Rima Ghandoura', 23, 'Senior Supporter', 1, NULL, 'Single', NULL, NULL, NULL, '2024-05-14', '2538', 'Rimaghandoura99@gmail.com', '70-008135', 'No', 'Hadath', 'images\\Rima Ghandoura.png', '2025-02-24 22:00:00', '2025-02-24 22:00:00', 3, NULL, NULL, NULL, NULL, NULL, NULL, NULL, '2000-10-31'),
(119, 'Khodor Safsouf', 23, 'Senior Supporter', 1, NULL, 'Single', NULL, NULL, NULL, '2022-01-21', '1884', 'Khodor.safsouf.1998@gmail.com', '76-083311', 'No', 'Dibieh', 'images\\Khodor Safsouf.png', '2025-02-24 22:00:00', '2025-02-24 22:00:00', 3, NULL, NULL, NULL, NULL, NULL, NULL, NULL, '1998-04-03'),
(120, 'Hala Mokdad', 23, 'Junior Cashier', 1, NULL, 'Single', NULL, NULL, NULL, '2024-08-08', '2418', 'mano_89_2008@hotmail.com', '', 'No', '', 'images\\Hala Mokdad.png', '2025-02-24 22:00:00', '2025-02-24 22:00:00', 7, NULL, NULL, NULL, NULL, NULL, NULL, NULL, '1996-08-22'),
(121, 'Ousama Al Masri', 23, 'Team Leader', 1, NULL, 'Single', NULL, NULL, NULL, '2022-10-04', '1817', 'oussama.masri28@gmail.com', '70-764319', 'Moto', 'Kfarchima', 'images\\ousama al masri.png', '2025-02-24 22:00:00', '2025-02-24 22:00:00', 20, NULL, NULL, NULL, NULL, NULL, NULL, NULL, '2004-07-28'),
(122, 'Amir Ghraizi', 23, 'Senior Supporter', 1, NULL, 'Single', NULL, NULL, NULL, '2023-04-24', '2416', 'ghraiziamirr@gmail.com', '78-848101', 'No', 'Aley', 'images\\Amir Ghraizi.png', '2025-02-24 22:00:00', '2025-02-24 22:00:00', 3, NULL, NULL, NULL, NULL, NULL, NULL, NULL, '2002-05-29'),
(123, 'Cerine Hani', 23, 'Team Member', 1, NULL, NULL, NULL, NULL, NULL, '2024-05-16', '2853', 'sirine.haniii@gmail.com', '76-699641', 'No', 'Aley', 'images\\Cerine Hani.png', '2025-02-24 22:00:00', '2025-02-24 22:00:00', 4, NULL, NULL, NULL, NULL, NULL, NULL, NULL, NULL),
(124, 'Khaled Danaf', 23, 'Team Member', 1, NULL, 'Single', NULL, NULL, NULL, '2024-05-10', '2527', 'khaleddanaf03@gmail.com', '76-513461', 'Moto', 'Baalechmay', 'images\\Khaled Danaf.png', '2025-02-24 22:00:00', '2025-02-24 22:00:00', 1, NULL, NULL, NULL, NULL, NULL, NULL, NULL, '2002-07-28'),
(125, 'Faysal Al Saghir', 23, 'Supporter', 1, NULL, 'Single', NULL, NULL, NULL, '2022-08-09', '1435', 'faysalalsaghir65@gmail.com ', '76-602164', 'No', 'Khaldeh', 'images\\Faysal Al Saghir.png', '2025-02-24 22:00:00', '2025-02-24 22:00:00', 1, NULL, NULL, NULL, NULL, NULL, NULL, NULL, '2002-05-12'),
(126, 'Firas Chamas', 70, 'Team Member', 1, NULL, 'Single', NULL, NULL, NULL, '2024-06-05', '1950', 'firas.shamas@outlook.com', '76 853 522', 'Moto', 'Chiyah', 'images/67be1201bb9b7.png', '2025-02-24 22:00:00', '2025-02-25 16:54:00', 4, NULL, NULL, NULL, NULL, NULL, NULL, NULL, '2002-12-21'),
(127, 'Sayed Abboud', 71, 'Supporter', 1, NULL, 'Single', NULL, NULL, NULL, '2022-12-04', '2129', 'Sayedabboud453@gmail.com', '76-060705', 'Moto', 'Dawra', 'images\\Sayed Abboud.png', '2025-02-24 22:00:00', '2025-02-24 22:00:00', 4, NULL, NULL, NULL, NULL, NULL, NULL, NULL, '2003-09-19'),
(128, 'Majd Chbatt', 71, 'Team Member', 1, NULL, 'Single', NULL, NULL, NULL, '2024-06-22', '1536', 'shbattmajd@gmail.com', '81-836914', 'No', 'Jdeideh', 'images/67be120770896.png', '2025-02-24 22:00:00', '2025-02-25 16:55:00', 4, NULL, NULL, NULL, NULL, NULL, NULL, NULL, '2005-09-04'),
(129, 'Elie Azzi', 72, 'Supporter', 1, NULL, 'Single', NULL, NULL, NULL, '2021-05-18', '2618', 'elie96@outlook.com', '70 253 837', 'Yes', 'Ain Al Remmaneh', 'images\\Elie Azzi.png', '2025-02-24 22:00:00', '2025-02-24 22:00:00', 4, NULL, NULL, NULL, NULL, NULL, NULL, NULL, '1996-02-27'),
(130, 'Anthony Ibrahim', 72, 'Supporter', 1, NULL, 'Single', NULL, NULL, NULL, '2022-09-16', '1803', 'Anthonyibrahim255@gmail.com', '81-285600', 'Yes', 'Burj Hammoud ', 'images\\Anthony Ibrahim.png', '2025-02-24 22:00:00', '2025-02-24 22:00:00', 4, NULL, NULL, NULL, NULL, NULL, NULL, NULL, '2001-09-28'),
(131, 'Ahmad Manasfi', 46, 'Supervisor', 1, NULL, 'Single', NULL, NULL, NULL, '2023-10-06', '1602', 'amanasfe@hotmail.com', '70-624425', 'No', 'Salim Slem', 'images\\Ahmad Manasfi.png', '2025-02-24 22:00:00', '2025-02-24 22:00:00', 20, NULL, NULL, NULL, NULL, NULL, NULL, NULL, '1994-04-30'),
(132, 'Ahmad Noutsi', 46, 'Senior Supporter', 1, NULL, 'Single', NULL, NULL, NULL, '1997-10-01', '137', 'noutsiahmad@gmail.com', '70-954199', 'No', 'Mazraa', 'images\\ahmad noutsi.png', '2025-02-24 22:00:00', '2025-02-24 22:00:00', 1, NULL, NULL, NULL, NULL, NULL, NULL, NULL, '1971-02-10'),
(133, 'Tony Khashan', 18, 'Officer', 1, NULL, 'Single', NULL, NULL, NULL, '2016-12-17', '2643', 'tonykhachan28@gmail.com', '76761846', 'Yes', 'Hadath', 'images\\tony khashan.png', '2025-02-24 22:00:00', '2025-02-25 16:42:00', 20, NULL, NULL, NULL, NULL, NULL, NULL, NULL, '1986-08-10'),
(134, 'Mohamad Jalal Al Hajj', 18, 'Specialist', 1, NULL, 'Single', NULL, NULL, NULL, '2019-03-20', '1691', 'alhajjmohamad003@gmail.com', '71429878', 'Moto', 'Haret Hreik', 'images/67be118faae33.png', '2025-02-24 22:00:00', '2025-02-25 16:53:00', 3, NULL, NULL, NULL, NULL, NULL, NULL, NULL, '1993-09-21'),
(135, 'Noaman Dabbous', 18, 'Supervisor', 1, NULL, 'Single', NULL, NULL, NULL, '2021-10-01', '1802', 'N3mn.dabbous@gmail.com ', '78-907708', 'No', 'Aramoun', 'images\\Noaman Dabbous.png', '2025-02-24 22:00:00', '2025-02-24 22:00:00', 20, NULL, NULL, NULL, NULL, NULL, NULL, NULL, '2001-08-10'),
(136, 'Fatima Al Kaaki', 18, 'Senior Supporter', 1, NULL, 'Single', NULL, NULL, NULL, '2021-07-29', '2419', 'timakaaki@gmail.com', '71-772678', 'No', 'Mazraa', 'images\\Fatima Al Kaaki.png', '2025-02-24 22:00:00', '2025-02-24 22:00:00', 4, NULL, NULL, NULL, NULL, NULL, NULL, NULL, '1999-04-06'),
(137, 'Sarah Awad', 18, 'Senior Supporter', 1, NULL, 'Single', NULL, NULL, NULL, '2023-02-05', '2278', 'awwadsarah.99@gmail.com', '76-786784', 'No', 'Chiyah', 'images\\Sarah Awad.png', '2025-02-24 22:00:00', '2025-02-24 22:00:00', 3, NULL, NULL, NULL, NULL, NULL, NULL, NULL, '1999-06-20'),
(138, 'Ali Ismail', 18, 'Team Member', 1, NULL, 'Single', NULL, NULL, NULL, '2024-11-05', '2772', 'ali_khodor_22@outlook.com', '03-739303', 'Yes', 'Tallet El Khayyat', 'images\\Ali Ismail.png', '2025-02-24 22:00:00', '2025-02-24 22:00:00', 1, NULL, NULL, NULL, NULL, NULL, NULL, NULL, '2000-01-14'),
(139, 'Hady Kaddoura', 18, 'Junior Cashier ', 1, NULL, 'Single', NULL, NULL, NULL, '2023-10-21', '1634', 'hadyka17th81998@gmail.com', '71-402978', 'Moto', 'Barbour', 'images\\Hady Kaddoura.png', '2025-02-24 22:00:00', '2025-02-24 22:00:00', 7, NULL, NULL, NULL, NULL, NULL, NULL, NULL, '1998-08-17'),
(140, 'Rony Nasr', 18, 'Supporter', 1, NULL, 'Single', NULL, NULL, NULL, '2023-05-09', '2462', 'ronynasr8@icloud.com', '81-790321', 'Yes', 'Abey', 'images\\Rony Nasr.png', '2025-02-24 22:00:00', '2025-02-24 22:00:00', 4, NULL, NULL, NULL, NULL, NULL, NULL, NULL, '2001-11-08'),
(141, 'Adnan Berjawi', 18, 'Team Member', 1, NULL, 'Single', NULL, NULL, NULL, '2024-03-04', '1342', 'Berjawiay@outlook.com', '71-270143', 'Moto', 'Mazraa', 'images\\adnan berjawi.png', '2025-02-24 22:00:00', '2025-02-24 22:00:00', 1, NULL, NULL, NULL, NULL, NULL, NULL, NULL, '1993-11-19'),
(142, 'Faysal Jaroudi', 68, 'Senior Supervisor', 1, NULL, 'Single', NULL, NULL, NULL, '2024-01-17', '1396', 'jaroudifaysal16@gmail.com', '76806465', 'Yes', 'Tarik Al Jdideh', 'images\\Faysal Jaroudi.png', '2025-02-24 22:00:00', '2025-02-25 18:05:00', 20, NULL, NULL, NULL, NULL, NULL, NULL, NULL, '1995-08-16'),
(143, 'Mohamad Khaywe', 68, 'Specialist', 1, NULL, 'Single', NULL, NULL, NULL, '2011-04-12', '1749', 'moe.khaywe@gmail.com', '03-075723', 'Moto', 'Bchamoun', 'images\\Mohamad Khaywe.png', '2025-02-24 22:00:00', '2025-02-24 22:00:00', 3, NULL, NULL, NULL, NULL, NULL, NULL, NULL, '1989-08-27'),
(144, 'Sami Sinno', 68, 'Supervisor', 1, NULL, 'Single', NULL, NULL, NULL, '2022-10-03', '1850', 'Samisinno@icloud.com', '81-095203', 'Yes', 'Mansourieh', 'images\\Sami Sinno.png', '2025-02-24 22:00:00', '2025-02-24 22:00:00', 20, NULL, NULL, NULL, NULL, NULL, NULL, NULL, '2000-01-15'),
(145, 'Omar Kassar', 68, 'Junior Services', 1, NULL, 'Single', NULL, NULL, NULL, '2023-11-03', '1484', 'omar.nassar10@icloud.com', '71-482728', 'Yes', 'Khaldeh', 'images\\Omar Kassar.png', '2025-02-24 22:00:00', '2025-02-24 22:00:00', 1, NULL, NULL, NULL, NULL, NULL, NULL, NULL, '2003-10-20'),
(146, 'Kassem Akil', 68, 'Supporter', 1, NULL, 'Single', NULL, NULL, NULL, '2023-08-12', '2734', 'kassemakil2@gmail.com', '76-885146', 'Moto', 'Tarik Al Matar', 'images\\Kassem Akil.png', '2025-02-24 22:00:00', '2025-02-24 22:00:00', 3, NULL, NULL, NULL, NULL, NULL, NULL, NULL, '1996-01-26'),
(147, 'Rafic Khoury', 73, 'Manager  ', 1, NULL, NULL, NULL, NULL, NULL, '2006-06-06', '565', 'rafickhoury3@gmail.com', '71409307', 'Yes', 'Baabda', 'images\\rafic khoury.png', '2025-02-24 22:00:00', '2025-02-24 22:00:00', 20, NULL, NULL, NULL, NULL, NULL, NULL, NULL, NULL),
(148, 'Naji Deeb', 73, 'Manager  ', 1, NULL, 'Single', NULL, NULL, NULL, '2007-10-25', '944', 'naji.dib@gmail.com', '71-581000', 'Yes', 'Kfarmatta', 'images\\naji deeb.png', '2025-02-24 22:00:00', '2025-02-24 22:00:00', 20, NULL, NULL, NULL, NULL, NULL, NULL, NULL, '1987-11-05'),
(149, 'Rasha Faysal', 73, 'Manager', 1, NULL, 'Single', NULL, NULL, NULL, '2008-09-27', '1123', 'rashafaissal@gmail.com', '70-958879', 'Moto', '', 'images\\rasha faysal.png', '2025-02-24 22:00:00', '2025-02-24 22:00:00', 20, NULL, NULL, NULL, NULL, NULL, NULL, NULL, '1987-05-02'),
(150, 'Mahmoud Imam', 73, 'Manager', 1, NULL, 'Married', NULL, NULL, NULL, '1990-12-10', '255', 'mahmoud.imam69@gmail.com', '', 'Moto', '', 'images\\mahmoud imam.png', '2025-02-24 22:00:00', '2025-02-24 22:00:00', 20, NULL, NULL, NULL, NULL, NULL, NULL, NULL, '1969-01-12'),
(151, 'Dalia Mayassi', 73, 'Executive', 1, NULL, 'Single', NULL, NULL, NULL, '2010-10-08', '1596', 'dmayassi@gmail.com', '70-908581', 'Yes', 'Deir Kobel', 'images\\dalia mayassi.png', '2025-02-24 22:00:00', '2025-02-24 22:00:00', 20, NULL, NULL, NULL, NULL, NULL, NULL, NULL, '1992-08-25'),
(152, 'Nisrine Issrawi', 73, 'Manager', 1, NULL, 'Married', NULL, NULL, NULL, '2001-08-06', '199', 'nino18119@hotmail.com', '', 'Moto', '', 'images\\nisrine issrawi.png', '2025-02-24 22:00:00', '2025-02-24 22:00:00', 20, NULL, NULL, NULL, NULL, NULL, NULL, NULL, '1978-12-25'),
(153, 'Ousama Malaeb', 73, 'Manager', 1, NULL, 'Married', NULL, NULL, NULL, '1999-10-29', '200', 'reinefmalaeb@gmail.com', '3717483', 'Moto', 'Baissour', 'images\\ousama malaeb.png', '2025-02-24 22:00:00', '2025-02-24 22:00:00', 20, NULL, NULL, NULL, NULL, NULL, NULL, NULL, '1976-01-13'),
(154, 'Dania Ibrahim', 73, 'Executive', 1, NULL, 'Single', NULL, NULL, NULL, '2001-03-16', '197', 'Daniaibrahim2234@gmail.com', '3736763', 'No', 'Kraytem', 'images\\dania ibrahim.png', '2025-02-24 22:00:00', '2025-02-24 22:00:00', 20, NULL, NULL, NULL, NULL, NULL, NULL, NULL, '1970-01-01'),
(155, 'Lilian Zebian', 73, 'Executive', 1, NULL, 'Single', NULL, NULL, NULL, '2015-08-11', '2446', 'lilianezebiane4@gmail.com', '70-862068', 'No', 'Sharoun', 'images\\lilian zebian.png', '2025-02-24 22:00:00', '2025-02-24 22:00:00', 20, NULL, NULL, NULL, NULL, NULL, NULL, NULL, '1993-08-26'),
(156, 'Zahra Al Oud', 73, 'Manager', 1, NULL, 'Married', NULL, NULL, NULL, '1991-08-01', '178', 'Zahra.daroub@gmail.com', '3923575', 'No', 'Ain Ainoub', 'images\\zahra al oud.png', '2025-02-24 22:00:00', '2025-02-24 22:00:00', 20, NULL, NULL, NULL, NULL, NULL, NULL, NULL, '1971-04-18'),
(157, 'Shadi Farhat', 73, 'Senior Officer', 1, NULL, 'Single', NULL, NULL, NULL, '2019-04-01', '1733', 'shadifarhat98@gmail.com', '76938653', 'Yes', 'Maamoura', 'images/67bed6404df36.jpg', '2025-02-24 22:00:00', '2025-02-28 04:39:00', 20, NULL, NULL, NULL, NULL, NULL, NULL, NULL, '1998-03-04'),
(158, 'Ziad Saad', 73, 'Executive', 1, NULL, 'Married', NULL, NULL, NULL, '2006-02-09', '684', 'Ziadsaad_78@hotmail.com', '76720009', 'Yes', 'Furn Al Chebak mar nohra baabda', 'images\\ziad saad.png', '2025-02-24 22:00:00', '2025-02-24 22:00:00', 20, NULL, NULL, NULL, NULL, NULL, NULL, NULL, '1978-08-09'),
(159, 'Iman Hamdan', 73, 'Executive', 1, NULL, 'Married', NULL, NULL, NULL, '2005-10-25', '1493', 'hr1@maliks.com', '', 'No', '', 'images\\iman hamdan.png', '2025-02-24 22:00:00', '2025-02-24 22:00:00', 20, NULL, NULL, NULL, NULL, NULL, NULL, NULL, '1974-10-29'),
(160, 'Ali Yassin', 73, 'Executive', 1, NULL, 'Married', NULL, NULL, NULL, '2003-02-01', '318', 'aliyassin81@gmail.com', '71480719', 'No', 'Kfour', 'images\\ali yassin.png', '2025-02-24 22:00:00', '2025-02-24 22:00:00', 20, NULL, NULL, NULL, NULL, NULL, NULL, NULL, '1981-09-07'),
(161, 'Norma Said', 73, 'Executive', 1, NULL, 'Married', NULL, NULL, NULL, '2004-02-27', '466', 'normasaiid28@gmail.com', '70956852', 'No', 'Aley', 'images\\norma said.png', '2025-02-24 22:00:00', '2025-02-24 22:00:00', 20, NULL, NULL, NULL, NULL, NULL, NULL, NULL, '1981-01-10'),
(162, 'Sylvia Baaklini', 73, 'Executive', 1, NULL, 'Married', NULL, NULL, NULL, '2007-04-02', '872', 'silviabaaklini@yahoo.com', '70/489665', 'Yes', 'Achkout', 'images\\sylvia baaklini.png', '2025-02-24 22:00:00', '2025-02-24 22:00:00', 20, NULL, NULL, NULL, NULL, NULL, NULL, NULL, '1983-07-27'),
(163, 'Ghassan Akkawi', 73, 'Senior Officer  ', 1, NULL, 'Married', NULL, NULL, NULL, '1996-09-27', '134', 'alghatass@gmail.com', '', 'Moto', 'Al Shiyah ', 'images\\ghassan akkawi.png', '2025-02-24 22:00:00', '2025-02-24 22:00:00', 20, NULL, NULL, NULL, NULL, NULL, NULL, NULL, '1974-07-13'),
(164, 'Rabih Ghazal', 73, 'Officer', 1, NULL, 'Single', NULL, NULL, NULL, '2016-09-10', '2595', 'rabie.ghazal@yahoo.com', '71207335', 'No', 'Saida', 'images\\rabih ghazal.png', '2025-02-24 22:00:00', '2025-02-25 16:42:00', 20, NULL, NULL, NULL, NULL, NULL, NULL, NULL, '1994-06-16'),
(165, 'Kifah Ghannam', 73, 'Supervisor', 1, NULL, 'Married', NULL, NULL, NULL, '2017-04-19', '2699', 'kifah.ghannam@gmail.com', '70/956336', 'Yes', 'Kfarhim', 'images\\kifah ghannam.png', '2025-02-24 22:00:00', '2025-02-25 16:42:00', 20, NULL, NULL, NULL, NULL, NULL, NULL, NULL, '1991-05-10'),
(166, 'Mohamad Saleh', 73, 'Officer', 1, NULL, 'Married', NULL, NULL, NULL, '2008-11-05', '1145', 'Saleh.maliks123@gmail.com', '70773656', 'Yes', 'Choueifat', 'images/67be120cdb51e.png', '2025-02-24 22:00:00', '2025-02-25 16:55:00', 20, NULL, NULL, NULL, NULL, NULL, NULL, NULL, '1987-04-07'),
(167, 'Ziad Kalaji', 73, 'Manager', 1, NULL, 'Divorced', NULL, NULL, NULL, '1987-12-31', '1977', 'ziadmaliks@gmail.com', '3814607', 'Moto', 'Verdun', 'images\\Ziad Kalaji.png', '2025-02-24 22:00:00', '2025-02-24 22:00:00', 20, NULL, NULL, NULL, NULL, NULL, NULL, NULL, '1966-01-22'),
(168, 'Wael Ahmadieh', 73, 'Team Leader', 1, NULL, 'Married', NULL, NULL, NULL, '2006-11-24', '1248', 'wael.ahmadieh1986@gmail.com', '03-147745', 'Yes', 'Sharoun', 'images\\wael ahmadieh.png', '2025-02-24 22:00:00', '2025-02-24 22:00:00', 20, NULL, NULL, NULL, NULL, NULL, NULL, NULL, '1986-06-24'),
(169, 'Tarek Badawi', 73, 'Specialist', 1, NULL, 'Married', NULL, NULL, NULL, '2016-09-16', '2598', 'Tarek.badawi.tb@gmail.com', '03-897091', 'No', 'Jdeideh', 'images\\Tarek Badawi.png', '2025-02-24 22:00:00', '2025-02-25 16:43:00', 2, NULL, NULL, NULL, NULL, NULL, NULL, NULL, '1992-10-07'),
(170, 'Riad Labban', 73, 'Coordinator', 1, NULL, 'Married', NULL, NULL, NULL, '1999-09-23', '256', 'abourrish0@gmail.com', '', 'No', 'Iklim El Kharroub', 'images\\riad labban.png', '2025-02-24 22:00:00', '2025-02-24 22:00:00', 9, NULL, NULL, NULL, NULL, NULL, NULL, NULL, '1979-06-26'),
(171, 'Nihal Farchoukh', 73, 'Senior Supervisor', 1, NULL, 'Single', NULL, NULL, NULL, '2013-11-26', '2119', 'Nihal.Farchoukh.90@gmail.com', '', 'Yes', 'Ouzai', 'images\\nihal farchoukh.png', '2025-02-24 22:00:00', '2025-02-24 22:00:00', 20, NULL, NULL, NULL, NULL, NULL, NULL, NULL, '1990-11-27'),
(172, 'Silva Trayji', 73, 'Specialist', 1, NULL, 'Single', NULL, NULL, NULL, '2018-12-12', '2852', 'silvatrayji8@gmail.com', '78 948 386', 'No', 'Barbour', 'images\\silva trayji.png', '2025-02-24 22:00:00', '2025-02-24 22:00:00', 9, NULL, NULL, NULL, NULL, NULL, NULL, NULL, '1994-02-04'),
(173, 'Ousama Hoboubaty', 73, 'Senior Specialist', 1, NULL, 'Married', NULL, NULL, NULL, '2003-02-16', '309', 'oussama.hb.82@gmail.com', '03 954 812', 'Moto', 'Al Shiyah ', 'images\\ousama hoboubaty.png', '2025-02-24 22:00:00', '2025-02-24 22:00:00', 12, NULL, NULL, NULL, NULL, NULL, NULL, NULL, '1982-03-05'),
(174, 'Mohamad Khatib', 73, 'Specialist', 1, NULL, 'Married', NULL, NULL, NULL, '2008-07-07', '1064', 'mhmd.khatib85@gmail.com', '03-444878', 'Moto', 'Al Shiyah ', 'images/67be1212d4b27.png', '2025-02-24 22:00:00', '2025-02-25 16:55:00', 12, NULL, NULL, NULL, NULL, NULL, NULL, NULL, '1985-09-28');
INSERT INTO `employee_info` (`id`, `name`, `branch_id`, `title`, `status`, `blood_type`, `marital_status`, `shift`, `whish_number`, `where_can_work`, `date_hired`, `pin_code`, `email`, `phone`, `car`, `address`, `image_path`, `created_at`, `updated_at`, `job`, `left_date`, `left_reason`, `give_notice`, `is_good_performer`, `is_positive_person`, `exit_interview_remarks`, `is_recommended_to_back`, `birthday`) VALUES
(175, 'Noura Slim', 73, 'Senior Specialist', 1, NULL, 'Single', NULL, NULL, NULL, '2015-01-13', '2317', 'Nourasleem1@gmail.com', '03-078235', 'No', 'Cornishe Al Mazraa', 'images\\noura slim.png', '2025-02-24 22:00:00', '2025-02-24 22:00:00', 9, NULL, NULL, NULL, NULL, NULL, NULL, NULL, '1973-01-28'),
(176, 'Hiba Farchoukh', 73, 'Supervisor', 1, NULL, 'Single', NULL, NULL, NULL, '2016-03-03', '2555', 'Farshoukhhiba@gmail.com ', '70-665254', 'No', 'Iklim El Kharroub', 'images\\hiba farchoukh.png', '2025-02-24 22:00:00', '2025-02-25 16:43:00', 20, NULL, NULL, NULL, NULL, NULL, NULL, NULL, '1991-09-21'),
(177, 'Salman Ghraizi', 73, 'Senior Specialist', 1, NULL, 'Single', NULL, NULL, NULL, '2017-04-07', '2697', 'Salmanghraizi22@gmail.com', '71-127897', 'Yes', 'Btater/Aley', 'images\\salman ghraizi.png', '2025-02-24 22:00:00', '2025-02-25 16:43:00', 9, NULL, NULL, NULL, NULL, NULL, NULL, NULL, '1986-12-22'),
(178, 'Elian Chaker', 73, 'Specialist', 1, NULL, 'Single', NULL, NULL, NULL, '2021-01-05', '2216', 'chakereliane@gmail.com', '76058576', 'No', 'Mansourieh', 'images\\elian chaker.png', '2025-02-24 22:00:00', '2025-02-24 22:00:00', 9, NULL, NULL, NULL, NULL, NULL, NULL, NULL, '1985-10-10'),
(179, 'Nancy Bou Saab', 73, 'Specialist', 1, NULL, 'Single', NULL, NULL, NULL, '2018-09-12', '2806', 'nancyabousaab2@gmail.com', '70/726718', 'No', 'Aytat', 'images\\nancy bou saab.png', '2025-02-24 22:00:00', '2025-02-24 22:00:00', 9, NULL, NULL, NULL, NULL, NULL, NULL, NULL, '1988-04-15'),
(180, 'Aya Malaeb', 73, 'Senior Supporter', 1, NULL, 'Single', NULL, NULL, NULL, '2019-07-11', '2301', 'Ayamalaeb10@gmail.com ', '76658991', 'Yes', 'Karakol El Druz', 'images\\aya malaeb.png', '2025-02-24 22:00:00', '2025-02-24 22:00:00', 9, NULL, NULL, NULL, NULL, NULL, NULL, NULL, '1996-10-19'),
(181, 'Diana Aridi', 73, 'Senior Supporter', 1, NULL, 'Single', NULL, NULL, NULL, '2021-07-03', '1880', 'Diana.aridi.119@gmail.com', '70-879107', 'Yes', 'Araya', 'images\\Diana Aridi.png', '2025-02-24 22:00:00', '2025-02-24 22:00:00', 9, NULL, NULL, NULL, NULL, NULL, NULL, NULL, '2000-09-11'),
(182, 'Hanin Zahwi', 73, 'Representative', 1, NULL, 'Single', NULL, NULL, NULL, '2018-09-01', '2797', 'Zahwehanine97@gmail.com', '81/671903', 'No', 'Haret Hreik', 'images\\hanin zahwi.png', '2025-02-24 22:00:00', '2025-02-24 22:00:00', 9, NULL, NULL, NULL, NULL, NULL, NULL, NULL, '1998-01-01'),
(183, 'Ghina Awkal', 73, 'Senior Supporter', 1, NULL, 'Single', NULL, NULL, NULL, '2020-10-05', '2742', 'awkal.ghina25@gmail.com', '70 615 530', 'No', 'Aisha Bakkar ', 'images\\ghina awkal.png', '2025-02-24 22:00:00', '2025-02-24 22:00:00', 9, NULL, NULL, NULL, NULL, NULL, NULL, NULL, '1996-07-25'),
(184, 'Sirrine Hamoud', 73, 'Supporter', 1, NULL, 'Single', NULL, NULL, NULL, '2024-08-17', '1294', 'sirinhammoud8@gmail.com', '71-563296', 'No', 'Spears', 'images\\Default.jpg', '2025-02-24 22:00:00', '2025-02-24 22:00:00', 3, NULL, NULL, NULL, NULL, NULL, NULL, NULL, '1999-07-05'),
(185, 'Wael Khalil', 73, 'Senior Supporter', 1, NULL, 'Married', NULL, NULL, NULL, '2013-11-07', '2114', 'waelkhalil916@gmail.com', '71-450822', 'Moto', 'Beirut ', 'images\\wael khalil.png', '2025-02-24 22:00:00', '2025-02-24 22:00:00', 8, NULL, NULL, NULL, NULL, NULL, NULL, NULL, '1990-03-19'),
(186, 'Hassan Ramadan', 73, 'Senior Supporter', 1, NULL, 'Married', NULL, NULL, NULL, '2014-01-23', '2148', 'hassan.ramadan28h@gmail.com', '71-190244', 'Moto', 'Msaytbeh ', 'images\\hassan ramadan.png', '2025-02-24 22:00:00', '2025-02-24 22:00:00', 12, NULL, NULL, NULL, NULL, NULL, NULL, NULL, '1992-01-04'),
(187, 'Samir  Iskandarani', 73, 'Senior Supporter', 1, NULL, 'Married', NULL, NULL, NULL, '2013-01-05', '1997', 'samiriskandarani9@outlook.com', '76-636860', 'Moto', 'Tallet El Khayyat', 'images\\Samir  Iskandarani.png', '2025-02-24 22:00:00', '2025-02-24 22:00:00', 8, NULL, NULL, NULL, NULL, NULL, NULL, NULL, '1974-05-01'),
(188, 'Said Bassiri', 73, 'Supporter', 1, NULL, 'Single', NULL, NULL, NULL, '2024-07-04', '1873', 'baassirisaeed2020@gmail.com', '78-884 896', 'Yes', 'Aramoun', 'images/67be121c32b48.png', '2025-02-24 22:00:00', '2025-02-25 16:55:00', 9, NULL, NULL, NULL, NULL, NULL, NULL, NULL, '2004-01-07'),
(189, 'Shadi Bazzi', 73, 'Team Member', 1, NULL, 'Single', NULL, NULL, NULL, '2024-09-18', '1411', 'shadibazzi880@gmail.com', '81-702582', 'Moto', 'Al Shiyah ', 'images/67be1217eb54f.png', '2025-02-24 22:00:00', '2025-02-25 16:55:00', 8, NULL, NULL, NULL, NULL, NULL, NULL, NULL, '1996-08-17'),
(190, 'Jessica Mghammes', 73, 'Senior Executive', 1, NULL, 'Single', NULL, NULL, NULL, '2021-10-28', '2401', 'jessicamaghamess@gmail.com', '78-842404', 'Yes', 'Ain Al Remmeneh', 'images\\jessica mghammes.png', '2025-02-24 22:00:00', '2025-02-24 22:00:00', 20, NULL, NULL, NULL, NULL, NULL, NULL, NULL, '1993-01-12'),
(191, 'Raghid Mokbel', 73, 'Officer', 1, NULL, 'Single', NULL, NULL, NULL, '2022-01-26', '1887', 'raghidmokbel87@gmail.com', NULL, 'Moto', 'Al Shiyah ', 'images/67be1220d8eaf.png', '2025-02-24 22:00:00', '2025-02-25 16:55:00', 20, NULL, NULL, NULL, NULL, NULL, NULL, NULL, '1987-01-05'),
(192, 'Ismail Rajab', 73, 'Supervisor', 1, NULL, 'Single', NULL, NULL, NULL, '2024-06-20', '2039', 'Ismael.Rajab05@gmail.com', '70-025915', 'Yes', 'Choueifat', 'images/67be122b96307.png', '2025-02-24 22:00:00', '2025-02-25 16:55:00', 20, NULL, NULL, NULL, NULL, NULL, NULL, NULL, '1991-05-30'),
(193, 'Loulwa Khaddaj', 73, 'Senior Supporter', 1, NULL, 'Single', NULL, NULL, NULL, '2023-08-01', '2672', 'loulwazaherkhaddaj@gmail.com', '71/503560', 'No', 'Kfarmatta', 'images/67be122671ed9.png', '2025-02-24 22:00:00', '2025-02-25 16:55:00', 9, NULL, NULL, NULL, NULL, NULL, NULL, NULL, '2000-05-01'),
(194, 'Nashaat Awwad', 73, 'Team Member', 1, NULL, 'Single', NULL, NULL, NULL, '2023-12-12', '2725', 'nashaat.awwad21@gmail.com', '81-668401', 'No', 'Aley', 'images\\Nashaat Awwad.png', '2025-02-24 22:00:00', '2025-02-24 22:00:00', 9, NULL, NULL, NULL, NULL, NULL, NULL, NULL, '1999-04-05'),
(195, 'Mona Karaki', 73, 'Supporter', 1, NULL, 'Single', NULL, NULL, NULL, '2022-02-01', '1789', 'Karaki_mon@hotmail.com ', '', 'No', 'Iklim El Kharroub', 'images\\mona karaki.png', '2025-02-24 22:00:00', '2025-02-24 22:00:00', 9, NULL, NULL, NULL, NULL, NULL, NULL, NULL, '1993-05-27'),
(196, 'Bilal Rawas', 73, 'Senior Supporter', 1, NULL, 'Single', NULL, NULL, NULL, '2021-03-01', '1847', 'bilalalrawass@gmail.com', ' 70 981 250', 'Moto', 'Al Shiyah ', 'images\\bilal rawas.png', '2025-02-24 22:00:00', '2025-02-24 22:00:00', 8, NULL, NULL, NULL, NULL, NULL, NULL, NULL, '1996-06-06'),
(197, 'Saeed Al Jawhary', 73, 'Junior Back Office', 1, NULL, 'Single', NULL, NULL, NULL, '2024-05-24', '2280', 'saeed.jawhary99@gmail.com', '76-503075', 'Yes', 'Aramoun', 'images\\Saeed Al Jawhary.png', '2025-02-24 22:00:00', '2025-02-24 22:00:00', 9, NULL, NULL, NULL, NULL, NULL, NULL, NULL, '1999-04-10'),
(198, 'Ziad Yamout', 73, 'Team Member', 1, NULL, 'Single', NULL, NULL, NULL, '2024-03-27', '1607', 'ziadyamout159@gmail.com', '71 139 437', 'Yes', 'Choueifat', 'images\\ziad yamout.png', '2025-02-24 22:00:00', '2025-02-24 22:00:00', 9, NULL, NULL, NULL, NULL, NULL, NULL, NULL, '2003-01-20'),
(199, 'Mostapha Ibrahim', 73, 'Supporter', 1, NULL, 'Single', NULL, NULL, NULL, '2024-01-05', '1275', 'mostafa_ibrahim111@outlook.com', '71-126014', 'Moto', 'Tarik Al Jdideh', 'images\\Mostapha Ibrahim.png', '2025-02-24 22:00:00', '2025-02-24 22:00:00', 9, NULL, NULL, NULL, NULL, NULL, NULL, NULL, '1992-06-10'),
(200, 'Yasser Kharaz', 73, 'Team Member', 1, NULL, 'Single', NULL, NULL, NULL, '2023-12-01', '2529', 'yasserhalabi135@gmail.com', '', 'Moto', 'Al Shiyah ', 'images\\yasser kharaz.png', '2025-02-24 22:00:00', '2025-02-24 22:00:00', 8, NULL, NULL, NULL, NULL, NULL, NULL, NULL, '2001-10-31'),
(201, 'Charbel Bowairy', 34, 'Executive', 1, NULL, 'Single', NULL, NULL, NULL, '2006-05-18', '723', 'charbeleliasboueri@gmail.com', '3856427', 'No', 'Amchit', 'images\\Charbel Bowairy.png', '2025-02-24 22:00:00', '2025-02-24 22:00:00', 20, NULL, NULL, NULL, NULL, NULL, NULL, NULL, '1984-12-26'),
(202, 'Abdul Rahman Zoghbi', 34, 'Senior Supporter', 1, NULL, 'Single', NULL, NULL, NULL, '2024-01-12', '1329', 'aboudizohbi184@gmail.com', '79-165236', 'No', 'Halba', 'images\\Abdul Rahman Zoghbi.png', '2025-02-24 22:00:00', '2025-02-24 22:00:00', 3, NULL, NULL, NULL, NULL, NULL, NULL, NULL, '2001-10-10'),
(203, 'Lilian Habib', 34, 'Representative', 1, NULL, 'Married', NULL, NULL, NULL, '2005-10-20', '625', 'lilianeh490@gmail.com', '71-854255', 'Moto', 'Al Shiyah ', 'images\\Lilian Habib.png', '2025-02-24 22:00:00', '2025-02-24 22:00:00', 1, NULL, NULL, NULL, NULL, NULL, NULL, NULL, '1975-07-20'),
(204, 'Walaa Ibrahim', 34, 'Supervisor', 1, NULL, 'Single', NULL, NULL, NULL, '2024-06-11', '1108', 'ibrahim.walaa@live.fr', '', 'Moto', 'Al Shiyah ', 'images\\walaa ibrahim.png', '2025-02-24 22:00:00', '2025-02-24 22:00:00', 20, NULL, NULL, NULL, NULL, NULL, NULL, NULL, '1992-12-03'),
(205, 'Anthony Mouaness', 34, 'Junior Stationery', 1, NULL, 'Single', NULL, NULL, NULL, '2024-02-05', '1327', 'anthonymouanes@gmail.com', '71-636033', 'No', 'Jbeil', 'images\\Anthony Mouaness.png', '2025-02-24 22:00:00', '2025-02-24 22:00:00', 4, NULL, NULL, NULL, NULL, NULL, NULL, NULL, '2003-01-23'),
(206, 'Mayssa Nader', 34, 'Team Member', 1, NULL, 'Single', NULL, NULL, NULL, '2023-09-16', '2850', 'mayssanadher@gmail.com', '70-563182', 'No', 'Amchit', 'images\\Mayssa Nader.png', '2025-02-24 22:00:00', '2025-02-24 22:00:00', 7, NULL, NULL, NULL, NULL, NULL, NULL, NULL, '1996-08-07'),
(207, 'Zakhia Kamel', 34, 'Team Member', 1, NULL, 'Single', NULL, NULL, NULL, '2023-09-20', '2839', 'Zakhiakamel8991@gmail.com', '81-211354', 'No', 'Aazra', 'images\\zakhia kamel.png', '2025-02-24 22:00:00', '2025-02-24 22:00:00', 1, NULL, NULL, NULL, NULL, NULL, NULL, NULL, '1998-11-07'),
(208, 'Geraldo Badawi', 34, 'Senior Supporter', 1, NULL, 'Single', NULL, NULL, NULL, '2023-08-09', '2692', 'geraldobadawi2@gmail.com', '76-903525', 'No', 'Jbeil', 'images\\Geraldo Badawi.png', '2025-02-24 22:00:00', '2025-02-24 22:00:00', 7, NULL, NULL, NULL, NULL, NULL, NULL, NULL, '2002-12-31'),
(209, 'Hady Lakiss', 34, 'Supporter', 1, NULL, 'Single', NULL, NULL, NULL, '2024-01-16', '1122', 'lakishady@gmail.com', '70-442029', 'No', 'Jbeil', 'images\\Hady Lakiss.png', '2025-02-24 22:00:00', '2025-02-24 22:00:00', 3, NULL, NULL, NULL, NULL, NULL, NULL, NULL, '2000-08-14'),
(210, 'Rhea Atallah', 34, 'Supporter', 1, NULL, 'Single', NULL, NULL, NULL, '2023-10-02', '2600', 'rheaatallah@gmail.com', '79-135697', 'No', 'Jbeil', 'images\\Rhea Atallah.png', '2025-02-24 22:00:00', '2025-02-24 22:00:00', 4, NULL, NULL, NULL, NULL, NULL, NULL, NULL, '2004-04-24'),
(211, 'Jawad Ahmad', 34, 'Team Member', 1, NULL, 'Single', NULL, NULL, NULL, '2024-08-06', '1205', 'jawadhaidar2266@gmail.com', '76 793 198', 'No', 'Amchit', 'images\\Jawad Ahmad.png', '2025-02-24 22:00:00', '2025-02-24 22:00:00', 1, NULL, NULL, NULL, NULL, NULL, NULL, NULL, '2006-10-03'),
(212, 'Maysaa Mahmoud', 36, 'Senior Officer', 1, NULL, 'Single', NULL, NULL, NULL, '2007-12-01', '968', 'mayssamahmoud7@gmail.com', '', 'Moto', 'Al Shiyah ', 'images\\Maysaa Mahmoud.png', '2025-02-24 22:00:00', '2025-02-24 22:00:00', 20, NULL, NULL, NULL, NULL, NULL, NULL, NULL, '1985-01-01'),
(213, 'Nizar Hazim', 36, 'Supporter', 1, NULL, 'Single', NULL, NULL, NULL, '2024-01-12', '1288', 'hazimxhazim@gmail.com', '71-828030', 'No', 'Akkar', 'images\\Nizar Hazim.png', '2025-02-24 22:00:00', '2025-02-24 22:00:00', 3, NULL, NULL, NULL, NULL, NULL, NULL, NULL, '1994-07-04'),
(214, 'Elie Saliba', 36, 'Supporter', 1, NULL, 'Single', NULL, NULL, NULL, '2024-09-17', '2275', 'elie5807@gmail.com', '76-762060', 'Yes', 'Jbeil', 'images/67be11cc437b9.png', '2025-02-24 22:00:00', '2025-02-25 16:54:00', 3, NULL, NULL, NULL, NULL, NULL, NULL, NULL, '1997-05-15'),
(215, 'Perla Khoury', 36, 'Junior Cashier', 1, NULL, 'Single', NULL, NULL, NULL, '2023-10-06', '2569', 'perla.khoury54@gmail.com', '70-383802', 'No', 'Kfarhbab', 'images\\Perla Khoury.png', '2025-02-24 22:00:00', '2025-02-24 22:00:00', 7, NULL, NULL, NULL, NULL, NULL, NULL, NULL, '2001-03-13'),
(216, 'Joe Chami', 36, 'Junior Stationery', 1, NULL, 'Single', NULL, NULL, NULL, '2024-01-01', '1610', 'joechami8@gmail.com', '81-367009', 'No', 'Jounieh', 'images\\Joe Chami.png', '2025-02-24 22:00:00', '2025-02-24 22:00:00', 4, NULL, NULL, NULL, NULL, NULL, NULL, NULL, '2004-04-29'),
(217, 'Fouad Bou Kassem', 36, 'Team Member', 1, NULL, 'Single', NULL, NULL, NULL, '2024-09-17', '2205', 'boukassemfouad@gmail.com', '76-469274', 'Yes', 'Jbeil', 'images\\Fouad Bou Kassem.png', '2025-02-24 22:00:00', '2025-02-24 22:00:00', 1, NULL, NULL, NULL, NULL, NULL, NULL, NULL, '2003-02-17'),
(218, 'Elissa Makhlouf', 36, 'Cashier', 1, NULL, 'Single', NULL, NULL, NULL, '2023-10-06', '2262', 'elissamakhlouf12@icloud.com', '76-531922', 'No', 'Safra', 'images\\Elissa Makhlouf.png', '2025-02-24 22:00:00', '2025-02-24 22:00:00', 7, NULL, NULL, NULL, NULL, NULL, NULL, NULL, '2004-04-19'),
(219, 'Elie Nacouzi', 36, 'Team Member', 1, NULL, 'Single', NULL, NULL, NULL, '2024-08-20', '1354', 'eliegamingnacouzi@gmail.com', '71-056867', 'Yes', 'Tabarja', 'images\\Elie Nacouzi.png', '2025-02-24 22:00:00', '2025-02-24 22:00:00', 1, NULL, NULL, NULL, NULL, NULL, NULL, NULL, '2004-12-17'),
(220, 'Jeannette Mouarkesh', 25, 'Executive', 1, NULL, 'Single', NULL, NULL, NULL, '2001-10-22', '156', 'executive738@gmail.com', '70752076', 'Yes', 'Naccache', 'images\\Jeannette Mouarkesh.png', '2025-02-24 22:00:00', '2025-02-24 22:00:00', 20, NULL, NULL, NULL, NULL, NULL, NULL, NULL, '1978-11-10'),
(221, 'Michel Daou', 25, 'Specialist', 1, NULL, 'Single', NULL, NULL, NULL, '2019-03-04', '1518', 'mikedaou123@gmail.com', '70204177', 'No', 'Jounieh', 'images\\Michel Daou.png', '2025-02-24 22:00:00', '2025-02-24 22:00:00', 2, NULL, NULL, NULL, NULL, NULL, NULL, NULL, '1990-06-20'),
(222, 'Joy Ghassan', 25, 'Senior Supporter', 1, NULL, 'Married', NULL, NULL, NULL, '2022-02-03', '1879', 'Joya1gas2@gmail.com', '70-214524', 'Yes', 'Adma', 'images\\Joy Ghassan.png', '2025-02-24 22:00:00', '2025-02-24 22:00:00', 7, NULL, NULL, NULL, NULL, NULL, NULL, NULL, '1991-05-19'),
(223, 'Rackelle Semaan', 25, 'Supporter', 1, NULL, 'Single', NULL, NULL, NULL, '2024-08-28', '1525', 'semaanrackelle@gmail.com', '81420274', 'No', 'Jbeil', 'images\\Rackelle Semaan.png', '2025-02-24 22:00:00', '2025-02-24 22:00:00', 3, NULL, NULL, NULL, NULL, NULL, NULL, NULL, '1997-09-18'),
(224, 'Elie Bouery', 25, 'Junior Services', 1, NULL, 'Single', NULL, NULL, NULL, '2023-11-15', '1154', 'elie.cars@hotmail.com', '76-332619', 'Yes', 'Haret Sakhr', 'images\\Elie Bouery.png', '2025-02-24 22:00:00', '2025-02-24 22:00:00', 1, NULL, NULL, NULL, NULL, NULL, NULL, NULL, '1996-10-15'),
(225, 'Sonia Hanna', 25, 'Specialist', 1, NULL, 'Married', NULL, NULL, NULL, '2014-07-07', '2608', 'Sousyazar6@gmail.com', '70-281591', 'No', 'Nabaa', 'images\\Sonia Hanna.png', '2025-02-24 22:00:00', '2025-02-24 22:00:00', 4, NULL, NULL, NULL, NULL, NULL, NULL, NULL, '1983-12-12'),
(226, 'Julien Jabbour', 25, 'Team Member', 1, NULL, 'Single', NULL, NULL, NULL, '2024-04-01', '1226', 'julienjabbour1@icloud.com', '', 'Moto', 'Al Shiyah ', 'images\\Julien Jabbour.png', '2025-02-24 22:00:00', '2025-02-24 22:00:00', 1, NULL, NULL, NULL, NULL, NULL, NULL, NULL, '1997-11-15'),
(227, 'Nour Hussien', 74, 'Supervisor', 1, NULL, 'Single', NULL, NULL, NULL, '2022-03-16', '1917', 'Husseinnour587@gmail.com', '76-726397', 'No', 'Ard Jaloul', 'images\\Nour Hussien.png', '2025-02-24 22:00:00', '2025-02-24 22:00:00', 20, NULL, NULL, NULL, NULL, NULL, NULL, NULL, '1999-03-21'),
(228, 'Nancy Alameddine', 74, 'Junior Cashier', 1, NULL, 'Single', NULL, NULL, NULL, '2022-08-01', '1618', 'nancyalameddine9@gmail.com', '76-881287', 'No', 'Aitat', 'images\\nancy alameddine.png', '2025-02-24 22:00:00', '2025-02-24 22:00:00', 7, NULL, NULL, NULL, NULL, NULL, NULL, NULL, '1998-06-03'),
(229, 'Root Hallak', 74, 'Team Leader', 1, NULL, 'Single', NULL, NULL, NULL, '2022-09-02', '1958', 'root.hallak@hotmail.com', '78-886068', 'No', 'Zarif', 'images\\Root Hallak.png', '2025-02-24 22:00:00', '2025-02-24 22:00:00', 20, NULL, NULL, NULL, NULL, NULL, NULL, NULL, '1995-08-27'),
(230, 'Zeinab Mzanar', 74, 'Junior Cashier', 1, NULL, 'Single', NULL, NULL, NULL, '2023-10-31', '1927', 'mzanarzeiinab@gmail.com', '76-847350', 'No', 'Mar Elias', 'images\\Zeinab Mzanar.png', '2025-02-24 22:00:00', '2025-02-24 22:00:00', 7, NULL, NULL, NULL, NULL, NULL, NULL, NULL, '2005-10-12'),
(231, 'Samer Fakher', 27, 'Senior Officer', 1, NULL, 'Married', NULL, NULL, NULL, '1993-05-17', '119', 'Samerfakher2@gmail.com', '3671503', 'Yes', 'Baysoor', 'images\\samer fakher.png', '2025-02-24 22:00:00', '2025-02-24 22:00:00', 20, NULL, NULL, NULL, NULL, NULL, NULL, NULL, '1969-09-25'),
(232, 'Ghenwa Hamadeh', 27, 'Representative', 1, NULL, 'Married', NULL, NULL, NULL, '2010-10-26', '1625', 'Ghinwa.s.t@gmail.com', '03-806828', 'No', 'Baakline', 'images\\Ghenwa Hamadeh.png', '2025-02-24 22:00:00', '2025-02-24 22:00:00', 4, NULL, NULL, NULL, NULL, NULL, NULL, NULL, '1981-05-05'),
(233, 'Hassan Anan', 27, 'Supporter', 1, NULL, 'Single', NULL, NULL, NULL, '2023-05-23', '2463', 'hasan.annan1989@gmail.com', '71-191420', 'Moto', 'Haret Hreik', 'images\\Hassan Anan.png', '2025-02-24 22:00:00', '2025-02-24 22:00:00', 3, NULL, NULL, NULL, NULL, NULL, NULL, NULL, '1989-03-31'),
(234, 'Sala Hassan', 27, 'Team Member', 1, NULL, 'Single', NULL, NULL, NULL, '2024-09-12', '1425', 'hsala0613@gmail.com', '03-769797', 'No', 'Cola', 'images\\Sala Hassan.png', '2025-02-24 22:00:00', '2025-02-24 22:00:00', 7, NULL, NULL, NULL, NULL, NULL, NULL, NULL, '2001-02-13'),
(235, 'Mohamad Sherkawi', 24, 'Officer', 1, NULL, 'Married', NULL, NULL, NULL, '2010-10-12', '1608', 'moe.sherkawi@gmail.com', '70980470', 'Yes', 'Bchamoun', 'images\\Mohamad Sherkawi.png', '2025-02-24 22:00:00', '2025-02-24 22:00:00', 20, NULL, NULL, NULL, NULL, NULL, NULL, NULL, '1991-01-18'),
(236, 'Claude Haddad', 24, 'Specialist', 1, NULL, 'Married', NULL, NULL, NULL, '2017-01-27', '2669', 'Claudehaddad14@gmail.com', '76-807922', 'No', 'Dbayeh', 'images\\Claude Haddad.png', '2025-02-24 22:00:00', '2025-02-25 16:43:00', 7, NULL, NULL, NULL, NULL, NULL, NULL, NULL, '1979-03-14'),
(237, 'Stephanie Dakkash', 24, 'Junior Stationery', 1, NULL, 'Married', NULL, NULL, NULL, '2024-06-20', '1268', 'gsjjmrad8@gmail.com', '71-710791', 'No', 'Bouchrieh', 'images\\stephanie dakkash.png', '2025-02-24 22:00:00', '2025-02-24 22:00:00', 4, NULL, NULL, NULL, NULL, NULL, NULL, NULL, '1992-12-05'),
(238, 'Hussein Abdalla', 24, 'Team Leader', 1, NULL, 'Single', NULL, NULL, NULL, '2022-09-19', '1780', 'Husseinabdallah98@outlook.com', '76 695 388', 'Moto', 'Mrayji', 'images\\Hussein Abdalla.png', '2025-02-24 22:00:00', '2025-02-24 22:00:00', 20, NULL, NULL, NULL, NULL, NULL, NULL, NULL, '1998-06-30'),
(239, 'Mohamad Ibrahim', 24, 'Supporter', 1, NULL, 'Single', NULL, NULL, NULL, '2023-08-11', '2727', 'mohammadibrahim74@gmail.com', '81-278973', 'Moto', 'Antelias', 'images\\Mohamad Ibrahim.png', '2025-02-24 22:00:00', '2025-02-24 22:00:00', 1, NULL, NULL, NULL, NULL, NULL, NULL, NULL, '1994-07-05'),
(240, 'Imane Wehbe', 24, 'Senior Supporter', 1, NULL, 'Single', NULL, NULL, NULL, '2023-02-07', '2305', 'wehbeimane3@gmail.com', '71-287549', 'No', 'Biakout', 'images\\Imane Wehbe.png', '2025-02-24 22:00:00', '2025-02-24 22:00:00', 7, NULL, NULL, NULL, NULL, NULL, NULL, NULL, '2002-01-30'),
(241, 'Joseph El Hajj', 24, 'Supporter', 1, NULL, 'Single', NULL, NULL, NULL, '2023-02-07', '2290', 'josephhajj57@gmail.com', '76-712046', 'No', 'Dik Al Mehdi', 'images\\Joseph El Hajj.png', '2025-02-24 22:00:00', '2025-02-24 22:00:00', 4, NULL, NULL, NULL, NULL, NULL, NULL, NULL, '2004-03-18'),
(242, 'Jean Pierre Hakim', 24, 'Junior Services', 1, NULL, 'Single', NULL, NULL, NULL, '2024-02-09', '2258', 'jp.e.hakim@gmail.com', '76-419143', 'Yes', 'Bsalim ', 'images/67be12552d974.png', '2025-02-24 22:00:00', '2025-02-25 16:56:00', 1, NULL, NULL, NULL, NULL, NULL, NULL, NULL, '2003-02-26'),
(243, 'Maroun Habchy', 24, 'Team Member', 1, NULL, 'Single', NULL, NULL, NULL, '2023-11-14', '1161', 'marounhabchi123@gmail.com', '71-865031', 'Yes', 'Dbayeh', 'images\\Maroun Habchy.png', '2025-02-24 22:00:00', '2025-02-24 22:00:00', 6, NULL, NULL, NULL, NULL, NULL, NULL, NULL, '2004-03-27'),
(244, 'Melissa Bechara', 24, 'Junior Stationery', 1, NULL, 'Single', NULL, NULL, NULL, '2024-08-08', '1405', 'melissabechara3@gmail.com', '76-820895', 'No', 'Naccache', 'images\\Melissa Bechara.png', '2025-02-24 22:00:00', '2025-02-24 22:00:00', 4, NULL, NULL, NULL, NULL, NULL, NULL, NULL, '2003-08-11'),
(245, 'Hussein Zeitoun', 44, 'Senior Officer', 1, NULL, 'Married', NULL, NULL, NULL, '2009-06-06', '1264', 'hussein.olive@gmail.com', '70092345', 'Yes', 'Kfartebnit', 'images/67be11faafd23.png', '2025-02-24 22:00:00', '2025-02-25 16:54:00', 20, NULL, NULL, NULL, NULL, NULL, NULL, NULL, '1983-01-06'),
(246, 'Ahmad Ramadan', 44, 'Specialist', 1, NULL, 'Married', NULL, NULL, NULL, '2022-05-07', '2065', 'ahmadramadan48@gmail.com', '70-062153', 'No', 'Barja', 'images\\Ahmad Ramadan.png', '2025-02-24 22:00:00', '2025-02-24 22:00:00', 3, NULL, NULL, NULL, NULL, NULL, NULL, NULL, '1999-01-28'),
(247, 'Nazik Khalifi', 44, 'Team Leader', 1, NULL, 'Single', NULL, NULL, NULL, '2022-01-14', '1707', 'Nazyk.khalifeh@gmail.com ', '81-337661', 'No', 'Salim Slem', 'images\\nazik khalifi.png', '2025-02-24 22:00:00', '2025-02-24 22:00:00', 20, NULL, NULL, NULL, NULL, NULL, NULL, NULL, '1999-02-21'),
(248, 'Mohamad Al Ess', 28, 'Executive', 1, NULL, 'Married', NULL, NULL, NULL, '2008-10-13', '1130', 'aless.mohammad88@gmail.com', '', 'No', 'Moawad', 'images\\Mohamad Al Ess.png', '2025-02-24 22:00:00', '2025-02-24 22:00:00', 20, NULL, NULL, NULL, NULL, NULL, NULL, NULL, '1988-01-25'),
(249, 'Marie Ange Maalouf', 28, 'Supervisor', 1, NULL, 'Single', NULL, NULL, NULL, '2020-10-07', '1855', 'Marieangemaalouf4@gmail.com', '79 142 552', 'No', 'Sin Al Fil', 'images\\Marie Ange Maalouf.png', '2025-02-24 22:00:00', '2025-02-24 22:00:00', 20, NULL, NULL, NULL, NULL, NULL, NULL, NULL, '1998-11-24'),
(250, 'Esther Houbeika', 28, 'Senior Supporter', 1, NULL, 'Single', NULL, NULL, NULL, '2023-09-09', '2825', 'obk.esther@outlook.com', '03-494365', 'Yes', 'Mansourieh', 'images\\Esther Houbeika.png', '2025-02-24 22:00:00', '2025-02-24 22:00:00', 3, NULL, NULL, NULL, NULL, NULL, NULL, NULL, '1992-08-06'),
(251, 'Issa Faour', 28, 'Senior Supporter', 1, NULL, 'Single', NULL, NULL, NULL, '2022-12-01', '2191', 'faour.010@gmail.com', '81-662106', 'No', 'Rwess', 'images\\issa faour.png', '2025-02-24 22:00:00', '2025-02-24 22:00:00', 3, NULL, NULL, NULL, NULL, NULL, NULL, NULL, '1998-03-21'),
(252, 'Roland Khater', 28, 'Senior Supporter', 1, NULL, 'Single', NULL, NULL, NULL, '2022-10-03', '1837', 'Roland.khater89@gmail.com ', '76-472938', 'Yes', 'Brummana', 'images\\Roland Khater.png', '2025-02-24 22:00:00', '2025-02-24 22:00:00', 6, NULL, NULL, NULL, NULL, NULL, NULL, NULL, '2000-09-15'),
(253, 'Amani Madi', 28, 'Team Member', 1, NULL, 'Single', NULL, NULL, NULL, '2024-10-04', '2484', 'amanimadi04@gmail.com', '71-182921', 'No', 'Aley', 'images\\Amani Madi.png', '2025-02-24 22:00:00', '2025-02-24 22:00:00', 7, NULL, NULL, NULL, NULL, NULL, NULL, NULL, '2002-02-12'),
(254, 'Saadeh Al Aawar', 28, 'Team Member', 1, NULL, 'Single', NULL, NULL, NULL, '2024-05-06', '2861', 'awarsaade@gmail.com', '70-359749', 'No', 'Mansourieh', 'images\\Saadeh Al Aawar.png', '2025-02-24 22:00:00', '2025-02-24 22:00:00', 1, NULL, NULL, NULL, NULL, NULL, NULL, NULL, '1994-12-01'),
(255, 'Joe Chaaya', 28, 'Senior Supporter', 1, NULL, 'Single', NULL, NULL, NULL, '2022-07-14', '1539', 'joe.ch.28@hotmail.com', '76-484742', 'Yes', 'Mansourieh', 'images\\Joe Chaaya.png', '2025-02-24 22:00:00', '2025-02-24 22:00:00', 3, NULL, NULL, NULL, NULL, NULL, NULL, NULL, '2000-01-01'),
(256, 'Reem Noueihed', 28, 'Team Member', 1, NULL, 'Single', NULL, NULL, NULL, '2024-08-08', '1202', 'reemnoueihed@outlook.com', '79-183268', 'Yes', 'Ras El Maten', 'images/67be11a3c8c1a.png', '2025-02-24 22:00:00', '2025-02-25 16:53:00', 4, NULL, NULL, NULL, NULL, NULL, NULL, NULL, '1995-06-05'),
(257, 'Angie Bou Trad', 28, 'Supporter', 1, NULL, 'Single', NULL, NULL, NULL, '2022-09-01', '1690', 'angie.boutrad@icloud.com', '76-408442', 'No', 'Mansourieh', 'images\\Angie Bou Trad.png', '2025-02-24 22:00:00', '2025-02-24 22:00:00', 4, NULL, NULL, NULL, NULL, NULL, NULL, NULL, '2004-01-27'),
(258, 'Lynn Barakat', 28, 'Junior Cashier', 1, NULL, 'Single', NULL, NULL, NULL, '2024-07-30', '1361', 'Lynnebarakat@gmail.com', '81-749113', 'No', 'Dekwaneh', 'images\\Lynn Barakat.png', '2025-02-24 22:00:00', '2025-02-24 22:00:00', 7, NULL, NULL, NULL, NULL, NULL, NULL, NULL, '2002-10-09'),
(259, 'Mohamad Kitmitto', 33, 'Executive', 1, NULL, 'Single', NULL, NULL, NULL, '2010-01-01', '1434', 'mhmad.kit@gmail.com', '76067925', 'Yes', 'Basta Al Fawka', 'images/67be11d76840c.png', '2025-02-24 22:00:00', '2025-02-25 16:54:00', 20, NULL, NULL, NULL, NULL, NULL, NULL, NULL, '1991-11-29'),
(260, 'Sabah Malaeb', 33, 'Specialist', 1, NULL, 'Single', NULL, NULL, NULL, '2021-06-07', '2587', 'sabah.malaeb106@hotmail.com', '71/515324', 'No', 'Baissour ', 'images/67be11c605860.png', '2025-02-24 22:00:00', '2025-02-25 16:53:00', 2, NULL, NULL, NULL, NULL, NULL, NULL, NULL, '1996-06-10'),
(261, 'Wael Nassereddine', 33, 'Senior Representative', 1, NULL, 'Married', NULL, NULL, NULL, '2012-01-11', '1878', 'Waelnasereddine@gmail.com', '71-289494', 'No', 'Haret Hreik', 'images\\wael nassereddine.png', '2025-02-24 22:00:00', '2025-02-24 22:00:00', 4, NULL, NULL, NULL, NULL, NULL, NULL, NULL, '1990-11-17'),
(262, 'Maria Al Abou', 33, 'Supervisor', 1, NULL, 'Single', NULL, NULL, NULL, '2023-01-05', '2254', 'mariaalabou@gmail.com', '76-950167', 'No', 'Unesco', 'images\\Maria Al Abou.png', '2025-02-24 22:00:00', '2025-02-24 22:00:00', 20, NULL, NULL, NULL, NULL, NULL, NULL, NULL, '2002-06-01'),
(263, 'Rami Noureddine', 33, 'Senior Supporter', 1, NULL, 'Married', NULL, NULL, NULL, '2001-11-26', '125', 'raminoureddine03@gmail.com', '03-461908', 'Moto', 'Al Shiyah ', 'images\\rami noureddine.png', '2025-02-24 22:00:00', '2025-02-24 22:00:00', 8, NULL, NULL, NULL, NULL, NULL, NULL, NULL, '1977-08-02'),
(264, 'Siraj Arida', 33, 'Supporter', 1, NULL, 'Single', NULL, NULL, NULL, '2024-01-12', '2397', 'siraj.s.alaridi@gmail.com', '70-601421', 'No', 'Aley', 'images\\siraj arida.png', '2025-02-24 22:00:00', '2025-02-24 22:00:00', 3, NULL, NULL, NULL, NULL, NULL, NULL, NULL, '2000-07-17'),
(265, 'Dana Itani', 33, 'Cashier', 1, NULL, 'Married', NULL, NULL, NULL, '2024-09-10', '2147', 'itanidana431@gmail.com', '70-842968', 'Yes', 'Mar Elias', 'images\\Dana Itani.png', '2025-02-24 22:00:00', '2025-02-24 22:00:00', 7, NULL, NULL, NULL, NULL, NULL, NULL, NULL, '1994-09-13'),
(266, 'Mohamad Al Chami', 33, 'Team Member', 1, NULL, 'Single', NULL, NULL, NULL, '2023-11-28', '1212', 'mohammedsameh05@outlook.com', '81-848791', 'No', 'Saadiyat', 'images\\Mohamad Al Chami.png', '2025-02-24 22:00:00', '2025-02-24 22:00:00', 1, NULL, NULL, NULL, NULL, NULL, NULL, NULL, '2003-10-06'),
(267, 'Amani Yehya', 33, 'Supporter', 1, NULL, 'Single', NULL, NULL, NULL, '2021-10-09', '2077', 'yehia2812@gmail.com', '76/645569', 'No', 'Brih', 'images\\Amani Yehya.png', '2025-02-24 22:00:00', '2025-02-24 22:00:00', 7, NULL, NULL, NULL, NULL, NULL, NULL, NULL, '2002-10-15'),
(268, 'Kassem Ghandour', 33, 'Junior Stationery', 1, NULL, 'Single', NULL, NULL, NULL, '2023-11-17', '1928', 'kassemfouadghandour@gmail.com', '81-361906', 'Moto', 'Hadath', 'images\\Default.jpg', '2025-02-24 22:00:00', '2025-02-24 22:00:00', 4, NULL, NULL, NULL, NULL, NULL, NULL, NULL, '2002-10-10'),
(269, 'Myriam Salame', 63, 'Senior Officer', 1, NULL, 'Single', NULL, NULL, NULL, '2013-07-29', '2059', 'myriamsalameh7@gmail.com', '', 'Moto', 'Al Shiyah ', 'images\\Myriam Salame.png', '2025-02-24 22:00:00', '2025-02-24 22:00:00', 20, NULL, NULL, NULL, NULL, NULL, NULL, NULL, '1995-08-15'),
(270, 'Julien El Khoury', 63, 'Senior Supporter', 1, NULL, 'Single', NULL, NULL, NULL, '2024-01-12', '1317', 'julienelkh@gmail.com', '70-505133', 'Yes', 'Ain Al Remmaneh', 'images\\Julien El Khoury.png', '2025-02-24 22:00:00', '2025-02-24 22:00:00', 3, NULL, NULL, NULL, NULL, NULL, NULL, NULL, '1994-12-13'),
(271, 'Hoda Boulos', 63, 'Specialist', 1, NULL, 'Single', NULL, NULL, NULL, '2021-09-07', '1991', 'hodaboulos2000@gmail.com', '76 445 534', 'Yes', 'Kornet Al Hamra', 'images\\Hoda Boulos.png', '2025-02-24 22:00:00', '2025-02-24 22:00:00', 7, NULL, NULL, NULL, NULL, NULL, NULL, NULL, '2000-09-09'),
(272, 'Hady Jamil', 63, 'Supporter', 1, NULL, 'Single', NULL, NULL, NULL, '2024-07-01', '2180', 'hadyjam1@gmail.com', '03-783148', 'Yes', 'Zalka ', 'images\\Hady Jamil.png', '2025-02-24 22:00:00', '2025-02-24 22:00:00', 3, NULL, NULL, NULL, NULL, NULL, NULL, NULL, '1986-01-29'),
(273, 'Vanessa Noun', 63, 'Supervisor', 1, NULL, 'Single', NULL, NULL, NULL, '2022-11-16', '1990', 'vanessanoun0@gmail.com', '78-960756', 'Yes', 'Jdeideh', 'images\\Vanessa Noun.png', '2025-02-24 22:00:00', '2025-02-24 22:00:00', 20, NULL, NULL, NULL, NULL, NULL, NULL, NULL, '2002-09-28'),
(274, 'Fouad Assaf', 63, 'Junior Services', 1, NULL, 'Single', NULL, NULL, NULL, '2024-07-15', '1662', 'fouadassaf01@gmail.com', '03-907491', 'Yes', 'Dbayeh', 'images\\Fouad Assaf.png', '2025-02-24 22:00:00', '2025-02-24 22:00:00', 1, NULL, NULL, NULL, NULL, NULL, NULL, NULL, '2001-08-28'),
(275, 'Nour Farah', 63, 'Senior Supporter', 1, NULL, 'Single', NULL, NULL, NULL, '2023-07-12', '2609', 'noursf123@gmail.com', '71-772537', 'no', 'Beit Al Chaar', 'images\\Nour Farah.png', '2025-02-24 22:00:00', '2025-02-24 22:00:00', 3, NULL, NULL, NULL, NULL, NULL, NULL, NULL, '2004-09-21'),
(276, 'Fabien Farah', 63, 'Team Member', 1, NULL, 'Single', NULL, NULL, NULL, '2024-08-08', '1521', 'fabien.farah70@gmail.com', '', 'No', 'Iklim El Kharroub', 'images\\Fabien Farah.png', '2025-02-24 22:00:00', '2025-02-24 22:00:00', 4, NULL, NULL, NULL, NULL, NULL, NULL, NULL, '2001-11-25'),
(277, 'Tania Ballout', 63, 'Team Member', 1, NULL, 'Single', NULL, NULL, NULL, '2024-03-07', '2230', 'tatianabalout@gmail.com', '81-183641', 'No', 'Mtein', 'images\\Tania Ballout.png', '2025-02-24 22:00:00', '2025-02-24 22:00:00', 7, NULL, NULL, NULL, NULL, NULL, NULL, NULL, '2003-11-16'),
(278, 'Rita Maria Adas', 63, 'Supporter', 1, NULL, 'Single', NULL, NULL, NULL, '2022-10-03', '1864', 'Rita-maria.adas@hotmail.com', '71-284734', 'No', 'Antelias', 'images\\Rita Maria Adas.png', '2025-02-24 22:00:00', '2025-02-24 22:00:00', 4, NULL, NULL, NULL, NULL, NULL, NULL, NULL, '2003-10-13'),
(279, 'Peter Farah', 63, 'Supporter', 1, NULL, 'Single', NULL, NULL, NULL, '2023-10-19', '1137', 'peterfarahh@hotmail.com', '71-722178', 'Yes', 'Antelias', 'images\\Peter Farah.png', '2025-02-24 22:00:00', '2025-02-24 22:00:00', 1, NULL, NULL, NULL, NULL, NULL, NULL, NULL, '2002-06-27'),
(280, 'Hiba Hichi', 16, 'Manager', 1, NULL, 'Single', NULL, NULL, NULL, '2011-04-02', '1742', 'hiba.hishi@gmail.com', NULL, 'Moto', 'Al Shiyah ', 'images/67be10ebc5063.png', '2025-02-24 22:00:00', '2025-02-25 16:50:00', 20, NULL, NULL, NULL, NULL, NULL, NULL, NULL, '1989-09-18'),
(281, 'Ahmad Ibrahim', 16, 'Specialist', 1, NULL, 'Single', NULL, NULL, NULL, '2018-11-23', '2845', 'ahmadshawki12@gmail.com', '71/174383', 'Yes', 'Bshamoun ', 'images\\Ahmad Ibrahim.png', '2025-02-24 22:00:00', '2025-02-24 22:00:00', 2, NULL, NULL, NULL, NULL, NULL, NULL, NULL, '1996-02-12'),
(282, 'Gael Haddad', 16, 'Processor', 1, NULL, 'Single', NULL, NULL, NULL, '2017-04-10', '2698', 'Gaelhaddad23@gmail.com', '71-081697', 'No', 'Dekwaneh', 'images\\Gael Haddad.png', '2025-02-24 22:00:00', '2025-02-25 16:43:00', 13, NULL, NULL, NULL, NULL, NULL, NULL, NULL, '1998-09-13'),
(283, 'Nouhal Sidani', 16, 'Senior Supporter', 1, NULL, 'Single', NULL, NULL, NULL, '2022-01-11', '1502', 'Nuhalsidani@gmail.com', '76-080536', 'Yes', 'Aramoun', 'images\\Nouhal Sidani.png', '2025-02-24 22:00:00', '2025-02-24 22:00:00', 9, NULL, NULL, NULL, NULL, NULL, NULL, NULL, '2000-02-07'),
(284, 'Malak Shukeir', 16, 'Representative', 1, NULL, 'Single', NULL, NULL, NULL, '2017-09-01', '1158', 'Malaksh_98@icloud.com', '76/946467', 'No', 'Haret Hreik', 'images\\Malak Shukeir.png', '2025-02-24 22:00:00', '2025-02-25 16:44:00', 13, NULL, NULL, NULL, NULL, NULL, NULL, NULL, '1998-02-09'),
(285, 'Alaa Khalil', 16, 'Specialist', 1, NULL, 'Married', NULL, NULL, NULL, '2011-12-21', '1870', 'Alaakhalil001992@gmail.com', '03-798131', 'Yes', 'Tarik Jdideh ', 'images/67be10f9b41a6.png', '2025-02-24 22:00:00', '2025-02-25 16:50:00', 20, NULL, NULL, NULL, NULL, NULL, NULL, NULL, '1992-02-10'),
(286, 'Zahraa Matar', 16, 'Coordinator', 1, NULL, 'Married', NULL, NULL, NULL, '2011-06-18', '1781', 'zahramatar29@gmail.com', '03-487958', 'No', 'Moawad', 'images/67be1128d713e.png', '2025-02-24 22:00:00', '2025-02-25 16:51:00', 9, NULL, NULL, NULL, NULL, NULL, NULL, NULL, '1988-03-05'),
(287, 'Alaa Cheikh', 16, 'Senior Supporter', 1, NULL, 'Single', NULL, NULL, NULL, '2022-12-01', '2122', 'alaa.aec43@gmail.com', '71-495453', 'No', '', 'images\\Alaa Cheikh.png', '2025-02-24 22:00:00', '2025-02-24 22:00:00', 9, NULL, NULL, NULL, NULL, NULL, NULL, NULL, '2000-10-30'),
(288, 'Dalia Barakat', 16, 'Representative', 1, NULL, 'Single', NULL, NULL, NULL, '2016-07-11', '2570', 'Dalia.barakat81@gmail.com', '71-388530', 'No', 'Mazraa', 'images\\Dalia Barakat.png', '2025-02-24 22:00:00', '2025-02-25 16:44:00', 13, NULL, NULL, NULL, NULL, NULL, NULL, NULL, '1991-06-08'),
(289, 'Abdallah Al Mousawi', 16, 'Coordinator', 1, NULL, 'Single', NULL, NULL, NULL, '2009-11-06', '1385', 'abdallahalmoussawi@gmail.com', ' 71 123 681', 'Moto', 'Al Shiyah ', 'images\\Abdallah Al Mousawi.png', '2025-02-24 22:00:00', '2025-02-24 22:00:00', 9, NULL, NULL, NULL, NULL, NULL, NULL, NULL, '1990-01-01'),
(290, 'Joumana Majed', 16, 'Senior Representative', 1, NULL, 'Single', NULL, NULL, NULL, '2015-12-04', '2490', 'jmajed2490@gmail.com', '03-804339', 'Yes', 'chouf', 'images\\Joumana Majed.png', '2025-02-24 22:00:00', '2025-02-25 16:57:00', 9, NULL, NULL, NULL, NULL, NULL, NULL, NULL, '1978-05-28'),
(291, 'Wissam Al Halabi', 16, 'Specialist', 1, NULL, 'Married', NULL, NULL, NULL, '2016-09-27', '2604', 'Wissamhalaby057@gmail.com', '79-105985', 'No', '', 'images\\Wissam Al Halabi.png', '2025-02-24 22:00:00', '2025-02-25 16:45:00', 14, NULL, NULL, NULL, NULL, NULL, NULL, NULL, '1981-07-15'),
(292, 'Khalil Askar', 16, 'Senior Representative', 1, NULL, 'Married', NULL, NULL, NULL, '1991-09-16', '183', 'khalilaskar251169@gmail.com', '03-873427', 'Yes', 'Aley', 'images\\Khalil Askar.png', '2025-02-24 22:00:00', '2025-02-24 22:00:00', 14, NULL, NULL, NULL, NULL, NULL, NULL, NULL, '1969-11-25'),
(293, 'Salim Deek', 16, 'Representative', 1, NULL, 'Married', NULL, NULL, NULL, '2011-07-29', '1809', 'darinedeek3@gmail.com', '70-904244', 'No', 'Ain Mreisseh', 'images\\Salim Deek.png', '2025-02-24 22:00:00', '2025-02-24 22:00:00', 15, NULL, NULL, NULL, NULL, NULL, NULL, NULL, '1968-07-26'),
(294, 'Samer Barakat', 16, 'Supporter', 1, NULL, 'Married', NULL, NULL, NULL, '2021-05-17', '2784', 'Barakats715@gmail.com', '76 906 868', 'Moto', 'Sanayeh', 'images\\Samer Barakat.png', '2025-02-24 22:00:00', '2025-02-24 22:00:00', 8, NULL, NULL, NULL, NULL, NULL, NULL, NULL, '1978-08-06'),
(295, 'Nizar Hamadeh', 16, 'Supporter', 1, NULL, 'Single', NULL, NULL, NULL, '2021-03-26', '1253', 'nizarhamedeh@gmail.com', '71 807 005', 'No', 'Mghayriyeh', 'images\\Nizar Hamadeh.png', '2025-02-24 22:00:00', '2025-02-24 22:00:00', 14, NULL, NULL, NULL, NULL, NULL, NULL, NULL, '1998-01-01'),
(296, 'Maya Jomaa', 16, 'Team Member', 1, NULL, 'Single', NULL, NULL, NULL, '2024-07-02', '1461', 'mayajomaa@outlook.com', '76 700809', 'No', 'Salim Slem', 'images/67be113242418.png', '2025-02-24 22:00:00', '2025-02-25 16:51:00', 9, NULL, NULL, NULL, NULL, NULL, NULL, NULL, '1999-11-20'),
(297, 'Ahmad Diab', 16, 'Senior Supporter', 1, NULL, 'Single', NULL, NULL, NULL, '2010-07-07', '1542', 'ahmad.diab3987@gmail.com', '70-880638', 'Moto', 'Tarik Jdideh ', 'images\\Ahmad Diab.png', '2025-02-24 22:00:00', '2025-02-24 22:00:00', 8, NULL, NULL, NULL, NULL, NULL, NULL, NULL, '1987-10-22'),
(298, 'Tala Fakhreddine', 16, 'Supporter', 1, NULL, 'Single', NULL, NULL, NULL, '2023-02-22', '2316', 'fakherelddinetala@gmail.com', '71-165445', 'No', 'Beirut', 'images\\Tala fakhreddine.png', '2025-02-24 22:00:00', '2025-02-24 22:00:00', 9, NULL, NULL, NULL, NULL, NULL, NULL, NULL, '1998-07-10'),
(299, 'Hassan Seif Eddine', 16, 'Team Member', 1, NULL, 'Married', NULL, NULL, NULL, '2024-09-10', '2341', 'sayfohassan092@gmail.com', '78-822926', 'Moto', 'Qmatiyeh', 'images/67be11396e0b8.png', '2025-02-24 22:00:00', '2025-02-25 16:51:00', 14, NULL, NULL, NULL, NULL, NULL, NULL, NULL, '1994-08-27'),
(300, 'Kifah Yehya', 16, 'Supporter', 1, NULL, 'Single', NULL, NULL, NULL, '2023-05-02', '2450', 'kifah.yehya1@gmail.com', '71-920211', 'Yes', 'Benay', 'images\\Kifah Yehya.png', '2025-02-24 22:00:00', '2025-02-24 22:00:00', 9, NULL, NULL, NULL, NULL, NULL, NULL, NULL, '1999-12-01'),
(301, 'Fadi Al Danaf', 16, 'Specialist ', 1, NULL, 'Married', NULL, NULL, NULL, '2015-04-29', '2380', 'fadidanaf1986@gmail.com', '70-508883', 'Yes', 'Baalechmay', 'images\\Fadi Al Danaf.png', '2025-02-24 22:00:00', '2025-02-24 22:00:00', 11, NULL, NULL, NULL, NULL, NULL, NULL, NULL, '1986-09-22'),
(302, 'Shorouk Abd Alkader', 16, 'Team Member', 1, NULL, 'Single', NULL, NULL, NULL, '2023-06-15', '2563', 'shoroukabdalkader@gmail.com', '81-806443', 'No', 'Aramoun', 'images\\Shorouk Abd AlKader.png', '2025-02-24 22:00:00', '2025-02-24 22:00:00', 7, NULL, NULL, NULL, NULL, NULL, NULL, NULL, '2000-10-14'),
(303, 'Omar Wehbe Al Masri', 16, 'Supporter', 1, NULL, 'Single', NULL, NULL, NULL, '2024-05-01', '2633', 'Omar.wehbealmasri@gmail.com', '71-345340', 'Yes', 'Sanayeh', 'images\\Default.jpg', '2025-02-24 22:00:00', '2025-02-24 22:00:00', 11, NULL, NULL, NULL, NULL, NULL, NULL, NULL, '2002-09-04'),
(304, 'Wael Ramadan', 16, 'Senior Supporter', 1, NULL, 'Married', NULL, NULL, NULL, '2012-04-13', '1937', 'Wael.officesupplies@gmail.com', '76-709092', 'Yes', '', 'images\\Wael Ramadan.png', '2025-02-24 22:00:00', '2025-02-24 22:00:00', 11, NULL, NULL, NULL, NULL, NULL, NULL, NULL, '1978-03-10'),
(305, 'Mahmoud Taha', 16, 'Team Member', 1, NULL, 'Single', NULL, NULL, NULL, '2024-05-29', '2125', 'Mahmoudalitaha123@gmail.com', '81-910804', 'Moto', 'Burj Abi Haidar', 'images/67be1140dc262.png', '2025-02-24 22:00:00', '2025-02-25 16:51:00', 15, NULL, NULL, NULL, NULL, NULL, NULL, NULL, '2000-03-25'),
(306, 'Georgete Tabet', 39, 'Team Member', 1, NULL, 'Single', NULL, NULL, NULL, '2024-09-12', '1346', 'srgeorgettemarie@gmail.com', '70-248711', 'No', 'Ein El Remeneh', 'images\\Georgete Tabet.png', '2025-02-24 22:00:00', '2025-02-24 22:00:00', 16, NULL, NULL, NULL, NULL, NULL, NULL, NULL, '1971-04-23'),
(307, 'Shadi Ghraizi', 39, 'Team Member', 1, NULL, 'Single', NULL, NULL, NULL, '2024-07-16', '1645', 'shadighr765@gmail.com', '03-102932', 'Yes', 'Btater', 'images\\Shadi Ghraizi.png', '2025-02-24 22:00:00', '2025-02-24 22:00:00', 6, NULL, NULL, NULL, NULL, NULL, NULL, NULL, '2002-09-16'),
(308, 'Mariam Tohme', 39, 'Team Member', 1, NULL, 'Single', NULL, NULL, NULL, '2024-05-16', '2863', 'mariam.n.tohme@gmail.com', '70-446156', 'No', 'Furn Al Chebak', 'images/67be11d15e361.png', '2025-02-24 22:00:00', '2025-02-25 16:54:00', 20, NULL, NULL, NULL, NULL, NULL, NULL, NULL, '1996-09-20'),
(309, 'Aslan Khaddaj', 39, 'Supporter', 1, NULL, 'Single', NULL, NULL, NULL, '2023-06-06', '2537', 'aslankhaddaj1998@gmail.com', '76-156051', 'Yes', 'Qabrchmoun', 'images\\Aslan Khaddaj.png', '2025-02-24 22:00:00', '2025-02-24 22:00:00', 3, NULL, NULL, NULL, NULL, NULL, NULL, NULL, '2003-04-21'),
(310, 'Karim Hakim', 39, 'Supporter', 1, NULL, 'Single', NULL, NULL, NULL, '2024-08-22', '1415', 'karim.el.hakim2004@gmail.com', '78-969402', 'No', 'Sawfar', 'images\\Karim Hakim.png', '2025-02-24 22:00:00', '2025-02-24 22:00:00', 3, NULL, NULL, NULL, NULL, NULL, NULL, NULL, '2004-11-24'),
(311, 'Jad Abboud', 39, 'Team Member', 1, NULL, 'Single', NULL, NULL, NULL, '2024-09-02', '1606', 'jad.abboud.j.k@gmail.com', '70-588137', 'Yes', 'Dekwaneh', 'images/67be11df52e44.png', '2025-02-24 22:00:00', '2025-02-25 16:54:00', 7, NULL, NULL, NULL, NULL, NULL, NULL, NULL, '2002-06-06'),
(312, 'Cezar Al Ahmadieh', 39, 'Team Member', 1, NULL, 'Single', NULL, NULL, NULL, '2024-07-04', '2769', 'ceasaralahmadieh@gmail.com', '03-038330', 'No', 'Sawfar', 'images\\Cezar Al Ahmadieh.png', '2025-02-24 22:00:00', '2025-02-24 22:00:00', 1, NULL, NULL, NULL, NULL, NULL, NULL, NULL, '2003-11-12'),
(313, 'Shadi Abou Dargham', 39, 'Manager', 1, NULL, 'Single', NULL, NULL, NULL, '2006-06-02', '735', 'aboudarghamshadi@gmail.com', '3714625', 'Yes', 'Mansourieh', 'images\\Shadi Abou Dargham.png', '2025-02-24 22:00:00', '2025-02-24 22:00:00', 20, NULL, NULL, NULL, NULL, NULL, NULL, NULL, '1982-12-22'),
(314, 'Saher Shemas', 39, 'Senior Supervisor', 1, NULL, 'Single', NULL, NULL, NULL, '2022-12-01', '2173', 'Saher_shamas@outlook.com', '70-494903', 'Yes', 'Chiyah', 'images\\Saher Shemas.png', '2025-02-24 22:00:00', '2025-02-24 22:00:00', 20, NULL, NULL, NULL, NULL, NULL, NULL, NULL, '1995-03-31'),
(315, 'Rami El Hakim', 39, 'Coordinator', 1, NULL, 'Married', NULL, NULL, NULL, '2007-09-18', '921', 'elhakimrami@gmail.com', '03-077438', 'No', 'Mesherfy', 'images\\Rami El Hakim.png', '2025-02-24 22:00:00', '2025-02-24 22:00:00', 2, NULL, NULL, NULL, NULL, NULL, NULL, NULL, '1980-02-02'),
(316, 'Chirine Ammar', 39, 'Officer', 1, NULL, 'Married', NULL, NULL, NULL, '2007-04-13', '1492', 'chirineamar@gmail.com', '81687807', 'No', 'Burj Al Barajneh', 'images\\Chirine Ammar.png', '2025-02-24 22:00:00', '2025-02-24 22:00:00', 20, NULL, NULL, NULL, NULL, NULL, NULL, NULL, '1981-01-27'),
(317, 'Ismail Kadi', 39, 'Specialist', 1, NULL, 'Married', NULL, NULL, NULL, '2006-01-12', '669', 'ismailkadi12345@gmail.com', '76-796982', 'No', 'Salim Sleem', 'images\\Ismail Kadi.png', '2025-02-24 22:00:00', '2025-02-24 22:00:00', 16, NULL, NULL, NULL, NULL, NULL, NULL, NULL, '1982-12-24'),
(318, 'Rita Nader', 39, 'Senior Supporter', 1, NULL, 'Single', NULL, NULL, NULL, '2022-11-18', '2098', 'Ritanader20102001@gmail.com ', '70-530843', 'No', 'Burj Hammoud ', 'images\\Rita Nader.png', '2025-02-24 22:00:00', '2025-02-24 22:00:00', 4, NULL, NULL, NULL, NULL, NULL, NULL, NULL, '2001-10-20'),
(319, 'Ahmad Doueiry', 39, 'Senior Supporter', 1, NULL, 'Single', NULL, NULL, NULL, '2022-03-16', '2025', 'ahmaddwayri95@gmail.com', '76-395109', 'Yes', 'Tarik Jdideh ', 'images\\ahmad doueiry.png', '2025-02-24 22:00:00', '2025-02-24 22:00:00', 1, NULL, NULL, NULL, NULL, NULL, NULL, NULL, '1995-08-07'),
(320, 'Jinane Wehbe', 39, 'Team Member', 1, NULL, 'Single', NULL, NULL, NULL, '2024-02-13', '2781', 'Wehbejinane94@gmail.com', '76-681485', 'Yes', 'Sin Al Fil', 'images/67be11e4989e4.png', '2025-02-24 22:00:00', '2025-02-25 16:54:00', 7, NULL, NULL, NULL, NULL, NULL, NULL, NULL, '1988-10-21'),
(321, 'Yehya Mashakah', 39, 'Team Member', 1, NULL, 'Single', NULL, NULL, NULL, '2024-04-01', '2014', 'ymashakah@gmail.com', '76-843369', 'Moto', 'Cornishe Al Mazraa', 'images/67be11e98a3d1.png', '2025-02-24 22:00:00', '2025-02-25 16:54:00', 4, NULL, NULL, NULL, NULL, NULL, NULL, NULL, '2003-04-28'),
(322, 'Hassan Sabea', 15, 'Manager', 1, NULL, 'Single', NULL, NULL, NULL, '2010-01-01', '1443', 'hasabea@gmail.com', '3038243', 'Moto', 'Tahwita Sayed Street', 'images\\Hassan Sabea.png', '2025-02-24 22:00:00', '2025-02-24 22:00:00', 20, NULL, NULL, NULL, NULL, NULL, NULL, NULL, '1990-10-11'),
(323, 'Elie Beaino', 15, 'Senior Specialist', 1, NULL, 'Single', NULL, NULL, NULL, '2014-05-14', '2197', 'eliebeaino89@gmail.com', '71-160583', 'No', 'Zouk Mikhael', 'images/67be07cc64941.png', '2025-02-24 22:00:00', '2025-02-25 16:11:00', 2, NULL, NULL, NULL, NULL, NULL, NULL, NULL, '1989-11-18'),
(324, 'Rami Reda', 15, 'Senior Supervisor', 1, NULL, 'Single', NULL, NULL, NULL, '2018-08-09', '2786', 'ridarami023@gmail.com', '76/779094', 'No', 'Ras Al Nabea', 'images\\Rami Reda.png', '2025-02-24 22:00:00', '2025-02-25 16:45:00', 20, NULL, NULL, NULL, NULL, NULL, NULL, NULL, '1996-01-01'),
(325, 'Mohamad Slim', 15, 'Specialist', 1, NULL, 'Divorced', NULL, NULL, NULL, '2020-11-06', '1727', 'Muhamedslim85@gmail.com', '03 918 497', 'Yes', 'Tripoli', 'images\\Mohamad Slim.png', '2025-02-24 22:00:00', '2025-02-24 22:00:00', 2, NULL, NULL, NULL, NULL, NULL, NULL, NULL, '1984-12-26'),
(326, 'Nour Yammine', 15, 'Senior Supporter', 1, NULL, 'Single', NULL, NULL, NULL, '2022-11-25', '2101', 'Nouryammine10@gmail.com', '79-129076', 'No', 'Naher Al Kalb', 'images\\Nour Yammine.png', '2025-02-24 22:00:00', '2025-02-24 22:00:00', 4, NULL, NULL, NULL, NULL, NULL, NULL, NULL, '2001-12-08'),
(327, 'Omar Haddarah', 15, 'Senior Supporter', 1, NULL, 'Single', NULL, NULL, NULL, '2022-11-05', '1987', 'Omar.haddarah.120@gmail.com', '71-379199', 'No', 'Tarik Jdideh ', 'images\\Omar Haddarah.png', '2025-02-24 22:00:00', '2025-02-24 22:00:00', 1, NULL, NULL, NULL, NULL, NULL, NULL, NULL, '1995-01-01'),
(328, 'Mohamad Domiaty', 15, 'Senior Supporter', 1, NULL, 'Married', NULL, NULL, NULL, '2012-10-20', '1971', 'mohammadaldomyati@gmail.com', '70-705941', 'Moto', 'Al Shiyah ', 'images\\Mohamad Domiaty.png', '2025-02-24 22:00:00', '2025-02-24 22:00:00', 8, NULL, NULL, NULL, NULL, NULL, NULL, NULL, '1974-08-16'),
(329, 'Bernard Kabboul', 15, 'Senior Supporter', 1, NULL, 'Single', NULL, NULL, NULL, '2022-07-25', '1482', 'Kabboul.bernard@gmail.com ', '71-735198', 'No', 'Antelias', 'images\\Bernard Kabboul.png', '2025-02-24 22:00:00', '2025-02-24 22:00:00', 3, NULL, NULL, NULL, NULL, NULL, NULL, NULL, '2001-12-04'),
(330, 'Garine Dournayan', 15, 'Team Member', 1, NULL, 'Single', NULL, NULL, NULL, '2024-10-07', '2509', 'garinedournayan@gmail.com', '76-454807', 'Moto', 'Bourj Hammoud', 'images/67be084abe544.png', '2025-02-24 22:00:00', '2025-02-25 16:13:00', 1, NULL, NULL, NULL, NULL, NULL, NULL, NULL, '1994-01-19'),
(331, 'Lili Ghossen', 15, 'Team Member', 1, NULL, 'Married', NULL, NULL, NULL, '2024-07-25', '1362', 'gholili280@gmail.com', '76-570638', 'No', 'Bouchrieh', 'images/67be0838a6a11.png', '2025-02-24 22:00:00', '2025-02-25 16:13:00', 7, NULL, NULL, NULL, NULL, NULL, NULL, NULL, '1993-09-09'),
(332, 'Roberto Slim', 15, 'Team Member', 1, NULL, 'Single', NULL, NULL, NULL, '2023-08-11', '2705', 'roberto.slim.2003@GMAIL.COM', '71-670996', 'Yes', 'Rawda', 'images\\Roberto Slim.png', '2025-02-24 22:00:00', '2025-02-24 22:00:00', 1, NULL, NULL, NULL, NULL, NULL, NULL, NULL, '2003-11-24'),
(333, 'Ali Bechara', 15, 'Team Member', 1, NULL, 'Single', NULL, NULL, NULL, '2024-09-18', '1694', 'alibechara211@gmail.com', '76-467816', 'Moto', 'Dahyeh', 'images/67be10c04d54a.png', '2025-02-24 22:00:00', '2025-02-25 16:49:00', 8, NULL, NULL, NULL, NULL, NULL, NULL, NULL, '1985-11-02'),
(334, 'Kevin Menassa', 15, 'Team Member', 1, NULL, 'Single', NULL, NULL, NULL, '2024-09-26', '1948', 'kevin.menassa@hotmail.com', NULL, 'Moto', 'Al Shiyah ', 'images/67be10e161dee.png', '2025-02-24 22:00:00', '2025-02-25 16:50:00', 5, NULL, NULL, NULL, NULL, NULL, NULL, NULL, '2001-10-23'),
(335, 'Richard Jabbour', 15, 'Team Member', 1, NULL, 'Single', NULL, NULL, NULL, '2024-10-06', '1575', 'richard.jabbour2005@gmail.com', '81-745221', 'No', 'Awkar', 'images\\Richard Jabbour Sp Dbayeh.png', '2025-02-24 22:00:00', '2025-02-24 22:00:00', 4, NULL, NULL, NULL, NULL, NULL, NULL, NULL, '2003-08-04'),
(336, 'Maria Waked', 15, 'Supporter', 1, NULL, 'Single', NULL, NULL, NULL, '2023-06-15', '2572', 'mariajwaked3@gmail.com', '81-249567', 'No', 'Naccache', 'images\\Maria Waked.png', '2025-02-24 22:00:00', '2025-02-24 22:00:00', 7, NULL, NULL, NULL, NULL, NULL, NULL, NULL, '2004-08-10'),
(337, 'Gio Estephan', 15, 'Junior Joker', 1, NULL, 'Single', NULL, NULL, NULL, '2023-12-01', '1818', 'gioestephan@icloud.com', '76-564054', 'No', 'Sin Al Fil', 'images\\Gio Stephan Sp Dbayeh.png', '2025-02-24 22:00:00', '2025-02-24 22:00:00', 6, NULL, NULL, NULL, NULL, NULL, NULL, NULL, '2004-03-19'),
(338, 'Jean Claude Mattar', 15, 'Team Member', 1, NULL, 'Single', NULL, NULL, NULL, '2023-07-12', '2610', 'jayceemattar@gmail.com', '81-993490', 'No', 'Safra', 'images\\Jean Claude Mattar.png', '2025-02-24 22:00:00', '2025-02-24 22:00:00', 1, NULL, NULL, NULL, NULL, NULL, NULL, NULL, '2003-08-16'),
(339, 'Jean Pierre Khoury', 15, 'Team Member', 1, NULL, 'Single', NULL, NULL, NULL, '2024-07-16', '1114', 'Khouryjeanpierre0@gmail.com', NULL, 'Yes', 'Bsalim ', 'images\\Jean Pierre Khoury Sp Dbayeh.png', '2025-02-24 22:00:00', '2025-02-25 16:56:00', 4, NULL, NULL, NULL, NULL, NULL, NULL, NULL, '1987-05-16'),
(340, 'Majd Noun', 15, 'Team Member', 1, NULL, 'Single', NULL, NULL, NULL, '2024-07-16', '1398', 'majdnoun25@gmail.com', '76-067766', 'No', 'Naccache', 'images\\Majd Noun Sp Dbayeh.png', '2025-02-24 22:00:00', '2025-02-24 22:00:00', 4, NULL, NULL, NULL, NULL, NULL, NULL, NULL, '2005-08-25'),
(341, 'Mickael Khoury', 15, 'Team Member', 1, NULL, 'Single', NULL, NULL, NULL, '2024-08-23', '1708', 'mickaelkhoury06@gmail.com', '71-898158', 'No', 'Dbayeh', 'images\\Micheal Khoury Sp Dbayeh.png', '2025-02-24 22:00:00', '2025-02-24 22:00:00', 4, NULL, NULL, NULL, NULL, NULL, NULL, NULL, '2006-07-08'),
(342, 'Diala Barakat', 31, 'Manager', 1, NULL, 'Single', NULL, NULL, NULL, '2012-10-09', '1967', 'dialab14@gmail.com', '81683911', 'Yes', 'Kfarmatta', 'images\\Diala Barakat.png', '2025-02-24 22:00:00', '2025-02-24 22:00:00', 20, NULL, NULL, NULL, NULL, NULL, NULL, NULL, '1993-06-21');
INSERT INTO `employee_info` (`id`, `name`, `branch_id`, `title`, `status`, `blood_type`, `marital_status`, `shift`, `whish_number`, `where_can_work`, `date_hired`, `pin_code`, `email`, `phone`, `car`, `address`, `image_path`, `created_at`, `updated_at`, `job`, `left_date`, `left_reason`, `give_notice`, `is_good_performer`, `is_positive_person`, `exit_interview_remarks`, `is_recommended_to_back`, `birthday`) VALUES
(343, 'Suzanne Kaedbay', 31, 'Supervisor', 1, NULL, 'Single', NULL, NULL, NULL, '2022-09-15', '1531', 'suzzane.kaedbay1@gmail.com', '', 'Moto', 'Al Shiyah ', 'images\\Suzanne KaedBay.png', '2025-02-24 22:00:00', '2025-02-24 22:00:00', 20, NULL, NULL, NULL, NULL, NULL, NULL, NULL, '1995-01-01'),
(344, 'Aya Turk', 31, 'Senior Specialist', 1, NULL, 'Married', NULL, NULL, NULL, '2015-07-30', '2436', 'ayaturek@gmail.com', '71-403683', 'No', 'Saida ', 'images\\Aya Turk.png', '2025-02-24 22:00:00', '2025-02-24 22:00:00', 4, NULL, NULL, NULL, NULL, NULL, NULL, NULL, '1994-04-05'),
(345, 'Issa Rustom', 31, 'Senior Supporter', 1, NULL, 'Single', NULL, NULL, NULL, '2017-08-01', '1004', 'issarustom777@gmail.com', '76-635928', 'No', 'Zeidaniyeh', 'images\\Issa Rustom.png', '2025-02-24 22:00:00', '2025-02-25 16:46:00', 3, NULL, NULL, NULL, NULL, NULL, NULL, NULL, '1997-10-15'),
(346, 'Mohamad Iskaf', 31, 'Senior Supporter  ', 1, NULL, 'Married', NULL, NULL, NULL, '2000-03-02', '210', 'Mo7amadskaf77@gmail.com', '03-936657', 'Moto', '', 'images\\Mohamad Iskaf.png', '2025-02-24 22:00:00', '2025-02-24 22:00:00', 8, NULL, NULL, NULL, NULL, NULL, NULL, NULL, '1977-01-01'),
(347, 'Sarjoun Rafeh', 31, 'Supporter', 1, NULL, 'Single', NULL, NULL, NULL, '2023-09-04', '2581', 'sarjounrafeh11@gmail.com', '70-846510', 'Yes', 'Bsatine', 'images\\Sarjoun Rafeh.png', '2025-02-24 22:00:00', '2025-02-24 22:00:00', 3, NULL, NULL, NULL, NULL, NULL, NULL, NULL, '2002-01-11'),
(348, 'Rayan Edelbi', 31, 'Supporter', 1, NULL, 'Single', NULL, NULL, NULL, '2023-06-01', '2534', 'rayedelbi5@gmail.com', '76-032582', 'Moto', 'Tarik Al Jdideh', 'images\\Rayan Edelbi.png', '2025-02-24 22:00:00', '2025-02-24 22:00:00', 1, NULL, NULL, NULL, NULL, NULL, NULL, NULL, '1999-04-21'),
(349, 'Celine Ismail', 31, 'Team Member', 1, NULL, 'Single', NULL, NULL, NULL, '2024-08-09', '1203', 'celineismail123@gmail.com', '', 'No', 'Iklim El Kharroub', 'images\\Celine Ismail.png', '2025-02-24 22:00:00', '2025-02-24 22:00:00', 7, NULL, NULL, NULL, NULL, NULL, NULL, NULL, '2003-08-23'),
(350, 'Adeeb Al Gharib', 31, 'Senior Supporter', 1, NULL, 'Single', NULL, NULL, NULL, '2022-11-03', '1980', 'alghareebadeeb8@gmail.com', '81 790 007', 'No', 'Kfarmatta', 'images\\Adeeb Al Gharib.png', '2025-02-24 22:00:00', '2025-02-24 22:00:00', 3, NULL, NULL, NULL, NULL, NULL, NULL, NULL, '2003-03-21'),
(351, 'Jad Safsouf', 31, 'Team Member', 1, NULL, 'Single', NULL, NULL, NULL, '2024-06-04', '1383', 'Jad.safouf@icloud.com', '76-081915', 'Moto', 'Bchamoun', 'images\\Jad Safsouf.png', '2025-02-24 22:00:00', '2025-02-24 22:00:00', 5, NULL, NULL, NULL, NULL, NULL, NULL, NULL, '1999-11-24'),
(352, 'Hassan Alawieh', 31, 'Junior Joker', 1, NULL, 'Single', NULL, NULL, NULL, '2023-11-11', '1189', 'Alawieh246@gmail.com', '76-960728', 'Yes', 'Bir Hassan', 'images\\Hassan Alawieh Sp Jnah.png', '2025-02-24 22:00:00', '2025-02-24 22:00:00', 6, NULL, NULL, NULL, NULL, NULL, NULL, NULL, '2002-05-18'),
(353, 'Bassel Younis', 31, 'Supporter', 1, NULL, 'Single', NULL, NULL, NULL, '2023-08-29', '2441', 'bassel.younes123@gmail.com', '70-396870', 'No', 'Haret Hreik', 'images\\Bassel Younis.png', '2025-02-24 22:00:00', '2025-02-24 22:00:00', 7, NULL, NULL, NULL, NULL, NULL, NULL, NULL, '2001-12-23'),
(354, 'Lilas Fakhreddine', 31, 'Supporter', 1, NULL, 'Single', NULL, NULL, NULL, '2024-03-15', '1616', 'lilyfakhreddine9@gmail.com', '81-250795', 'No', 'Ain Anoub', 'images\\Lilas Fakhreddine Sp Jnah.png', '2025-02-24 22:00:00', '2025-02-24 22:00:00', 3, NULL, NULL, NULL, NULL, NULL, NULL, NULL, '2004-02-18'),
(355, 'Hadi Shehab', 31, 'Team Member', 1, NULL, 'Single', NULL, NULL, NULL, '2024-09-11', '2448', '123hadi123hadi@gmail.com', '81-634982', 'No', 'Mrayjeh', 'images\\Hadi Chehab.png', '2025-02-24 22:00:00', '2025-02-24 22:00:00', 1, NULL, NULL, NULL, NULL, NULL, NULL, NULL, '2006-02-13'),
(356, 'Lara Malaeb', 40, 'Supervisor', 1, NULL, 'Single', NULL, NULL, NULL, '2022-12-09', '2193', 'Laraa.h.malaeb@gmail.com', '70-362671', 'No', 'Beanay', 'images\\Lara Malaeb.png', '2025-02-24 22:00:00', '2025-02-24 22:00:00', 20, NULL, NULL, NULL, NULL, NULL, NULL, NULL, '2001-12-14'),
(357, 'Lidia Hamdan', 40, 'Team Leader', 1, NULL, 'Single', NULL, NULL, NULL, '2022-10-14', '1953', 'lidiahamdan18@gmail.com', '76-181712', 'No', 'Hamra', 'images\\Lidia Hamdan.png', '2025-02-24 22:00:00', '2025-02-24 22:00:00', 20, NULL, NULL, NULL, NULL, NULL, NULL, NULL, '2001-07-31'),
(358, 'Ola Fakher', 40, 'Junior Stationery', 1, NULL, 'Single', NULL, NULL, NULL, '2022-10-01', '1845', 'olafakher02@gmail.com', '76-476916', 'No', 'Deir Qoubel', 'images\\Ola Fakher.png', '2025-02-24 22:00:00', '2025-02-24 22:00:00', 4, NULL, NULL, NULL, NULL, NULL, NULL, NULL, '1998-02-13'),
(359, 'Amir Kaedbey', 40, 'Supporter', 1, NULL, 'Single', NULL, NULL, NULL, '2021-09-01', '1641', 'Amirkaedbey02@gmail.com ', '70-836407', 'No', 'Ain Anoub', 'images\\Amir Kaedbey.png', '2025-02-24 22:00:00', '2025-02-24 22:00:00', 3, NULL, NULL, NULL, NULL, NULL, NULL, NULL, '2002-04-05'),
(360, 'Sara Jurdi', 40, 'Team Member', 1, NULL, 'Single', NULL, NULL, NULL, '2024-02-09', '2780', 'sarajurdi916@gmail.com', '70-282654', 'No', 'Aramoun', 'images\\Sara Al Jurdi Spot C.png', '2025-02-24 22:00:00', '2025-02-24 22:00:00', 4, NULL, NULL, NULL, NULL, NULL, NULL, NULL, '2003-01-23'),
(361, 'Nancy Abou Ibrahim', 40, 'Team Member', 1, NULL, 'Single', NULL, NULL, NULL, '2023-12-04', '1452', 'nancyabouibrahim9@gmail.com', '76-778113', 'No', 'Aitat', 'images\\Nancy Abou Ibrahim.png', '2025-02-24 22:00:00', '2025-02-24 22:00:00', 7, NULL, NULL, NULL, NULL, NULL, NULL, NULL, '2001-07-18'),
(362, 'Hassan Sleiman', 75, 'Senior Specialist', 1, NULL, 'Single', NULL, NULL, NULL, '2009-10-09', '1356', 'hassan.sleiman2016@gmail.com', '71-423160', 'Yes', 'Sfeir', 'images\\hasan sleiman.png', '2025-02-24 22:00:00', '2025-02-24 22:00:00', 2, NULL, NULL, NULL, NULL, NULL, NULL, NULL, '1985-06-06'),
(363, 'Hadi El Hassan', 75, 'Senior Supporter', 1, NULL, 'Single', NULL, NULL, NULL, '2022-04-05', '2036', 'Haddy_ab@hotmail.com', '70-988612', 'Moto', 'Basta', 'images\\hadi al hasan.png', '2025-02-24 22:00:00', '2025-02-24 22:00:00', 3, NULL, NULL, NULL, NULL, NULL, NULL, NULL, '1999-04-03'),
(364, 'Ahmad Doughan', 75, 'Senior Representative', 1, NULL, 'Single', NULL, NULL, NULL, '2015-06-16', '2398', 'Ahmaddoughan592@gmail.com', '70-050879', 'Yes', 'Tarik Jdideh ', 'images\\ahmad doughan.png', '2025-02-24 22:00:00', '2025-02-24 22:00:00', 3, NULL, NULL, NULL, NULL, NULL, NULL, NULL, '1994-11-11'),
(365, 'Adham Jawhary', 75, 'Senior Representative', 1, NULL, 'Married', NULL, NULL, NULL, '2014-06-06', '2210', 'adhamjawhary2@gmail.com', '70-762705', 'Yes', 'Aramoun', 'images\\adham jawhary.png', '2025-02-24 22:00:00', '2025-02-24 22:00:00', 3, NULL, NULL, NULL, NULL, NULL, NULL, NULL, '1990-08-18'),
(366, 'Mohamad Faraj', 75, 'Specialist', 1, NULL, 'Single', NULL, NULL, NULL, '2015-09-08', '2471', 'Mohammad.faraj.1020@gmail.com', '71-858771', 'Yes', 'Borj El Barajneh', 'images\\mohamad faraj.png', '2025-02-24 22:00:00', '2025-02-24 22:00:00', 3, NULL, NULL, NULL, NULL, NULL, NULL, NULL, '1996-08-30'),
(367, 'Sami Kassabieh', 75, 'Supporter', 1, NULL, 'Single', NULL, NULL, NULL, '2024-09-16', '2655', 'samikassabiehh@gmail.com', '76-933512', 'Yes', 'Ras El Nabeh', 'images\\Sami Kassabieh.png', '2025-02-24 22:00:00', '2025-02-24 22:00:00', 1, NULL, NULL, NULL, NULL, NULL, NULL, NULL, '2001-03-06'),
(368, 'Zeina Ballout', 35, 'Supervisor', 1, NULL, 'Single', NULL, NULL, NULL, '2006-05-30', '728', 'zeinaballout813@gmail.com', '', 'No', 'Jbeil', 'images\\Zeina Ballout.png', '2025-02-24 22:00:00', '2025-02-24 22:00:00', 20, NULL, NULL, NULL, NULL, NULL, NULL, NULL, '1983-04-28'),
(369, 'Silvana Ghyee', 35, 'Supporter', 1, NULL, 'Single', NULL, NULL, NULL, '2023-12-17', '2703', 'ghyeesilvana@gmail.com', '71-004170', 'No', 'Akkar', 'images\\Silvana Ghyee.png', '2025-02-24 22:00:00', '2025-02-24 22:00:00', 3, NULL, NULL, NULL, NULL, NULL, NULL, NULL, '1997-03-24'),
(370, 'Anthony Harb', 35, 'Junior Cashier', 1, NULL, 'Single', NULL, NULL, NULL, '2024-03-14', '2031', 'anthonyharb2017@gmail.com', '76-190549', 'Yes', 'Jbeil', 'images\\Anthony Harb.png', '2025-02-24 22:00:00', '2025-02-24 22:00:00', 7, NULL, NULL, NULL, NULL, NULL, NULL, NULL, '2002-03-28'),
(371, 'Mustafa Al Assir', 76, 'Senior Supervisor', 1, NULL, 'Married', NULL, NULL, NULL, '2021-12-06', '2141', 'safi.assir@gmail.com', '03-190709', 'Yes', 'Saida', 'images\\ASSIR.png', '2025-02-24 22:00:00', '2025-02-24 22:00:00', 20, NULL, NULL, NULL, NULL, NULL, NULL, NULL, '1987-09-23'),
(372, 'Nizar Al Souri', 76, 'Senior Supervisor', 1, NULL, 'Married', NULL, NULL, NULL, '2009-10-03', '1350', 'nizarsouri1@gmail.com', '', 'Yes', 'Haret Hreik', 'images\\nizar al souri.png', '2025-02-24 22:00:00', '2025-02-24 22:00:00', 20, NULL, NULL, NULL, NULL, NULL, NULL, NULL, '1976-01-01'),
(373, 'Hanaa Breish', 76, 'Senior Supervisor', 1, NULL, 'Divorced', NULL, NULL, NULL, '2014-08-06', '2233', 'haboobano2a@gmail.com', '76-191339', 'Yes', 'Choueifat', 'images\\hanaa breish.png', '2025-02-24 22:00:00', '2025-02-24 22:00:00', 20, NULL, NULL, NULL, NULL, NULL, NULL, NULL, '1986-06-27'),
(374, 'Maher Al Labban', 76, 'Senior Supporter', 1, NULL, 'Married', NULL, NULL, NULL, '1998-11-23', '214', 'MaherLabban1974@gmail.com', '70-857200', 'Yes', 'Madini Riyadiyi ', 'images\\maher labban.png', '2025-02-24 22:00:00', '2025-02-24 22:00:00', 9, NULL, NULL, NULL, NULL, NULL, NULL, NULL, '1974-03-09'),
(375, 'Mona Nahed', 76, 'Supervisor', 1, NULL, 'Single', NULL, NULL, NULL, '2004-02-03', '456', 'monaabouabdallah@gmail.com', '03-086916', 'Yes', 'Burj Hammoud ', 'images\\mona nahed.png', '2025-02-24 22:00:00', '2025-02-24 22:00:00', 20, NULL, NULL, NULL, NULL, NULL, NULL, NULL, '1973-02-15'),
(376, 'Amin Barakat', 17, 'Manager', 1, NULL, 'Married', NULL, NULL, NULL, '1987-03-16', '129', 'aminbarakat03@gmail.com', '71592423', 'Yes', 'Choueifat', 'images\\Amin Barakat.png', '2025-02-24 22:00:00', '2025-02-24 22:00:00', 20, NULL, NULL, NULL, NULL, NULL, NULL, NULL, '1969-11-10'),
(377, 'Carine Chreif', 17, 'Supervisor', 1, NULL, 'Single', NULL, NULL, NULL, '2022-02-04', '1901', 'chreifcarine62@gmail.com', '81-941435', 'No', 'Burj Al Barajneh', 'images\\Carine Chreif.png', '2025-02-24 22:00:00', '2025-02-24 22:00:00', 20, NULL, NULL, NULL, NULL, NULL, NULL, NULL, '2003-06-25'),
(378, 'Mirvat Charafdine', 17, 'Representative', 1, NULL, 'Single', NULL, NULL, NULL, '2005-09-05', '614', 'mirvatcharafaldine@gmail.com', '03-801875', 'Moto', 'Al Shiyah ', 'images\\Mirvat Charafdine.png', '2025-02-24 22:00:00', '2025-02-24 22:00:00', 3, NULL, NULL, NULL, NULL, NULL, NULL, NULL, '1974-10-13'),
(379, 'Manal Hamza', 17, 'Senior Representative', 1, NULL, 'Single', NULL, NULL, NULL, '2006-09-27', '758', 'manalhamzeh89@gmail.com', '70-914340', 'Moto', 'Al Shiyah ', 'images\\Manal Hamza.png', '2025-02-24 22:00:00', '2025-02-24 22:00:00', 4, NULL, NULL, NULL, NULL, NULL, NULL, NULL, '1982-09-13'),
(380, 'Omar Khankan', 17, 'Supporter', 1, NULL, 'Single', NULL, NULL, NULL, '2023-12-13', '1216', 'omarkh20172016@gmail.com', '76-976117', 'Yes', 'Noueiri', 'images\\Omar Khankan.png', '2025-02-24 22:00:00', '2025-02-24 22:00:00', 3, NULL, NULL, NULL, NULL, NULL, NULL, NULL, '2002-05-08'),
(381, 'Alaa El Baghdadi', 17, 'Junior Cashier', 1, NULL, 'Single', NULL, NULL, NULL, '2023-10-31', '1142', 'ayaalaaapple@gmail.com', '81-639409', 'No', 'Ras Al Nabea', 'images\\Alaa Al Baghdadi.png', '2025-02-24 22:00:00', '2025-02-24 22:00:00', 7, NULL, NULL, NULL, NULL, NULL, NULL, NULL, '2004-12-24'),
(382, 'Ibrahim Kolailat', 17, 'Junior Services', 1, NULL, 'Single', NULL, NULL, NULL, '2023-10-01', '2182', 'elylet.elylet@gmail.com', '70-419707', 'Moto', 'Burj Al Barajneh', 'images\\Ibrahim Kolailat.png', '2025-02-24 22:00:00', '2025-02-24 22:00:00', 1, NULL, NULL, NULL, NULL, NULL, NULL, NULL, '1993-05-07'),
(383, 'Rida Al Gharib', 17, 'Senior Supporter', 1, NULL, 'Single', NULL, NULL, NULL, '2022-11-02', '1982', 'rida.ghareeb.66@gmail.com', '70 899 878', 'No', 'Kfarmatta', 'images\\Rida Al Ghareeb.png', '2025-02-24 22:00:00', '2025-02-24 22:00:00', 3, NULL, NULL, NULL, NULL, NULL, NULL, NULL, '2003-07-30'),
(384, 'Jad Ayash', 17, 'Supporter', 1, NULL, 'Single', NULL, NULL, NULL, '2022-10-04', '1807', 'Jadayash11@gmail.com', '81-752303', 'Yes', 'Aramoun', 'images\\Jad Ayash.png', '2025-02-24 22:00:00', '2025-02-24 22:00:00', 1, NULL, NULL, NULL, NULL, NULL, NULL, NULL, '2001-03-29'),
(385, 'Khalil Chehade', 17, 'Team Member', 1, NULL, 'Single', NULL, NULL, NULL, '2024-06-10', '2146', 'Khalil.chehade70@gmail.com', '81-715372', 'No', 'Tayouneh', 'images\\Khalil Chehade Verdun.png', '2025-02-24 22:00:00', '2025-02-24 22:00:00', 4, NULL, NULL, NULL, NULL, NULL, NULL, NULL, '2002-03-20'),
(386, 'Nazira Malaeb', 50, 'Executive', 1, NULL, 'Single', NULL, NULL, NULL, '2006-04-20', '716', 'naziramalaeb@gmail.com', '71/459766', 'Yes', 'Baissour', 'images\\Nazira Malaeb.png', '2025-02-24 22:00:00', '2025-02-24 22:00:00', 20, NULL, NULL, NULL, NULL, NULL, NULL, NULL, '1978-10-11'),
(387, 'Nour Imad', 50, 'Senior Representative', 1, NULL, 'Married', NULL, NULL, NULL, '2007-03-26', '843', 'nourimad1986@gmail.com', '78-883678', 'No', 'Kabreshmoun', 'images\\Nour Imad.png', '2025-02-24 22:00:00', '2025-02-24 22:00:00', 15, NULL, NULL, NULL, NULL, NULL, NULL, NULL, '1986-01-03'),
(388, 'Raed Al Kadi', 50, 'Specialist', 1, NULL, 'Single', NULL, NULL, NULL, '2006-06-30', '747', 'raedlquadi@gmail.com', '03-441168', 'No', 'Mejdlaya', 'images\\Raed Al Kadi.png', '2025-02-24 22:00:00', '2025-02-24 22:00:00', 15, NULL, NULL, NULL, NULL, NULL, NULL, NULL, '1981-10-14'),
(389, 'Mahmoud Hussein', 50, 'Representative', 1, NULL, 'Married', NULL, NULL, NULL, '2010-11-02', '1632', 'mahmoudlea497@gmail.com', '71-216821', 'No', 'Jnah', 'images\\Mahmoud Hussein.png', '2025-02-24 22:00:00', '2025-02-24 22:00:00', 15, NULL, NULL, NULL, NULL, NULL, NULL, NULL, '1985-10-25'),
(390, 'Howaida Shrity', 50, 'Specialist', 1, NULL, 'Single', NULL, NULL, NULL, '2006-10-04', '764', 'howaidaalshrity@gmail.com', '03-045118', 'Yes', 'Abey', 'images\\Howaida Shrity.png', '2025-02-24 22:00:00', '2025-02-24 22:00:00', 17, NULL, NULL, NULL, NULL, NULL, NULL, NULL, '1977-10-08'),
(391, 'Mohamad Al Chami', 50, 'Senior Specialist', 1, NULL, 'Married', NULL, NULL, NULL, '2003-04-08', '331', 'm.chami64@gmail.com', '76 644 634', 'No', 'Saadiyat', 'images\\Mohamad Al Chami.png', '2025-02-24 22:00:00', '2025-02-24 22:00:00', 15, NULL, NULL, NULL, NULL, NULL, NULL, NULL, '1964-07-12'),
(392, 'Mazen Ayache', 50, 'Representative', 1, NULL, 'Married', NULL, NULL, NULL, '2007-08-21', '913', 'Mazen.m.ayach@outlook.com  ', '03-518691', 'No', 'Aisha Bakkar ', 'images\\Mazen Ayache.png', '2025-02-24 22:00:00', '2025-02-24 22:00:00', 15, NULL, NULL, NULL, NULL, NULL, NULL, NULL, '1982-04-10'),
(393, 'Omar Diab', 50, 'Junior Back Office', 1, NULL, 'Single', NULL, NULL, NULL, '2023-03-25', '2356', 'abu3mer111.od@gmail.com', '71-291130', 'Moto', 'Burj Abou Haidar', 'images\\Omar Diab.png', '2025-02-24 22:00:00', '2025-02-24 22:00:00', 17, NULL, NULL, NULL, NULL, NULL, NULL, NULL, '1997-03-04'),
(394, 'Amal Saker', 50, 'Junior Back Office', 1, NULL, 'Married', NULL, NULL, NULL, '2023-03-29', '2389', 'malobarake@gmail.com', '70-667943', 'No', 'Madini Riyadiyi ', 'images\\Amal Sakr.png', '2025-02-24 22:00:00', '2025-02-24 22:00:00', 9, NULL, NULL, NULL, NULL, NULL, NULL, NULL, '1998-08-15'),
(9, 'Bassim Hajj Sleiman', 32, 'Junior Services', 1, NULL, 'Single', NULL, NULL, NULL, '2023-10-04', '1609', 'basimsleiman729@gmail.com', '76-108912', 'Moto', 'Chiyah', 'images\\bassim hajj sleiman.png', '2025-02-24 22:00:00', '2025-02-24 22:00:00', 1, NULL, NULL, NULL, NULL, NULL, NULL, NULL, '2004-07-29'),
(10, 'Mohamad Reslan', 11, 'Officer', 1, NULL, 'Single', NULL, NULL, NULL, '2018-11-09', '2835', 'reslanmohammad50@gmail.com', '76/014672', 'Moto', 'Hadath ', 'images\\Mohamad Reslan.png', '2025-02-24 22:00:00', '2025-02-24 22:00:00', 20, NULL, NULL, NULL, NULL, NULL, NULL, NULL, '1993-12-03'),
(395, 'Nehme Doghman', 50, 'Back Office', 1, NULL, 'Single', NULL, NULL, NULL, '2022-10-01', '1907', 'ndoghman95@gmail.com', '', 'No', 'Iklim El Kharroub', 'images\\Nehme Doghman.png', '2025-02-24 22:00:00', '2025-02-24 22:00:00', 17, NULL, NULL, NULL, NULL, NULL, NULL, NULL, '1995-08-22'),
(396, 'Hussein Sawli', 50, 'Team Member', 1, NULL, NULL, NULL, NULL, NULL, '2024-09-14', '2295', '0', '', 'Moto', 'Al Shiyah ', 'images\\Hussein Sawli.png', '2025-02-24 22:00:00', '2025-02-24 22:00:00', 15, NULL, NULL, NULL, NULL, NULL, NULL, NULL, NULL),
(397, 'Sarah Al Issa', 50, 'Team Member', 1, NULL, 'Single', NULL, NULL, NULL, '2024-11-12', '1898', 'sarahissa629@gmail.com', '71-379733', 'Moto', 'Al Shiyah ', 'images\\Sara Al Issa.png', '2025-02-24 22:00:00', '2025-02-24 22:00:00', 7, NULL, NULL, NULL, NULL, NULL, NULL, NULL, '1995-06-15'),
(398, 'Kassem Ajami', 77, 'Supervisor', 1, NULL, 'Married', NULL, NULL, NULL, '2016-10-11', '2607', 'ka100ajami@gmail.com', '03-135405', 'No', 'Al Mreyje', 'images\\kassem ajami.png', '2025-02-24 22:00:00', '2025-02-25 16:46:00', 20, NULL, NULL, NULL, NULL, NULL, NULL, NULL, '1989-06-23'),
(399, 'Pascal Al Haj', 45, 'Manager', 1, NULL, 'Divorced', NULL, NULL, NULL, '1999-11-07', '169', 'pascal.elhajj@gmail.com', '71-230796', 'Yes', 'Kayfoun', 'images\\Pascal Al Haj.png', '2025-02-24 22:00:00', '2025-02-27 10:38:00', 20, NULL, NULL, NULL, NULL, NULL, NULL, NULL, '1972-09-17'),
(400, 'Basil Khaddaj', 45, 'Senior Supervisor', 1, NULL, 'Single', NULL, NULL, NULL, '2009-01-23', '1178', 'khaddajbasil@gmail.com', '3421335', 'Yes', 'Kfarmatta', 'images\\Basil Khaddaj.png', '2025-02-24 22:00:00', '2025-02-24 22:00:00', 20, NULL, NULL, NULL, NULL, NULL, NULL, NULL, '1989-02-17'),
(401, 'Samer Assaf', 45, 'Specialist', 1, NULL, 'Married', NULL, NULL, NULL, '1988-06-01', '168', 'assaf8036@gmail.com', '76 661 228', 'No', '', 'images\\Samer Assaf.png', '2025-02-24 22:00:00', '2025-02-24 22:00:00', 9, NULL, NULL, NULL, NULL, NULL, NULL, NULL, '1965-07-21'),
(402, 'Wissam Al-Daroub', 45, 'Coordinator', 1, NULL, 'Married', NULL, NULL, NULL, '1998-11-18', '124', 'Wissam.daroub@gmail.com', '', 'Moto', 'Al Shiyah ', 'images\\Wissam Al-Daroub.png', '2025-02-24 22:00:00', '2025-02-24 22:00:00', 17, NULL, NULL, NULL, NULL, NULL, NULL, NULL, '1971-04-14'),
(403, 'Mohamad Joumaa', 45, 'Specialist', 1, NULL, 'Married', NULL, NULL, NULL, '1998-01-20', '123', 'joumaaalimohamad@gmail.com', '03-256508', 'No', 'Byakout', 'images\\Mohamad Joumaa.png', '2025-02-24 22:00:00', '2025-02-24 22:00:00', 17, NULL, NULL, NULL, NULL, NULL, NULL, NULL, '1959-08-04'),
(404, 'Marwan Al-Souri', 45, 'Specialist', 1, NULL, 'Married', NULL, NULL, NULL, '1996-11-07', '120', 'marwanalsouri007@gmail.com', '', 'Moto', 'Al Shiyah ', 'images\\marwan al souri.png', '2025-02-24 22:00:00', '2025-02-24 22:00:00', 17, NULL, NULL, NULL, NULL, NULL, NULL, NULL, '1971-06-14'),
(405, 'Houssein Sabra', 45, 'Senior Supporter', 1, NULL, 'Single', NULL, NULL, NULL, '2019-09-20', '2573', 'husseinsabra600@gmail.com', '', 'No', 'Iklim El Kharroub', 'images\\Houssein Sabra.png', '2025-02-24 22:00:00', '2025-02-24 22:00:00', 15, NULL, NULL, NULL, NULL, NULL, NULL, NULL, '1998-08-22'),
(406, 'Makram Rajeh', 45, 'Senior Representative', 1, NULL, 'Married', NULL, NULL, NULL, '1998-10-01', '136', 'makramrajeh@gmail.com', '70-063748', 'No', 'Baakline', 'images\\Makram Rajeh.png', '2025-02-24 22:00:00', '2025-02-24 22:00:00', 15, NULL, NULL, NULL, NULL, NULL, NULL, NULL, '1973-06-19'),
(407, 'Loay Alameh', 45, 'Supporter', 1, NULL, 'Single', NULL, NULL, NULL, '2015-12-08', '2492', 'louayalama@gmail.com', '76-805374', 'No', 'Kfarhaseed', 'images\\loay alameh.png', '2025-02-24 22:00:00', '2025-02-24 22:00:00', 15, NULL, NULL, NULL, NULL, NULL, NULL, NULL, '1995-09-23'),
(408, 'Mohamad Ossaily', 45, 'Junior Back Office', 1, NULL, 'Single', NULL, NULL, NULL, '2017-12-27', '1274', 'ossailymoe@gmail.com', '70/408917', 'No', 'Jnah ', 'images\\mohamad osseily.png', '2025-02-24 22:00:00', '2025-02-25 16:46:00', 17, NULL, NULL, NULL, NULL, NULL, NULL, NULL, '1992-02-20'),
(409, 'Jamal Al-Khatib', 45, 'Supporter', 1, NULL, 'Married', NULL, NULL, NULL, '2002-06-24', '274', 'Jamalalkhatib71@gmail.com', '03-709695', 'Moto', 'Al Shiyah ', 'images\\Jamal Al-Khatib.png', '2025-02-24 22:00:00', '2025-02-24 22:00:00', 14, NULL, NULL, NULL, NULL, NULL, NULL, NULL, '1971-01-01'),
(410, 'Abed Rahim Shouman', 45, 'Supporter', 1, NULL, 'Married', NULL, NULL, NULL, '2022-04-12', '2070', 'aboudi.shouman@gmail.com', '70-647918', 'Moto', 'Airport Road', 'images\\Abed Rahim Shouman.png', '2025-02-24 22:00:00', '2025-02-24 22:00:00', 14, NULL, NULL, NULL, NULL, NULL, NULL, NULL, '1994-05-25'),
(411, 'Ahmad Ayyad', 45, 'Supporter', 1, NULL, 'Married', NULL, NULL, NULL, '2012-01-01', '1885', 'ahmadayyed3@gmail.com', '03-086142', 'No', 'Haret Hreik', 'images\\Ahmad Ayyad.png', '2025-02-24 22:00:00', '2025-02-24 22:00:00', 14, NULL, NULL, NULL, NULL, NULL, NULL, NULL, '1969-01-01'),
(412, 'Mohammad Hoss', 45, 'Supporter', 1, NULL, 'Single', NULL, NULL, NULL, '2023-01-04', '2225', 'mohamadhoss971@gmail.com', '70-173855', 'No', 'Tarik Al Jdideh', 'images\\Mohd Hoss.png', '2025-02-24 22:00:00', '2025-02-24 22:00:00', 14, NULL, NULL, NULL, NULL, NULL, NULL, NULL, '1998-09-17'),
(413, 'Joumana Mansour', 45, 'Supporter', 1, NULL, 'Single', NULL, NULL, NULL, '2011-07-02', '1794', 'Joujou1980swt@gmail.com', '03-101672', 'No', '', 'images\\joumana mansour.png', '2025-02-24 22:00:00', '2025-02-24 22:00:00', 17, NULL, NULL, NULL, NULL, NULL, NULL, NULL, '1980-02-28'),
(414, 'Mazen Sheikh', 45, 'Team Member', 1, NULL, 'Single', NULL, NULL, NULL, '2024-11-28', '2105', 'mazen.sheikh23@icloud.com', '70-818908', 'Moto ', 'Tarik Al Jdideh', 'images\\Default.jpg', '2025-02-24 22:00:00', '2025-02-24 22:00:00', 14, NULL, NULL, NULL, NULL, NULL, NULL, NULL, '1998-05-06'),
(415, 'Ibrahim Sabeh', 45, 'Junior Back Office', 1, NULL, 'Single', NULL, NULL, NULL, '2024-06-11', '1750', 'ibrahimalsabeh74@gmail.com', '', 'Moto', 'Al Shiyah ', 'images\\Ibrahim Al Sabea WH3.png', '2025-02-24 22:00:00', '2025-02-24 22:00:00', 15, NULL, NULL, NULL, NULL, NULL, NULL, NULL, '2000-08-08'),
(416, 'Omar Abou Daher', 45, 'Team Member', 1, NULL, 'Single', NULL, NULL, NULL, '2023-06-21', '2583', 'omaraboudaher56@gmail.com', '81-711621', 'Moto', 'Burj Abi Haidar', 'images\\omar abo zaher.png', '2025-02-24 22:00:00', '2025-02-24 22:00:00', 7, NULL, NULL, NULL, NULL, NULL, NULL, NULL, '2005-03-30'),
(417, 'Mohamad Zeineddine', 45, 'Team Member', 1, NULL, 'Married', NULL, NULL, NULL, '2023-04-01', '1481', 'Mzeindin83@gmail.com', '03-010751', 'Moto', 'Choueifat', 'images\\mohammad zeineddine.png', '2025-02-24 22:00:00', '2025-02-24 22:00:00', 14, NULL, NULL, NULL, NULL, NULL, NULL, NULL, '1983-05-25'),
(418, 'Rabih Deeb', 45, 'Team Member', 1, NULL, 'Married', NULL, NULL, NULL, '2023-08-01', '2686', 'Rabihdeeb69@gmail.com', '70-802147', 'Moto', 'Al Shiyah ', 'images\\rabih deeb.png', '2025-02-24 22:00:00', '2025-02-24 22:00:00', 18, NULL, NULL, NULL, NULL, NULL, NULL, NULL, '1978-12-01'),
(419, 'Rand Khaled', 45, 'Team Member', 1, NULL, 'Single', NULL, NULL, NULL, '2024-03-12', '1812', 'ghadercell019@gmail.com', '81-838119', 'Moto', 'Tarik Al Jdideh', 'images\\Rand Khaled WH3.png', '2025-02-24 22:00:00', '2025-02-24 22:00:00', 15, NULL, NULL, NULL, NULL, NULL, NULL, NULL, '2005-07-13'),
(420, 'Ahmad Jarekji', 45, 'Team Member', 1, NULL, 'Single', NULL, NULL, NULL, '2024-12-26', '1550', 'jarkjiahmad@gmail.com', '03-485319', 'Moto', 'Basta', 'images\\Default.jpg', '2025-02-24 22:00:00', '2025-02-24 22:00:00', 15, NULL, NULL, NULL, NULL, NULL, NULL, NULL, '2000-09-12'),
(421, 'Wafic Doughan', 78, 'Officer', 1, NULL, 'Married', NULL, NULL, NULL, '2014-09-10', '2256', 'wafic.doughan88@gmail.com', '76-704544', 'Yes', 'Madini Riyadiyi ', 'images\\Wafic Doughan.png', '2025-02-24 22:00:00', '2025-02-24 22:00:00', 20, NULL, NULL, NULL, NULL, NULL, NULL, NULL, '1988-07-17'),
(422, 'Rana Joubaily', 78, 'Senior Supervisor', 1, NULL, 'Single', NULL, NULL, NULL, '2003-10-04', '421', 'Rana.g.gbeily@gmail.com', '', 'Moto', 'Al Shiyah ', 'images\\Rana Joubaily.png', '2025-02-24 22:00:00', '2025-02-24 22:00:00', 20, NULL, NULL, NULL, NULL, NULL, NULL, NULL, '1974-09-01'),
(423, 'Farah Bou Naim', 78, 'Specialist', 1, NULL, 'Married', NULL, NULL, NULL, '2015-05-07', '2381', 'farahbounaimhaidar@gmail.com', '76-022468', 'No', 'Choueifat', 'images\\Farah Bou Naim.png', '2025-02-24 22:00:00', '2025-02-24 22:00:00', 13, NULL, NULL, NULL, NULL, NULL, NULL, NULL, '1990-11-20'),
(424, 'Mazen Saad', 78, 'Senior Supporter ', 1, NULL, 'Divorced', NULL, NULL, NULL, '2013-04-02', '2012', 'nezam.daas@gmail.com', '70-939137', 'No', 'Kayfoun', 'images\\Mazen Saad.png', '2025-02-24 22:00:00', '2025-02-24 22:00:00', 14, NULL, NULL, NULL, NULL, NULL, NULL, NULL, '1973-08-30'),
(425, 'Ali Srour', 78, 'Supporter', 1, NULL, 'Single', NULL, NULL, NULL, '2024-05-30', '1374', 'alisrur@gmail.com', '71-259430', 'Yes', 'Kafaat ', 'images\\ali srour.png', '2025-02-24 22:00:00', '2025-02-24 22:00:00', 11, NULL, NULL, NULL, NULL, NULL, NULL, NULL, '1985-07-10'),
(426, 'Samir Fayed', 19, 'Officer', 1, NULL, 'Single', NULL, NULL, NULL, '2019-03-28', '1726', 'sameerfayed20@gmail.com', '71 285 388', 'Yes', 'Basta AL fawka', 'images\\samir fayed.png', '2025-02-24 22:00:00', '2025-02-24 22:00:00', 20, NULL, NULL, NULL, NULL, NULL, NULL, NULL, '1995-06-25'),
(427, 'Chady Eid', 19, 'Senior Supporter', 1, NULL, 'Single', NULL, NULL, NULL, '2021-12-02', '1442', 'chadyeid8@gmail.com', '79-188230', 'No', 'Ajaltoun', 'images\\Chady Eid.png', '2025-02-24 22:00:00', '2025-02-24 22:00:00', 3, NULL, NULL, NULL, NULL, NULL, NULL, NULL, '1997-02-10'),
(428, 'Elsy Farhat', 19, 'Supervisor', 1, NULL, 'Single', NULL, NULL, NULL, '2023-08-26', '2362', 'elsyfarhat42@gmail.com', '70-130257', 'No', 'Zouk Mosbeh', 'images\\Elsy Farhat.png', '2025-02-24 22:00:00', '2025-02-24 22:00:00', 20, NULL, NULL, NULL, NULL, NULL, NULL, NULL, '2001-02-04'),
(429, 'Mark Saadeh', 19, 'Supporter', 1, NULL, 'Single', NULL, NULL, NULL, '2021-10-01', '1840', 'Mark96.saade@gmail.com', '71-367396', 'No', 'Dbayeh', 'images\\Marc Saadeh.png', '2025-02-24 22:00:00', '2025-02-24 22:00:00', 3, NULL, NULL, NULL, NULL, NULL, NULL, NULL, '1996-10-14'),
(430, 'Nadine Baaklini', 19, 'Specialist', 1, NULL, 'Single', NULL, NULL, NULL, '2015-03-01', '2347', 'Nadinebaaklini20@gmail.com', '76-058720', 'No', '', 'images\\Nadine Baaklini.png', '2025-02-24 22:00:00', '2025-02-24 22:00:00', 7, NULL, NULL, NULL, NULL, NULL, NULL, NULL, '1986-02-25'),
(431, 'Celine Salem', 19, 'Junior Cashier', 1, NULL, 'Single', NULL, NULL, NULL, '2024-04-01', '1514', 'celinesalem14@gmail.com', '76-889084', 'No', 'Zouk Mosbeh', 'images\\Celine Salem Zouk.png', '2025-02-24 22:00:00', '2025-02-24 22:00:00', 4, NULL, NULL, NULL, NULL, NULL, NULL, NULL, '1999-01-01'),
(432, 'Joe Zgheib', 19, 'Junior Services', 1, NULL, 'Single', NULL, NULL, NULL, '2024-01-12', '1978', 'Joezgheib66@gmail.com', '70-586179', 'Yes', 'Zouk Mikhael', 'images\\Joe Zgheib.png', '2025-02-24 22:00:00', '2025-02-24 22:00:00', 1, NULL, NULL, NULL, NULL, NULL, NULL, NULL, '1999-04-03'),
(433, 'Raul Nader', 19, 'Team Member', 1, NULL, 'Single', NULL, NULL, NULL, '2023-08-22', '2782', 'raulnader@gmail.com', '71-540680', 'No', 'Zouk Mosbeh', 'images\\Raul Nader Zouk.png', '2025-02-24 22:00:00', '2025-02-24 22:00:00', 4, NULL, NULL, NULL, NULL, NULL, NULL, NULL, '1998-05-30'),
(434, 'Giorgio Saliba', 19, 'Team Member', 1, NULL, 'Single', NULL, NULL, NULL, '2024-05-07', '2768', 'giorgiosaliba9@gmail.com', '76-650037', 'Yes', 'Awkar', 'images\\Gorgio Saliba Zouk.png', '2025-02-24 22:00:00', '2025-02-24 22:00:00', 7, NULL, NULL, NULL, NULL, NULL, NULL, NULL, '2005-06-10'),
(435, 'Eugenie Hakim', 19, 'Team Member', 1, NULL, 'Single', NULL, NULL, NULL, '2024-12-07', '2092', 'jennyhakimm@gmail.com', '79-316786', 'Yes', 'Ballouneh', 'images\\Default.jpg', '2025-02-24 22:00:00', '2025-02-24 22:00:00', 4, NULL, NULL, NULL, NULL, NULL, NULL, NULL, '2001-12-18'),
(436, 'Kassem Mohammad', 45, 'Team Member', 1, NULL, 'Single', NULL, NULL, NULL, '2025-01-02', '2314', 'dragon_dangerous56@hotmail.com', '70-949114', 'Moto', 'Tarik Al Jdideh', 'images\\kassem.png', '2025-02-24 22:00:00', '2025-02-24 22:00:00', 15, NULL, NULL, NULL, NULL, NULL, NULL, NULL, '1994-08-01'),
(437, 'Cynthia Asfar', 38, 'Supporter', 1, NULL, NULL, NULL, NULL, NULL, '2025-01-14', '2873', '0', '', 'Moto', 'Al Shiyah ', 'images\\Default.jpg', '2025-02-24 22:00:00', '2025-02-24 22:00:00', 3, NULL, NULL, NULL, NULL, NULL, NULL, NULL, NULL),
(438, 'Ibrahim Korkomaz', 22, 'Team Member', 1, NULL, 'Single', NULL, NULL, NULL, '2025-01-14', '2871', 'bob.2006korkomaz@gmail.com', '81-667768', 'No', 'Sfeir', 'images\\Default.jpg', '2025-02-24 22:00:00', '2025-02-24 22:00:00', 4, NULL, NULL, NULL, NULL, NULL, NULL, NULL, '2006-05-14'),
(439, 'Abdallah Massoud', 11, 'Team Member', 1, NULL, 'Single', NULL, NULL, NULL, '2025-01-14', '2759', 'massoudabdullah8@gmail.com', '', 'Moto', 'Al Shiyah ', 'images\\Default.jpg', '2025-02-24 22:00:00', '2025-02-24 22:00:00', 1, NULL, NULL, NULL, NULL, NULL, NULL, NULL, '2001-09-05'),
(440, 'Jana Yaccoub', 24, 'Supporter', 1, NULL, 'Single', NULL, NULL, NULL, '2025-01-14', '2872', 'janayaacoub84@gmail.com', '76-306151', 'Moto', 'Al Shiyah ', 'images\\Default.jpg', '2025-02-24 22:00:00', '2025-02-24 22:00:00', 3, NULL, NULL, NULL, NULL, NULL, NULL, NULL, '1994-10-12'),
(441, 'Ahmad Zein', 11, 'Team Member ', 1, NULL, 'Single', NULL, NULL, NULL, '2025-01-14', '2695', 'zein_ahmad02@hotmail.com', '', 'Moto', 'Al Shiyah ', 'images\\Default.jpg', '2025-02-24 22:00:00', '2025-02-24 22:00:00', 1, NULL, NULL, NULL, NULL, NULL, NULL, NULL, '2002-11-05'),
(442, 'Andrew Ayoub', 15, 'Team Member ', 1, NULL, 'Single', NULL, NULL, NULL, '2025-01-15', '2878', 'andreewayoub@outlook.com', '76-881042', 'Both', 'Dawra', 'images\\Default.jpg', '2025-02-24 22:00:00', '2025-02-24 22:00:00', 4, NULL, NULL, NULL, NULL, NULL, NULL, NULL, '2001-02-03'),
(473, 'Mira Mahmoud', 67, 'Cashier', 1, 'B+', 'Single', 'Part Time', NULL, 'Hamra, Beirut', '2024-12-08', '1496', 'mira99mahmoud@gmail.com', '+96176672737', 'Yes', 'Beirut - Ared Jaloul', 'images/67ccb0fceafd2.png', '2025-03-08 18:39:25', '2025-03-09 16:56:43', 7, NULL, 'She wanted to work a pure accounting', 1, 1, 1, 'it was good', 1, '1998-03-04'),
(443, 'Hadi Cheaito', 39, 'Team Member ', 1, NULL, 'Single', NULL, NULL, NULL, '2025-01-15', '2879', 'hadychaito@gmail.com', '71-311153', 'Moto', 'Al Shiyah ', 'images\\Default.jpg', '2025-02-24 22:00:00', '2025-02-24 22:00:00', 4, NULL, NULL, NULL, NULL, NULL, NULL, NULL, '2000-06-25'),
(444, 'Reine Cherry', 32, 'Team Member ', 1, NULL, 'Single', NULL, NULL, NULL, '2025-01-15', '2870', 'cherry.f.reine@gmail.com', '76-915863', 'No', 'Hadath', 'images\\Default.jpg', '2025-02-24 22:00:00', '2025-02-24 22:00:00', 7, NULL, NULL, NULL, NULL, NULL, NULL, NULL, '2006-11-29'),
(445, 'Hussein Taleb', 70, 'Team Member ', 1, NULL, 'Single', NULL, NULL, NULL, '2025-01-15', '2876', 'talebhussein98@gmail.com', '81-748076', 'No', 'Jnah', 'images\\Default.jpg', '2025-02-24 22:00:00', '2025-02-24 22:00:00', 4, NULL, NULL, NULL, NULL, NULL, NULL, NULL, '1998-04-26'),
(446, 'Amir Ahmadieh', 68, 'Team Member ', 1, NULL, 'Single', NULL, NULL, NULL, '2025-01-16', '2877', 'amirahmadieh777@gmail.com', '71-304397', 'No', 'Sawfar', 'images\\Default.jpg', '2025-02-24 22:00:00', '2025-02-24 22:00:00', 4, NULL, NULL, NULL, NULL, NULL, NULL, NULL, '2006-07-31'),
(447, 'Elio Rajha', 28, 'Team Member ', 1, NULL, 'Single', NULL, NULL, NULL, '2025-01-16', '2875', 'rajhaelio@gmail.com', '76-146525', 'No', 'Mansourieh', 'images\\Default.jpg', '2025-02-24 22:00:00', '2025-02-24 22:00:00', 4, NULL, NULL, NULL, NULL, NULL, NULL, NULL, '2003-09-11'),
(448, 'Mohammad Abo Jamous', 27, 'Team Member ', 1, NULL, 'Single', NULL, NULL, NULL, '2025-01-23', '2882', 'mohmdaj98@gmail.com', '81-638223', 'Moto', 'Al Shiyah ', 'images\\Default.jpg', '2025-02-24 22:00:00', '2025-02-24 22:00:00', 1, NULL, NULL, NULL, NULL, NULL, NULL, NULL, '1998-08-08'),
(449, 'Sima Baydoun', 23, 'Team Member ', 1, NULL, 'Single', NULL, NULL, NULL, '2025-01-24', '2874', 'sab084@student.bau.edu.lb', '71-336743', 'No', 'Sodeco', 'images\\Default.jpg', '2025-02-24 22:00:00', '2025-02-24 22:00:00', 7, NULL, NULL, NULL, NULL, NULL, NULL, NULL, '2003-01-09'),
(450, 'Ahmad Mordaa', 42, 'Team Member ', 1, NULL, 'Single', NULL, NULL, NULL, '2025-01-26', '2881', 'ahmadmordaa68@gmail.com', '71-128533', 'Moto', 'Basta', 'images\\Default.jpg', '2025-02-24 22:00:00', '2025-02-24 22:00:00', 5, NULL, NULL, NULL, NULL, NULL, NULL, NULL, '2004-07-03'),
(451, 'Khalil Mahassen', 33, 'Team Member ', 1, NULL, 'Single', NULL, NULL, NULL, '2025-01-27', '2880', 'kmahassen677@gmail.com', '70-932837', 'Moto', 'Al Shiyah ', 'images\\Default.jpg', '2025-02-24 22:00:00', '2025-02-24 22:00:00', 5, NULL, NULL, NULL, NULL, NULL, NULL, NULL, '2003-05-05'),
(454, 'Tania Khadaj', 73, 'Senior Manager', 1, NULL, NULL, NULL, NULL, NULL, '2011-10-10', '123-test', 'tania@tania.com', '71 744 077', 'Yes', 'Kfarmata', 'images/67c18c97c6c24.jpg', '2025-02-28 08:14:00', '2025-02-28 08:14:00', 20, NULL, NULL, NULL, NULL, NULL, NULL, NULL, NULL),
(456, 'Hassan Nasserddine', 73, 'Senior Manager', 1, NULL, NULL, NULL, NULL, NULL, '1989-10-10', 'hassanidk', 'hassand@hassan.com', '+961 70 907 835', 'Yes', 'Dahye', 'images/67c6c29a0299a.jpg', '2025-03-04 07:06:00', '2025-03-04 07:06:00', 20, NULL, NULL, NULL, NULL, NULL, NULL, NULL, NULL),
(457, 'Rima Barakat', 73, 'Manager', 1, NULL, NULL, NULL, NULL, NULL, '1988-10-10', 'rima', 'rima@rima.com', '+961 76 709 091', 'No', 'Bliss', 'images/67c6c39a2a43a.jpg', '2025-03-04 07:10:00', '2025-03-04 07:10:00', 20, NULL, NULL, NULL, NULL, NULL, NULL, NULL, NULL),
(462, 'Test Shadi', 67, 'Supervisor', 1, NULL, 'Single', 'Full Time', NULL, NULL, '2022-03-05', '1732', 'maliks.services5@gmail.com', '96176938653', 'Yes', 'Dahye', 'images/67c98128dd8d7.jpg', '2025-03-06 09:04:00', '2025-03-09 17:02:14', 20, NULL, NULL, NULL, NULL, NULL, NULL, NULL, '2002-03-10');

-- --------------------------------------------------------

--
-- Table structure for table `employee_phase_progress`
--

DROP TABLE IF EXISTS `employee_phase_progress`;
CREATE TABLE IF NOT EXISTS `employee_phase_progress` (
  `id` bigint UNSIGNED NOT NULL AUTO_INCREMENT,
  `employee_id` bigint UNSIGNED NOT NULL,
  `phase` varchar(255) CHARACTER SET utf8mb4 COLLATE utf8mb4_unicode_ci NOT NULL,
  `completed_at` date DEFAULT NULL,
  `next_phase_start_at` date DEFAULT NULL,
  `created_at` timestamp NULL DEFAULT NULL,
  `updated_at` timestamp NULL DEFAULT NULL,
  PRIMARY KEY (`id`),
  KEY `employee_phase_progress_employee_id_foreign` (`employee_id`)
) ENGINE=MyISAM DEFAULT CHARSET=utf8mb4 COLLATE=utf8mb4_unicode_ci;

-- --------------------------------------------------------

--
-- Table structure for table `evaluations`
--

DROP TABLE IF EXISTS `evaluations`;
CREATE TABLE IF NOT EXISTS `evaluations` (
  `id` bigint UNSIGNED NOT NULL AUTO_INCREMENT,
  `branch_id` bigint UNSIGNED DEFAULT NULL,
  `employee_id` bigint UNSIGNED DEFAULT NULL,
  `form_id` bigint UNSIGNED NOT NULL,
  `total_score` decimal(10,2) DEFAULT NULL,
  `month` int NOT NULL,
  `year` int NOT NULL,
  `created_at` timestamp NULL DEFAULT NULL,
  `updated_at` timestamp NULL DEFAULT NULL,
  PRIMARY KEY (`id`),
  KEY `evaluations_form_id_foreign` (`form_id`),
  KEY `evaluations_branch_id_foreign` (`branch_id`),
  KEY `evaluations_employee_id_foreign` (`employee_id`)
) ENGINE=MyISAM AUTO_INCREMENT=14 DEFAULT CHARSET=utf8mb4 COLLATE=utf8mb4_unicode_ci;

--
-- Dumping data for table `evaluations`
--

INSERT INTO `evaluations` (`id`, `branch_id`, `employee_id`, `form_id`, `total_score`, `month`, `year`, `created_at`, `updated_at`) VALUES
(9, 26, 1027, 5, 90.63, 3, 2025, '2025-03-07 12:51:00', '2025-03-07 12:51:23'),
(10, 26, 1029, 9, 90.63, 3, 2025, '2025-03-07 12:54:01', '2025-03-07 12:54:09'),
(11, 26, 1030, 5, 93.75, 3, 2025, '2025-03-07 12:54:19', '2025-03-07 12:54:25'),
(12, 26, 1031, 9, 90.63, 3, 2025, '2025-03-07 12:54:26', '2025-03-07 12:54:32'),
(13, 26, 1028, 11, 87.50, 3, 2025, '2025-03-07 12:54:59', '2025-03-07 12:55:02');

-- --------------------------------------------------------

--
-- Table structure for table `evaluation_answers`
--

DROP TABLE IF EXISTS `evaluation_answers`;
CREATE TABLE IF NOT EXISTS `evaluation_answers` (
  `id` bigint UNSIGNED NOT NULL AUTO_INCREMENT,
  `employee_id` bigint UNSIGNED NOT NULL,
  `made_by` bigint UNSIGNED NOT NULL,
  `form_id` bigint UNSIGNED NOT NULL,
  `evaluation_id` bigint UNSIGNED NOT NULL,
  `question_id` bigint UNSIGNED NOT NULL,
  `answer` decimal(4,1) NOT NULL,
  `remarks` varchar(191) CHARACTER SET utf8mb4 COLLATE utf8mb4_unicode_ci DEFAULT NULL,
  `created_at` timestamp NULL DEFAULT NULL,
  `updated_at` timestamp NULL DEFAULT NULL,
  PRIMARY KEY (`id`),
  KEY `evaluation_answers_employee_id_foreign` (`employee_id`),
  KEY `evaluation_answers_made_by_foreign` (`made_by`),
  KEY `evaluation_answers_form_id_foreign` (`form_id`),
  KEY `evaluation_answers_question_id_foreign` (`question_id`),
  KEY `evaluation_answers_evaluation_id_foreign` (`evaluation_id`)
) ENGINE=MyISAM AUTO_INCREMENT=139 DEFAULT CHARSET=utf8mb4 COLLATE=utf8mb4_unicode_ci;

--
-- Dumping data for table `evaluation_answers`
--

INSERT INTO `evaluation_answers` (`id`, `employee_id`, `made_by`, `form_id`, `evaluation_id`, `question_id`, `answer`, `remarks`, `created_at`, `updated_at`) VALUES
(138, 1028, 1026, 11, 13, 116, 3.0, NULL, '2025-03-07 12:55:02', '2025-03-07 12:55:02'),
(137, 1028, 1026, 11, 13, 115, 4.0, NULL, '2025-03-07 12:55:02', '2025-03-07 12:55:02'),
(136, 1028, 1026, 11, 13, 114, 3.0, NULL, '2025-03-07 12:55:02', '2025-03-07 12:55:02'),
(135, 1028, 1026, 11, 13, 113, 4.0, NULL, '2025-03-07 12:55:02', '2025-03-07 12:55:02'),
(134, 1031, 1026, 9, 12, 104, 3.0, NULL, '2025-03-07 12:54:32', '2025-03-07 12:54:32'),
(133, 1031, 1026, 9, 12, 103, 4.0, NULL, '2025-03-07 12:54:32', '2025-03-07 12:54:32'),
(132, 1031, 1026, 9, 12, 97, 3.0, NULL, '2025-03-07 12:54:32', '2025-03-07 12:54:32'),
(131, 1031, 1026, 9, 12, 98, 3.0, NULL, '2025-03-07 12:54:32', '2025-03-07 12:54:32'),
(130, 1031, 1026, 9, 12, 99, 4.0, NULL, '2025-03-07 12:54:32', '2025-03-07 12:54:32'),
(129, 1031, 1026, 9, 12, 100, 4.0, NULL, '2025-03-07 12:54:32', '2025-03-07 12:54:32'),
(128, 1031, 1026, 9, 12, 101, 4.0, NULL, '2025-03-07 12:54:32', '2025-03-07 12:54:32'),
(127, 1031, 1026, 9, 12, 102, 4.0, NULL, '2025-03-07 12:54:32', '2025-03-07 12:54:32'),
(126, 1030, 1026, 5, 11, 161, 4.0, NULL, '2025-03-07 12:54:25', '2025-03-07 12:54:25'),
(125, 1030, 1026, 5, 11, 155, 4.0, NULL, '2025-03-07 12:54:25', '2025-03-07 12:54:25'),
(124, 1030, 1026, 5, 11, 154, 3.0, NULL, '2025-03-07 12:54:25', '2025-03-07 12:54:25'),
(123, 1030, 1026, 5, 11, 157, 4.0, NULL, '2025-03-07 12:54:25', '2025-03-07 12:54:25'),
(122, 1030, 1026, 5, 11, 156, 3.0, NULL, '2025-03-07 12:54:25', '2025-03-07 12:54:25'),
(121, 1030, 1026, 5, 11, 158, 4.0, NULL, '2025-03-07 12:54:25', '2025-03-07 12:54:25'),
(120, 1030, 1026, 5, 11, 159, 4.0, NULL, '2025-03-07 12:54:25', '2025-03-07 12:54:25'),
(119, 1030, 1026, 5, 11, 160, 4.0, NULL, '2025-03-07 12:54:25', '2025-03-07 12:54:25'),
(118, 1029, 1026, 9, 10, 104, 4.0, NULL, '2025-03-07 12:54:09', '2025-03-07 12:54:09'),
(117, 1029, 1026, 9, 10, 103, 4.0, NULL, '2025-03-07 12:54:09', '2025-03-07 12:54:09'),
(116, 1029, 1026, 9, 10, 97, 3.0, NULL, '2025-03-07 12:54:09', '2025-03-07 12:54:09'),
(115, 1029, 1026, 9, 10, 98, 3.0, NULL, '2025-03-07 12:54:09', '2025-03-07 12:54:09'),
(114, 1029, 1026, 9, 10, 99, 4.0, NULL, '2025-03-07 12:54:09', '2025-03-07 12:54:09'),
(113, 1029, 1026, 9, 10, 100, 3.0, NULL, '2025-03-07 12:54:09', '2025-03-07 12:54:09'),
(112, 1029, 1026, 9, 10, 101, 4.0, NULL, '2025-03-07 12:54:09', '2025-03-07 12:54:09'),
(111, 1029, 1026, 9, 10, 102, 4.0, NULL, '2025-03-07 12:54:09', '2025-03-07 12:54:09'),
(110, 1027, 1026, 5, 9, 161, 4.0, NULL, '2025-03-07 12:51:23', '2025-03-07 12:51:23'),
(109, 1027, 1026, 5, 9, 155, 3.0, NULL, '2025-03-07 12:51:23', '2025-03-07 12:51:23'),
(108, 1027, 1026, 5, 9, 154, 4.0, NULL, '2025-03-07 12:51:23', '2025-03-07 12:51:23'),
(107, 1027, 1026, 5, 9, 157, 4.0, NULL, '2025-03-07 12:51:23', '2025-03-07 12:51:23'),
(106, 1027, 1026, 5, 9, 156, 3.0, NULL, '2025-03-07 12:51:23', '2025-03-07 12:51:23'),
(105, 1027, 1026, 5, 9, 158, 3.0, NULL, '2025-03-07 12:51:23', '2025-03-07 12:51:23'),
(104, 1027, 1026, 5, 9, 159, 4.0, NULL, '2025-03-07 12:51:23', '2025-03-07 12:51:23'),
(103, 1027, 1026, 5, 9, 160, 4.0, NULL, '2025-03-07 12:51:23', '2025-03-07 12:51:23'),
(102, 1027, 1026, 5, 8, 161, 3.0, NULL, '2025-03-07 12:45:17', '2025-03-07 12:45:17'),
(101, 1027, 1026, 5, 8, 155, 3.0, NULL, '2025-03-07 12:45:17', '2025-03-07 12:45:17'),
(100, 1027, 1026, 5, 8, 154, 4.0, NULL, '2025-03-07 12:45:17', '2025-03-07 12:45:17'),
(99, 1027, 1026, 5, 8, 157, 4.0, NULL, '2025-03-07 12:45:17', '2025-03-07 12:45:17'),
(98, 1027, 1026, 5, 8, 156, 3.0, NULL, '2025-03-07 12:45:17', '2025-03-07 12:45:17'),
(97, 1027, 1026, 5, 8, 158, 3.0, NULL, '2025-03-07 12:45:17', '2025-03-07 12:45:17'),
(96, 1027, 1026, 5, 8, 159, 4.0, NULL, '2025-03-07 12:45:17', '2025-03-07 12:45:17'),
(95, 1027, 1026, 5, 8, 160, 4.0, NULL, '2025-03-07 12:45:17', '2025-03-07 12:45:17');

-- --------------------------------------------------------

--
-- Table structure for table `evaluation_forms`
--

DROP TABLE IF EXISTS `evaluation_forms`;
CREATE TABLE IF NOT EXISTS `evaluation_forms` (
  `id` bigint UNSIGNED NOT NULL AUTO_INCREMENT,
  `name` varchar(191) CHARACTER SET utf8mb4 COLLATE utf8mb4_unicode_ci NOT NULL,
  `assigned_for` varchar(191) CHARACTER SET utf8mb4 COLLATE utf8mb4_unicode_ci NOT NULL,
  `dept_id` bigint UNSIGNED DEFAULT NULL,
  `job` bigint UNSIGNED DEFAULT NULL,
  `created_at` timestamp NULL DEFAULT NULL,
  `updated_at` timestamp NULL DEFAULT NULL,
  PRIMARY KEY (`id`),
  KEY `evaluation_forms_dept_id_foreign` (`dept_id`),
  KEY `evaluation_forms_job_foreign` (`job`)
) ENGINE=MyISAM AUTO_INCREMENT=18 DEFAULT CHARSET=utf8mb4 COLLATE=utf8mb4_unicode_ci;

--
-- Dumping data for table `evaluation_forms`
--

INSERT INTO `evaluation_forms` (`id`, `name`, `assigned_for`, `dept_id`, `job`, `created_at`, `updated_at`) VALUES
(5, 'Computer Operator Form', 'Branch Manager', NULL, 3, '2025-03-05 11:25:48', '2025-03-06 07:07:52'),
(4, 'Services Form', 'Branch Manager', NULL, 1, '2025-03-05 11:24:49', '2025-03-06 04:42:15'),
(7, 'Delivery Form', 'Branch Manager', NULL, 8, '2025-03-05 11:49:37', '2025-03-06 04:42:17'),
(8, 'Stationery Form', 'Branch Manager', NULL, 4, '2025-03-06 04:35:28', '2025-03-06 04:42:20'),
(9, 'Cashier Form', 'Branch Manager', NULL, 7, '2025-03-06 04:36:35', '2025-03-06 04:42:23'),
(10, 'Stationery Back Office', 'Employee', NULL, 5, '2025-03-06 04:43:06', '2025-03-06 04:43:06'),
(11, 'Stationery Back Office', 'Branch Manager', NULL, 5, '2025-03-06 04:43:37', '2025-03-06 04:43:37'),
(12, 'Joker', 'Branch Manager', NULL, 6, '2025-03-06 04:45:05', '2025-03-06 04:45:05'),
(13, 'Graphic Designer Form', 'Branch Manager', NULL, 2, '2025-03-06 04:46:52', '2025-03-06 04:46:52'),
(14, 'Services Form', 'Department', 1, 1, '2025-03-06 05:56:44', '2025-03-06 05:57:49'),
(15, 'Computer Operator Form', 'Department', 1, 3, '2025-03-06 05:58:11', '2025-03-06 05:58:11');

-- --------------------------------------------------------

--
-- Table structure for table `evaluation_form_questions`
--

DROP TABLE IF EXISTS `evaluation_form_questions`;
CREATE TABLE IF NOT EXISTS `evaluation_form_questions` (
  `id` bigint UNSIGNED NOT NULL AUTO_INCREMENT,
  `form_id` bigint UNSIGNED NOT NULL,
  `question` varchar(191) CHARACTER SET utf8mb4 COLLATE utf8mb4_unicode_ci NOT NULL,
  `created_at` timestamp NULL DEFAULT NULL,
  `updated_at` timestamp NULL DEFAULT NULL,
  PRIMARY KEY (`id`),
  KEY `evaluation_form_questions_form_id_foreign` (`form_id`)
) ENGINE=MyISAM AUTO_INCREMENT=163 DEFAULT CHARSET=utf8mb4 COLLATE=utf8mb4_unicode_ci;

--
-- Dumping data for table `evaluation_form_questions`
--

INSERT INTO `evaluation_form_questions` (`id`, `form_id`, `question`, `created_at`, `updated_at`) VALUES
(78, 4, 'Follows work procedures, rules annd regulations', '2025-03-06 04:42:15', '2025-03-06 04:42:15'),
(77, 4, 'knowledge in all sections', '2025-03-06 04:42:15', '2025-03-06 04:42:15'),
(76, 4, 'Knowledge in your section', '2025-03-06 04:42:15', '2025-03-06 04:42:15'),
(75, 4, 'Attitude', '2025-03-06 04:42:15', '2025-03-06 04:42:15'),
(74, 4, 'Customer Services', '2025-03-06 04:42:15', '2025-03-06 04:42:15'),
(73, 4, 'Sales Skills', '2025-03-06 04:42:15', '2025-03-06 04:42:15'),
(160, 5, 'Hard work this month', '2025-03-06 07:07:52', '2025-03-06 07:07:52'),
(159, 5, 'Sales Skills', '2025-03-06 07:07:52', '2025-03-06 07:07:52'),
(158, 5, 'Customer Services', '2025-03-06 07:07:52', '2025-03-06 07:07:52'),
(156, 5, 'Knowledge in your section', '2025-03-06 07:07:52', '2025-03-06 07:07:52'),
(157, 5, 'Attitude', '2025-03-06 07:07:52', '2025-03-06 07:07:52'),
(154, 5, 'Follows work procedures, rules annd regulations', '2025-03-06 07:07:52', '2025-03-06 07:07:52'),
(87, 7, 'Hard work this month', '2025-03-06 04:42:17', '2025-03-06 04:42:17'),
(39, 6, 'test 6', '2025-03-05 11:46:23', '2025-03-05 11:46:23'),
(38, 6, 'test 2', '2025-03-05 11:46:23', '2025-03-05 11:46:23'),
(37, 6, 'test 3', '2025-03-05 11:46:23', '2025-03-05 11:46:23'),
(155, 5, 'knowledge in all sections', '2025-03-06 07:07:52', '2025-03-06 07:07:52'),
(36, 6, 'test 5', '2025-03-05 11:46:23', '2025-03-05 11:46:23'),
(86, 7, 'Follows work procedures, rules annd regulations', '2025-03-06 04:42:17', '2025-03-06 04:42:17'),
(85, 7, 'knowledge in all sections', '2025-03-06 04:42:17', '2025-03-06 04:42:17'),
(84, 7, 'Knowledge in your section', '2025-03-06 04:42:17', '2025-03-06 04:42:17'),
(83, 7, 'Attitude', '2025-03-06 04:42:17', '2025-03-06 04:42:17'),
(82, 7, 'Customer Services', '2025-03-06 04:42:17', '2025-03-06 04:42:17'),
(81, 7, 'Sales Skills', '2025-03-06 04:42:17', '2025-03-06 04:42:17'),
(94, 8, 'Follows work procedures, rules annd regulations', '2025-03-06 04:42:20', '2025-03-06 04:42:20'),
(93, 8, 'knowledge in all sections', '2025-03-06 04:42:20', '2025-03-06 04:42:20'),
(92, 8, 'Knowledge in your section', '2025-03-06 04:42:20', '2025-03-06 04:42:20'),
(91, 8, 'Attitude', '2025-03-06 04:42:20', '2025-03-06 04:42:20'),
(90, 8, 'Customer Services', '2025-03-06 04:42:20', '2025-03-06 04:42:20'),
(89, 8, 'Sales Skills', '2025-03-06 04:42:20', '2025-03-06 04:42:20'),
(102, 9, 'Follows work procedures, rules annd regulations', '2025-03-06 04:42:23', '2025-03-06 04:42:23'),
(101, 9, 'knowledge in all sections', '2025-03-06 04:42:23', '2025-03-06 04:42:23'),
(100, 9, 'Knowledge in your section', '2025-03-06 04:42:23', '2025-03-06 04:42:23'),
(99, 9, 'Attitude', '2025-03-06 04:42:23', '2025-03-06 04:42:23'),
(98, 9, 'Customer Services', '2025-03-06 04:42:23', '2025-03-06 04:42:23'),
(97, 9, 'Sales Skills', '2025-03-06 04:42:23', '2025-03-06 04:42:23'),
(79, 4, 'Hard work this month', '2025-03-06 04:42:15', '2025-03-06 04:42:15'),
(80, 4, 'Organized, neat and tidy this month', '2025-03-06 04:42:15', '2025-03-06 04:42:15'),
(88, 7, 'Organized, neat and tidy this month', '2025-03-06 04:42:17', '2025-03-06 04:42:17'),
(95, 8, 'Hard work this month', '2025-03-06 04:42:20', '2025-03-06 04:42:20'),
(96, 8, 'Organized, neat and tidy this month', '2025-03-06 04:42:20', '2025-03-06 04:42:20'),
(103, 9, 'Hard work this month', '2025-03-06 04:42:23', '2025-03-06 04:42:23'),
(104, 9, 'Organized, neat and tidy this month', '2025-03-06 04:42:23', '2025-03-06 04:42:23'),
(105, 10, 'Display / Facing', '2025-03-06 04:43:06', '2025-03-06 04:43:06'),
(106, 10, 'Dust/Cleanliness', '2025-03-06 04:43:06', '2025-03-06 04:43:06'),
(107, 10, 'Refilling shelves', '2025-03-06 04:43:06', '2025-03-06 04:43:06'),
(108, 10, 'Receiving', '2025-03-06 04:43:06', '2025-03-06 04:43:06'),
(109, 10, 'Pricing', '2025-03-06 04:43:06', '2025-03-06 04:43:06'),
(110, 10, 'Follows work procedures, rules annd regulations', '2025-03-06 04:43:06', '2025-03-06 04:43:06'),
(111, 10, 'Hard work this month', '2025-03-06 04:43:06', '2025-03-06 04:43:06'),
(112, 10, 'Organized / Attitude', '2025-03-06 04:43:06', '2025-03-06 04:43:06'),
(113, 11, 'Attitude', '2025-03-06 04:43:37', '2025-03-06 04:43:37'),
(114, 11, 'Follows work procedures, rules annd regulations', '2025-03-06 04:43:37', '2025-03-06 04:43:37'),
(115, 11, 'Hard work this month', '2025-03-06 04:43:37', '2025-03-06 04:43:37'),
(116, 11, 'Organized, neat and tidy this month', '2025-03-06 04:43:37', '2025-03-06 04:43:37'),
(117, 12, 'Sales Skills', '2025-03-06 04:45:05', '2025-03-06 04:45:05'),
(118, 12, 'Customer Services', '2025-03-06 04:45:05', '2025-03-06 04:45:05'),
(119, 12, 'Attitude', '2025-03-06 04:45:05', '2025-03-06 04:45:05'),
(120, 12, 'Knowledge in your section', '2025-03-06 04:45:05', '2025-03-06 04:45:05'),
(121, 12, 'Knowledge in all sections', '2025-03-06 04:45:05', '2025-03-06 04:45:05'),
(122, 12, 'Follows work procedures, rules annd regulations', '2025-03-06 04:45:05', '2025-03-06 04:45:05'),
(123, 12, 'Hard work this month', '2025-03-06 04:45:05', '2025-03-06 04:45:05'),
(124, 12, 'Organized, neat and tidy this month', '2025-03-06 04:45:05', '2025-03-06 04:45:05'),
(125, 13, 'Hard work this month', '2025-03-06 04:46:52', '2025-03-06 04:46:52'),
(126, 13, 'Organized, neat and tidy this month', '2025-03-06 04:46:52', '2025-03-06 04:46:52'),
(127, 13, 'Sales Skills', '2025-03-06 04:46:52', '2025-03-06 04:46:52'),
(128, 13, 'Customer Services', '2025-03-06 04:46:52', '2025-03-06 04:46:52'),
(129, 13, 'Attitude', '2025-03-06 04:46:52', '2025-03-06 04:46:52'),
(130, 13, 'Knowledge in your section', '2025-03-06 04:46:52', '2025-03-06 04:46:52'),
(131, 13, 'knowledge in all sections', '2025-03-06 04:46:52', '2025-03-06 04:46:52'),
(132, 13, 'Follows work procedures, rules annd regulations', '2025-03-06 04:46:52', '2025-03-06 04:46:52'),
(139, 14, 'General Performance', '2025-03-06 05:57:49', '2025-03-06 05:57:49'),
(138, 14, 'Hard Worker', '2025-03-06 05:57:49', '2025-03-06 05:57:49'),
(137, 14, 'Machine/Software Knowledge', '2025-03-06 05:57:49', '2025-03-06 05:57:49'),
(140, 14, 'Attitude', '2025-03-06 05:57:49', '2025-03-06 05:57:49'),
(141, 15, 'General Performance', '2025-03-06 05:58:11', '2025-03-06 05:58:11'),
(142, 15, 'Hard Worker', '2025-03-06 05:58:11', '2025-03-06 05:58:11'),
(143, 15, 'Machine/Software Knowledge', '2025-03-06 05:58:11', '2025-03-06 05:58:11'),
(144, 15, 'Attitude', '2025-03-06 05:58:11', '2025-03-06 05:58:11'),
(145, 16, 'teast', '2025-03-06 06:14:53', '2025-03-06 06:14:53'),
(161, 5, 'Organized, neat and tidy this month', '2025-03-06 07:07:52', '2025-03-06 07:07:52'),
(162, 17, 'test', '2025-03-06 07:08:36', '2025-03-06 07:08:36');

-- --------------------------------------------------------

--
-- Table structure for table `events`
--

DROP TABLE IF EXISTS `events`;
CREATE TABLE IF NOT EXISTS `events` (
  `id` bigint UNSIGNED NOT NULL AUTO_INCREMENT,
  `title` varchar(191) CHARACTER SET utf8mb4 COLLATE utf8mb4_unicode_ci NOT NULL,
  `start` datetime NOT NULL,
  `end` datetime DEFAULT NULL,
  `created_at` timestamp NULL DEFAULT NULL,
  `updated_at` timestamp NULL DEFAULT NULL,
  PRIMARY KEY (`id`)
) ENGINE=MyISAM AUTO_INCREMENT=27 DEFAULT CHARSET=utf8mb4 COLLATE=utf8mb4_unicode_ci;

--
-- Dumping data for table `events`
--

INSERT INTO `events` (`id`, `title`, `start`, `end`, `created_at`, `updated_at`) VALUES
(7, 'Test', '2025-01-16 10:00:00', '2025-01-16 12:00:00', '2025-01-14 16:43:57', '2025-01-14 16:43:57'),
(3, 'Conference', '2025-01-18 09:00:00', '2025-01-18 17:00:00', '2025-01-13 19:31:28', '2025-01-13 19:31:28'),
(5, 'Stationery Meeting', '2025-01-20 20:23:00', '2025-01-20 23:23:00', '2025-01-14 16:23:30', '2025-01-14 16:23:30'),
(10, 'Batrouni Meeting', '2025-02-01 08:00:00', '2025-02-01 17:00:00', '2025-01-25 14:28:19', '2025-01-25 14:28:19'),
(12, 'HR Applicataion Meeting', '2025-01-30 10:00:00', '2025-01-30 12:00:00', '2025-01-26 06:41:08', '2025-01-26 06:41:08'),
(22, 'testtttt', '2025-01-21 09:00:00', '2025-01-21 10:00:00', '2025-01-26 10:22:00', '2025-01-26 10:22:00'),
(20, 'test', '2025-01-22 09:00:00', '2025-01-22 10:00:00', '2025-01-26 09:52:52', '2025-01-26 09:52:52'),
(26, 'test', '2025-02-11 13:35:00', '2025-02-11 14:00:00', '2025-02-11 09:27:50', '2025-02-11 09:27:50');

-- --------------------------------------------------------

--
-- Table structure for table `failed_jobs`
--

DROP TABLE IF EXISTS `failed_jobs`;
CREATE TABLE IF NOT EXISTS `failed_jobs` (
  `id` bigint UNSIGNED NOT NULL AUTO_INCREMENT,
  `uuid` varchar(191) CHARACTER SET utf8mb4 COLLATE utf8mb4_unicode_ci NOT NULL,
  `connection` text CHARACTER SET utf8mb4 COLLATE utf8mb4_unicode_ci NOT NULL,
  `queue` text CHARACTER SET utf8mb4 COLLATE utf8mb4_unicode_ci NOT NULL,
  `payload` longtext CHARACTER SET utf8mb4 COLLATE utf8mb4_unicode_ci NOT NULL,
  `exception` longtext CHARACTER SET utf8mb4 COLLATE utf8mb4_unicode_ci NOT NULL,
  `failed_at` timestamp NOT NULL DEFAULT CURRENT_TIMESTAMP,
  PRIMARY KEY (`id`),
  UNIQUE KEY `failed_jobs_uuid_unique` (`uuid`)
) ENGINE=MyISAM DEFAULT CHARSET=utf8mb4 COLLATE=utf8mb4_unicode_ci;

-- --------------------------------------------------------

--
-- Table structure for table `jobs`
--

DROP TABLE IF EXISTS `jobs`;
CREATE TABLE IF NOT EXISTS `jobs` (
  `id` bigint UNSIGNED NOT NULL AUTO_INCREMENT,
  `queue` varchar(191) CHARACTER SET utf8mb4 COLLATE utf8mb4_unicode_ci NOT NULL,
  `payload` longtext CHARACTER SET utf8mb4 COLLATE utf8mb4_unicode_ci NOT NULL,
  `attempts` tinyint UNSIGNED NOT NULL,
  `reserved_at` int UNSIGNED DEFAULT NULL,
  `available_at` int UNSIGNED NOT NULL,
  `created_at` int UNSIGNED NOT NULL,
  PRIMARY KEY (`id`),
  KEY `jobs_queue_index` (`queue`)
) ENGINE=MyISAM DEFAULT CHARSET=utf8mb4 COLLATE=utf8mb4_unicode_ci;

-- --------------------------------------------------------

--
-- Table structure for table `jobs_work`
--

DROP TABLE IF EXISTS `jobs_work`;
CREATE TABLE IF NOT EXISTS `jobs_work` (
  `id` bigint UNSIGNED NOT NULL AUTO_INCREMENT,
  `name` varchar(191) CHARACTER SET utf8mb4 COLLATE utf8mb4_unicode_ci NOT NULL,
  `dept_id` bigint UNSIGNED DEFAULT NULL,
  `created_at` timestamp NULL DEFAULT NULL,
  `updated_at` timestamp NULL DEFAULT NULL,
  PRIMARY KEY (`id`),
  KEY `jobs_work_dept_id_foreign` (`dept_id`)
) ENGINE=MyISAM AUTO_INCREMENT=21 DEFAULT CHARSET=utf8mb4 COLLATE=utf8mb4_unicode_ci;

--
-- Dumping data for table `jobs_work`
--

INSERT INTO `jobs_work` (`id`, `name`, `dept_id`, `created_at`, `updated_at`) VALUES
(1, 'Services', 1, '2025-03-04 08:53:02', '2025-03-04 08:53:02'),
(2, 'Graphic Designer', 1, '2025-03-04 08:53:19', '2025-03-04 08:53:19'),
(3, 'Computer Operator', 1, '2025-03-04 08:53:27', '2025-03-04 08:53:27'),
(4, 'Stationery', 4, '2025-03-04 08:53:34', '2025-03-04 08:53:34'),
(5, 'Stationery Back Office', 4, '2025-03-04 08:53:41', '2025-03-04 08:53:41'),
(6, 'Joker', 5, '2025-03-04 08:55:34', '2025-03-04 08:55:34'),
(7, 'Cashier', 2, '2025-03-04 08:55:52', '2025-03-04 08:55:52'),
(8, 'Delivery', 6, '2025-03-04 08:56:02', '2025-03-04 08:56:02'),
(9, 'Back Office', NULL, '2025-03-04 08:59:55', '2025-03-04 08:59:55'),
(10, 'Books', 13, '2025-03-04 09:00:11', '2025-03-04 09:00:11'),
(11, 'Outdoor Sales', NULL, '2025-03-04 09:00:22', '2025-03-04 09:00:22'),
(12, 'Delivery Back Office', NULL, '2025-03-04 09:00:49', '2025-03-04 09:00:49'),
(13, 'Tele Sales', NULL, '2025-03-04 09:00:55', '2025-03-04 09:00:55'),
(14, 'Van Driver', 6, '2025-03-04 09:01:02', '2025-03-04 09:01:02'),
(15, 'Stationery Warehouse', 4, '2025-03-04 09:01:15', '2025-03-04 09:01:15'),
(16, 'Typist', 1, '2025-03-04 09:01:23', '2025-03-04 09:01:23'),
(17, 'Back Office Warehouse', NULL, '2025-03-04 09:01:34', '2025-03-04 09:01:34'),
(18, 'Porter', 6, '2025-03-04 09:02:23', '2025-03-04 09:18:12'),
(20, 'Team Leader', NULL, '2025-03-04 10:54:49', '2025-03-04 10:54:49');

-- --------------------------------------------------------

--
-- Table structure for table `job_batches`
--

DROP TABLE IF EXISTS `job_batches`;
CREATE TABLE IF NOT EXISTS `job_batches` (
  `id` varchar(191) CHARACTER SET utf8mb4 COLLATE utf8mb4_unicode_ci NOT NULL,
  `name` varchar(191) CHARACTER SET utf8mb4 COLLATE utf8mb4_unicode_ci NOT NULL,
  `total_jobs` int NOT NULL,
  `pending_jobs` int NOT NULL,
  `failed_jobs` int NOT NULL,
  `failed_job_ids` longtext CHARACTER SET utf8mb4 COLLATE utf8mb4_unicode_ci NOT NULL,
  `options` mediumtext CHARACTER SET utf8mb4 COLLATE utf8mb4_unicode_ci,
  `cancelled_at` int DEFAULT NULL,
  `created_at` int NOT NULL,
  `finished_at` int DEFAULT NULL,
  PRIMARY KEY (`id`)
) ENGINE=MyISAM DEFAULT CHARSET=utf8mb4 COLLATE=utf8mb4_unicode_ci;

-- --------------------------------------------------------

--
-- Table structure for table `messages`
--

DROP TABLE IF EXISTS `messages`;
CREATE TABLE IF NOT EXISTS `messages` (
  `id` bigint UNSIGNED NOT NULL AUTO_INCREMENT,
  `sender_id` bigint UNSIGNED NOT NULL,
  `receiver_id` bigint UNSIGNED NOT NULL,
  `message` text CHARACTER SET utf8mb4 COLLATE utf8mb4_unicode_ci NOT NULL,
  `created_at` timestamp NULL DEFAULT NULL,
  `updated_at` timestamp NULL DEFAULT NULL,
  PRIMARY KEY (`id`),
  KEY `messages_sender_id_foreign` (`sender_id`),
  KEY `messages_receiver_id_foreign` (`receiver_id`)
) ENGINE=MyISAM DEFAULT CHARSET=utf8mb4 COLLATE=utf8mb4_unicode_ci;

-- --------------------------------------------------------

--
-- Table structure for table `migrations`
--

DROP TABLE IF EXISTS `migrations`;
CREATE TABLE IF NOT EXISTS `migrations` (
  `id` int UNSIGNED NOT NULL AUTO_INCREMENT,
  `migration` varchar(191) CHARACTER SET utf8mb4 COLLATE utf8mb4_unicode_ci NOT NULL,
  `batch` int NOT NULL,
  PRIMARY KEY (`id`)
) ENGINE=MyISAM AUTO_INCREMENT=57 DEFAULT CHARSET=utf8mb4 COLLATE=utf8mb4_unicode_ci;

--
-- Dumping data for table `migrations`
--

INSERT INTO `migrations` (`id`, `migration`, `batch`) VALUES
(1, '0001_01_01_000000_create_users_table', 1),
(2, '0001_01_01_000001_create_cache_table', 1),
(3, '0001_01_01_000002_create_jobs_table', 1),
(4, '2024_12_27_204649_create_employee_info', 1),
(5, '2024_12_28_214532_create_branches_table', 1),
(6, '2025_01_12_194640_add_job_to_employee_info_table', 1),
(7, '2025_01_13_212733_create_events_table', 1),
(8, '2025_01_14_184848_create_titles_table', 1),
(9, '2025_01_16_192153_create_vacancy_table', 1),
(10, '2025_01_16_210037_update_vacancies_table', 1),
(11, '2025_01_19_084842_create_transfers_table', 1),
(12, '2025_01_19_102949_add_transfer_start_date_to_transfers_table', 1),
(13, '2025_01_19_210250_add_left_date_to_employee_info_table', 1),
(14, '2025_01_20_210212_add_image_to_users_table', 1),
(15, '2025_01_22_074055_add_status_and_role_name_to_users_table', 1),
(16, '2025_01_24_064716_add_temp_pass_to_users_table', 1),
(17, '2025_01_24_101818_create_messages_table', 1),
(18, '2025_01_26_105136_create_table_promotions', 1),
(19, '2025_02_02_085924_create_new_joiner_table', 1),
(20, '2025_02_02_102017_update_current_branch_nullable', 1),
(21, '2025_02_02_200739_create_employee_phase_progress_table', 1),
(22, '2025_02_12_090338_add_columns_to_transfers', 1),
(23, '2025_02_12_094753_update_type_column_in_transfers', 1),
(24, '2025_02_12_104931_add_rotation_duration_to_transfers', 1),
(25, '2025_02_12_111635_create_notifications_table', 1),
(26, '2025_02_12_113344_add_user_image_to_notifications', 1),
(27, '2025_02_20_071356_create_permission_tables', 1),
(28, '2025_02_20_074636_update_guard_name_default_in_roles_table', 2),
(29, '2025_02_20_101000_remove_role_name_from_users_table', 3),
(30, '2025_02_21_060822_create_training_steps_table', 4),
(31, '2025_02_21_064336_add_color_to_training_steps', 5),
(32, '2025_02_21_082801_update_new_joiner_table', 6),
(33, '2025_02_21_082941_create_new_joiner_progress_table', 7),
(34, '2025_02_21_090249_add_remarks_to_new_joiner_progress', 8),
(35, '2025_02_25_180257_add_car_address_birthday_to_employee_info_table', 9),
(36, '2025_02_25_182118_update_email_phone_nullable_in_employee_info_table', 10),
(37, '2025_03_03_101211_add_pin_code_to_users_table', 11),
(38, '2025_03_03_104129_add_employee_id_to_users_table', 12),
(39, '2025_03_03_105337_add_job_and_branch_to_users_table', 13),
(40, '2025_03_03_111230_add_must_change_password_to_users_table', 14),
(43, '2025_03_04_072331_create_departments_table', 15),
(44, '2025_03_04_102900_create_jobs_work_table', 16),
(45, '2025_03_04_105903_update_dept_id_nullable_in_jobs_work_table', 17),
(46, '2025_03_04_125233_update_employee_job_column', 18),
(47, '2025_03_04_130052_update_employee_job_name_column', 19),
(48, '2025_03_05_110823_create_evaluation_forms_table', 20),
(49, '2025_03_05_113104_create_evaluation_form_questions_table', 21),
(50, '2025_03_05_132705_add_cascade_delete_to_evaluation_form_questions', 22),
(51, '2025_03_06_065010_create_evaluation_answers_table', 23),
(52, '2025_03_06_071544_add_evaluation_id_to_evaluation_answers_table', 24),
(54, '2025_03_06_073252_create_evaluations_table', 25),
(55, '2025_03_07_133740_add_branch_id_and_employee_id_to_evaluations_table', 26),
(56, '2025_03_08_180143_add_more_info_to_employee_info_table', 27);

-- --------------------------------------------------------

--
-- Table structure for table `model_has_permissions`
--

DROP TABLE IF EXISTS `model_has_permissions`;
CREATE TABLE IF NOT EXISTS `model_has_permissions` (
  `permission_id` bigint UNSIGNED NOT NULL,
  `model_type` varchar(191) CHARACTER SET utf8mb4 COLLATE utf8mb4_unicode_ci NOT NULL,
  `model_id` bigint UNSIGNED NOT NULL,
  PRIMARY KEY (`permission_id`,`model_id`,`model_type`),
  KEY `model_has_permissions_model_id_model_type_index` (`model_id`,`model_type`)
) ENGINE=MyISAM DEFAULT CHARSET=utf8mb4 COLLATE=utf8mb4_unicode_ci;

--
-- Dumping data for table `model_has_permissions`
--

INSERT INTO `model_has_permissions` (`permission_id`, `model_type`, `model_id`) VALUES
(1, 'App\\Models\\Role', 8),
(1, 'App\\Models\\Role', 9),
(2, 'App\\Models\\Role', 8),
(3, 'App\\Models\\Role', 8),
(3, 'App\\Models\\Role', 9),
(4, 'App\\Models\\Role', 8),
(4, 'App\\Models\\Role', 9),
(5, 'App\\Models\\Role', 8),
(5, 'App\\Models\\Role', 9),
(6, 'App\\Models\\Role', 8),
(6, 'App\\Models\\Role', 9),
(7, 'App\\Models\\Role', 8),
(7, 'App\\Models\\Role', 9),
(8, 'App\\Models\\Role', 8),
(8, 'App\\Models\\Role', 9),
(9, 'App\\Models\\Role', 8),
(9, 'App\\Models\\Role', 9),
(10, 'App\\Models\\Role', 8),
(10, 'App\\Models\\Role', 9),
(11, 'App\\Models\\Role', 8),
(11, 'App\\Models\\Role', 9),
(12, 'App\\Models\\Role', 8),
(12, 'App\\Models\\Role', 9),
(13, 'App\\Models\\Role', 8),
(14, 'App\\Models\\Role', 8),
(14, 'App\\Models\\Role', 9),
(15, 'App\\Models\\Role', 8),
(15, 'App\\Models\\Role', 9),
(16, 'App\\Models\\Role', 8),
(17, 'App\\Models\\Role', 8);

-- --------------------------------------------------------

--
-- Table structure for table `model_has_roles`
--

DROP TABLE IF EXISTS `model_has_roles`;
CREATE TABLE IF NOT EXISTS `model_has_roles` (
  `role_id` bigint UNSIGNED NOT NULL,
  `model_type` varchar(191) CHARACTER SET utf8mb4 COLLATE utf8mb4_unicode_ci NOT NULL,
  `model_id` bigint UNSIGNED NOT NULL,
  PRIMARY KEY (`role_id`,`model_id`,`model_type`),
  KEY `model_has_roles_model_id_model_type_index` (`model_id`,`model_type`)
) ENGINE=MyISAM DEFAULT CHARSET=utf8mb4 COLLATE=utf8mb4_unicode_ci;

--
-- Dumping data for table `model_has_roles`
--

INSERT INTO `model_has_roles` (`role_id`, `model_type`, `model_id`) VALUES
(8, 'App\\Models\\User', 3),
(8, 'App\\Models\\User', 5),
(9, 'App\\Models\\User', 1),
(9, 'App\\Models\\User', 2),
(11, 'App\\Models\\User', 84),
(11, 'App\\Models\\User', 536),
(11, 'App\\Models\\User', 538),
(11, 'App\\Models\\User', 545),
(11, 'App\\Models\\User', 546),
(11, 'App\\Models\\User', 557),
(11, 'App\\Models\\User', 558),
(11, 'App\\Models\\User', 572),
(11, 'App\\Models\\User', 574),
(11, 'App\\Models\\User', 582),
(11, 'App\\Models\\User', 591),
(11, 'App\\Models\\User', 593),
(11, 'App\\Models\\User', 601),
(11, 'App\\Models\\User', 602),
(11, 'App\\Models\\User', 613),
(11, 'App\\Models\\User', 614),
(11, 'App\\Models\\User', 622),
(11, 'App\\Models\\User', 628),
(11, 'App\\Models\\User', 636),
(11, 'App\\Models\\User', 639),
(11, 'App\\Models\\User', 649),
(11, 'App\\Models\\User', 654),
(11, 'App\\Models\\User', 664),
(11, 'App\\Models\\User', 666),
(11, 'App\\Models\\User', 668),
(11, 'App\\Models\\User', 675),
(11, 'App\\Models\\User', 677),
(11, 'App\\Models\\User', 680),
(11, 'App\\Models\\User', 682),
(11, 'App\\Models\\User', 683),
(11, 'App\\Models\\User', 684),
(11, 'App\\Models\\User', 685),
(11, 'App\\Models\\User', 686),
(11, 'App\\Models\\User', 687),
(11, 'App\\Models\\User', 688),
(11, 'App\\Models\\User', 689),
(11, 'App\\Models\\User', 690),
(11, 'App\\Models\\User', 691),
(11, 'App\\Models\\User', 692),
(11, 'App\\Models\\User', 696),
(11, 'App\\Models\\User', 697),
(11, 'App\\Models\\User', 698),
(11, 'App\\Models\\User', 699),
(11, 'App\\Models\\User', 700),
(11, 'App\\Models\\User', 701),
(11, 'App\\Models\\User', 704),
(11, 'App\\Models\\User', 709),
(11, 'App\\Models\\User', 723),
(11, 'App\\Models\\User', 724),
(11, 'App\\Models\\User', 725),
(11, 'App\\Models\\User', 734),
(11, 'App\\Models\\User', 737),
(11, 'App\\Models\\User', 745),
(11, 'App\\Models\\User', 753),
(11, 'App\\Models\\User', 760),
(11, 'App\\Models\\User', 762),
(11, 'App\\Models\\User', 764),
(11, 'App\\Models\\User', 768),
(11, 'App\\Models\\User', 771),
(11, 'App\\Models\\User', 778),
(11, 'App\\Models\\User', 780),
(11, 'App\\Models\\User', 781),
(11, 'App\\Models\\User', 782),
(11, 'App\\Models\\User', 792),
(11, 'App\\Models\\User', 795),
(11, 'App\\Models\\User', 802),
(11, 'App\\Models\\User', 806),
(11, 'App\\Models\\User', 813),
(11, 'App\\Models\\User', 818),
(11, 'App\\Models\\User', 841),
(11, 'App\\Models\\User', 846),
(11, 'App\\Models\\User', 847),
(11, 'App\\Models\\User', 849),
(11, 'App\\Models\\User', 855),
(11, 'App\\Models\\User', 857),
(11, 'App\\Models\\User', 875),
(11, 'App\\Models\\User', 876),
(11, 'App\\Models\\User', 889),
(11, 'App\\Models\\User', 890),
(11, 'App\\Models\\User', 901),
(11, 'App\\Models\\User', 904),
(11, 'App\\Models\\User', 905),
(11, 'App\\Models\\User', 906),
(11, 'App\\Models\\User', 908),
(11, 'App\\Models\\User', 909),
(11, 'App\\Models\\User', 910),
(11, 'App\\Models\\User', 919),
(11, 'App\\Models\\User', 931),
(11, 'App\\Models\\User', 932),
(11, 'App\\Models\\User', 933),
(11, 'App\\Models\\User', 954),
(11, 'App\\Models\\User', 955),
(11, 'App\\Models\\User', 959),
(11, 'App\\Models\\User', 961),
(11, 'App\\Models\\User', 985),
(11, 'App\\Models\\User', 986),
(11, 'App\\Models\\User', 1026),
(12, 'App\\Models\\User', 537),
(12, 'App\\Models\\User', 539),
(12, 'App\\Models\\User', 540),
(12, 'App\\Models\\User', 541),
(12, 'App\\Models\\User', 542),
(12, 'App\\Models\\User', 543),
(12, 'App\\Models\\User', 544),
(12, 'App\\Models\\User', 547),
(12, 'App\\Models\\User', 548),
(12, 'App\\Models\\User', 549),
(12, 'App\\Models\\User', 550),
(12, 'App\\Models\\User', 551),
(12, 'App\\Models\\User', 552),
(12, 'App\\Models\\User', 553),
(12, 'App\\Models\\User', 554),
(12, 'App\\Models\\User', 555),
(12, 'App\\Models\\User', 556),
(12, 'App\\Models\\User', 559),
(12, 'App\\Models\\User', 560),
(12, 'App\\Models\\User', 561),
(12, 'App\\Models\\User', 562),
(12, 'App\\Models\\User', 563),
(12, 'App\\Models\\User', 564),
(12, 'App\\Models\\User', 565),
(12, 'App\\Models\\User', 566),
(12, 'App\\Models\\User', 567),
(12, 'App\\Models\\User', 568),
(12, 'App\\Models\\User', 569),
(12, 'App\\Models\\User', 570),
(12, 'App\\Models\\User', 571),
(12, 'App\\Models\\User', 573),
(12, 'App\\Models\\User', 575),
(12, 'App\\Models\\User', 576),
(12, 'App\\Models\\User', 577),
(12, 'App\\Models\\User', 578),
(12, 'App\\Models\\User', 579),
(12, 'App\\Models\\User', 580),
(12, 'App\\Models\\User', 581),
(12, 'App\\Models\\User', 583),
(12, 'App\\Models\\User', 584),
(12, 'App\\Models\\User', 585),
(12, 'App\\Models\\User', 586),
(12, 'App\\Models\\User', 587),
(12, 'App\\Models\\User', 588),
(12, 'App\\Models\\User', 589),
(12, 'App\\Models\\User', 590),
(12, 'App\\Models\\User', 592),
(12, 'App\\Models\\User', 594),
(12, 'App\\Models\\User', 595),
(12, 'App\\Models\\User', 596),
(12, 'App\\Models\\User', 597),
(12, 'App\\Models\\User', 598),
(12, 'App\\Models\\User', 599),
(12, 'App\\Models\\User', 600),
(12, 'App\\Models\\User', 603),
(12, 'App\\Models\\User', 604),
(12, 'App\\Models\\User', 605),
(12, 'App\\Models\\User', 606),
(12, 'App\\Models\\User', 607),
(12, 'App\\Models\\User', 608),
(12, 'App\\Models\\User', 609),
(12, 'App\\Models\\User', 610),
(12, 'App\\Models\\User', 611),
(12, 'App\\Models\\User', 612),
(12, 'App\\Models\\User', 615),
(12, 'App\\Models\\User', 616),
(12, 'App\\Models\\User', 617),
(12, 'App\\Models\\User', 618),
(12, 'App\\Models\\User', 619),
(12, 'App\\Models\\User', 620),
(12, 'App\\Models\\User', 621),
(12, 'App\\Models\\User', 623),
(12, 'App\\Models\\User', 624),
(12, 'App\\Models\\User', 625),
(12, 'App\\Models\\User', 626),
(12, 'App\\Models\\User', 627),
(12, 'App\\Models\\User', 629),
(12, 'App\\Models\\User', 630),
(12, 'App\\Models\\User', 631),
(12, 'App\\Models\\User', 632),
(12, 'App\\Models\\User', 633),
(12, 'App\\Models\\User', 634),
(12, 'App\\Models\\User', 635),
(12, 'App\\Models\\User', 637),
(12, 'App\\Models\\User', 638),
(12, 'App\\Models\\User', 640),
(12, 'App\\Models\\User', 641),
(12, 'App\\Models\\User', 642),
(12, 'App\\Models\\User', 643),
(12, 'App\\Models\\User', 644),
(12, 'App\\Models\\User', 645),
(12, 'App\\Models\\User', 646),
(12, 'App\\Models\\User', 647),
(12, 'App\\Models\\User', 648),
(12, 'App\\Models\\User', 650),
(12, 'App\\Models\\User', 651),
(12, 'App\\Models\\User', 652),
(12, 'App\\Models\\User', 653),
(12, 'App\\Models\\User', 655),
(12, 'App\\Models\\User', 656),
(12, 'App\\Models\\User', 657),
(12, 'App\\Models\\User', 658),
(12, 'App\\Models\\User', 659),
(12, 'App\\Models\\User', 660),
(12, 'App\\Models\\User', 661),
(12, 'App\\Models\\User', 662),
(12, 'App\\Models\\User', 663),
(12, 'App\\Models\\User', 665),
(12, 'App\\Models\\User', 667),
(12, 'App\\Models\\User', 669),
(12, 'App\\Models\\User', 670),
(12, 'App\\Models\\User', 671),
(12, 'App\\Models\\User', 672),
(12, 'App\\Models\\User', 673),
(12, 'App\\Models\\User', 674),
(12, 'App\\Models\\User', 676),
(12, 'App\\Models\\User', 678),
(12, 'App\\Models\\User', 679),
(12, 'App\\Models\\User', 702),
(12, 'App\\Models\\User', 703),
(12, 'App\\Models\\User', 705),
(12, 'App\\Models\\User', 706),
(12, 'App\\Models\\User', 707),
(12, 'App\\Models\\User', 708),
(12, 'App\\Models\\User', 710),
(12, 'App\\Models\\User', 711),
(12, 'App\\Models\\User', 712),
(12, 'App\\Models\\User', 714),
(12, 'App\\Models\\User', 715),
(12, 'App\\Models\\User', 716),
(12, 'App\\Models\\User', 717),
(12, 'App\\Models\\User', 718),
(12, 'App\\Models\\User', 719),
(12, 'App\\Models\\User', 720),
(12, 'App\\Models\\User', 721),
(12, 'App\\Models\\User', 722),
(12, 'App\\Models\\User', 726),
(12, 'App\\Models\\User', 727),
(12, 'App\\Models\\User', 728),
(12, 'App\\Models\\User', 729),
(12, 'App\\Models\\User', 730),
(12, 'App\\Models\\User', 731),
(12, 'App\\Models\\User', 732),
(12, 'App\\Models\\User', 733),
(12, 'App\\Models\\User', 735),
(12, 'App\\Models\\User', 736),
(12, 'App\\Models\\User', 738),
(12, 'App\\Models\\User', 739),
(12, 'App\\Models\\User', 740),
(12, 'App\\Models\\User', 741),
(12, 'App\\Models\\User', 742),
(12, 'App\\Models\\User', 743),
(12, 'App\\Models\\User', 744),
(12, 'App\\Models\\User', 746),
(12, 'App\\Models\\User', 747),
(12, 'App\\Models\\User', 748),
(12, 'App\\Models\\User', 749),
(12, 'App\\Models\\User', 750),
(12, 'App\\Models\\User', 751),
(12, 'App\\Models\\User', 752),
(12, 'App\\Models\\User', 754),
(12, 'App\\Models\\User', 755),
(12, 'App\\Models\\User', 756),
(12, 'App\\Models\\User', 757),
(12, 'App\\Models\\User', 758),
(12, 'App\\Models\\User', 759),
(12, 'App\\Models\\User', 761),
(12, 'App\\Models\\User', 763),
(12, 'App\\Models\\User', 765),
(12, 'App\\Models\\User', 766),
(12, 'App\\Models\\User', 767),
(12, 'App\\Models\\User', 769),
(12, 'App\\Models\\User', 770),
(12, 'App\\Models\\User', 772),
(12, 'App\\Models\\User', 773),
(12, 'App\\Models\\User', 774),
(12, 'App\\Models\\User', 775),
(12, 'App\\Models\\User', 776),
(12, 'App\\Models\\User', 777),
(12, 'App\\Models\\User', 779),
(12, 'App\\Models\\User', 783),
(12, 'App\\Models\\User', 784),
(12, 'App\\Models\\User', 785),
(12, 'App\\Models\\User', 786),
(12, 'App\\Models\\User', 787),
(12, 'App\\Models\\User', 788),
(12, 'App\\Models\\User', 789),
(12, 'App\\Models\\User', 790),
(12, 'App\\Models\\User', 791),
(12, 'App\\Models\\User', 793),
(12, 'App\\Models\\User', 794),
(12, 'App\\Models\\User', 796),
(12, 'App\\Models\\User', 797),
(12, 'App\\Models\\User', 798),
(12, 'App\\Models\\User', 799),
(12, 'App\\Models\\User', 800),
(12, 'App\\Models\\User', 801),
(12, 'App\\Models\\User', 803),
(12, 'App\\Models\\User', 804),
(12, 'App\\Models\\User', 805),
(12, 'App\\Models\\User', 807),
(12, 'App\\Models\\User', 808),
(12, 'App\\Models\\User', 809),
(12, 'App\\Models\\User', 810),
(12, 'App\\Models\\User', 811),
(12, 'App\\Models\\User', 812),
(12, 'App\\Models\\User', 814),
(12, 'App\\Models\\User', 815),
(12, 'App\\Models\\User', 816),
(12, 'App\\Models\\User', 817),
(12, 'App\\Models\\User', 819),
(12, 'App\\Models\\User', 820),
(12, 'App\\Models\\User', 821),
(12, 'App\\Models\\User', 822),
(12, 'App\\Models\\User', 823),
(12, 'App\\Models\\User', 824),
(12, 'App\\Models\\User', 825),
(12, 'App\\Models\\User', 826),
(12, 'App\\Models\\User', 827),
(12, 'App\\Models\\User', 828),
(12, 'App\\Models\\User', 829),
(12, 'App\\Models\\User', 830),
(12, 'App\\Models\\User', 831),
(12, 'App\\Models\\User', 832),
(12, 'App\\Models\\User', 833),
(12, 'App\\Models\\User', 834),
(12, 'App\\Models\\User', 835),
(12, 'App\\Models\\User', 836),
(12, 'App\\Models\\User', 837),
(12, 'App\\Models\\User', 838),
(12, 'App\\Models\\User', 839),
(12, 'App\\Models\\User', 840),
(12, 'App\\Models\\User', 842),
(12, 'App\\Models\\User', 843),
(12, 'App\\Models\\User', 844),
(12, 'App\\Models\\User', 845),
(12, 'App\\Models\\User', 848),
(12, 'App\\Models\\User', 850),
(12, 'App\\Models\\User', 851),
(12, 'App\\Models\\User', 852),
(12, 'App\\Models\\User', 853),
(12, 'App\\Models\\User', 854),
(12, 'App\\Models\\User', 856),
(12, 'App\\Models\\User', 858),
(12, 'App\\Models\\User', 859),
(12, 'App\\Models\\User', 860),
(12, 'App\\Models\\User', 861),
(12, 'App\\Models\\User', 862),
(12, 'App\\Models\\User', 863),
(12, 'App\\Models\\User', 864),
(12, 'App\\Models\\User', 865),
(12, 'App\\Models\\User', 866),
(12, 'App\\Models\\User', 867),
(12, 'App\\Models\\User', 868),
(12, 'App\\Models\\User', 869),
(12, 'App\\Models\\User', 870),
(12, 'App\\Models\\User', 871),
(12, 'App\\Models\\User', 872),
(12, 'App\\Models\\User', 873),
(12, 'App\\Models\\User', 874),
(12, 'App\\Models\\User', 877),
(12, 'App\\Models\\User', 878),
(12, 'App\\Models\\User', 879),
(12, 'App\\Models\\User', 880),
(12, 'App\\Models\\User', 881),
(12, 'App\\Models\\User', 882),
(12, 'App\\Models\\User', 883),
(12, 'App\\Models\\User', 884),
(12, 'App\\Models\\User', 885),
(12, 'App\\Models\\User', 886),
(12, 'App\\Models\\User', 887),
(12, 'App\\Models\\User', 888),
(12, 'App\\Models\\User', 891),
(12, 'App\\Models\\User', 892),
(12, 'App\\Models\\User', 893),
(12, 'App\\Models\\User', 894),
(12, 'App\\Models\\User', 895),
(12, 'App\\Models\\User', 896),
(12, 'App\\Models\\User', 897),
(12, 'App\\Models\\User', 898),
(12, 'App\\Models\\User', 899),
(12, 'App\\Models\\User', 900),
(12, 'App\\Models\\User', 902),
(12, 'App\\Models\\User', 903),
(12, 'App\\Models\\User', 907),
(12, 'App\\Models\\User', 911),
(12, 'App\\Models\\User', 912),
(12, 'App\\Models\\User', 913),
(12, 'App\\Models\\User', 914),
(12, 'App\\Models\\User', 915),
(12, 'App\\Models\\User', 916),
(12, 'App\\Models\\User', 917),
(12, 'App\\Models\\User', 918),
(12, 'App\\Models\\User', 920),
(12, 'App\\Models\\User', 921),
(12, 'App\\Models\\User', 922),
(12, 'App\\Models\\User', 923),
(12, 'App\\Models\\User', 924),
(12, 'App\\Models\\User', 925),
(12, 'App\\Models\\User', 926),
(12, 'App\\Models\\User', 927),
(12, 'App\\Models\\User', 928),
(12, 'App\\Models\\User', 929),
(12, 'App\\Models\\User', 930),
(12, 'App\\Models\\User', 934),
(12, 'App\\Models\\User', 935),
(12, 'App\\Models\\User', 936),
(12, 'App\\Models\\User', 937),
(12, 'App\\Models\\User', 938),
(12, 'App\\Models\\User', 939),
(12, 'App\\Models\\User', 940),
(12, 'App\\Models\\User', 941),
(12, 'App\\Models\\User', 942),
(12, 'App\\Models\\User', 943),
(12, 'App\\Models\\User', 944),
(12, 'App\\Models\\User', 945),
(12, 'App\\Models\\User', 946),
(12, 'App\\Models\\User', 947),
(12, 'App\\Models\\User', 948),
(12, 'App\\Models\\User', 949),
(12, 'App\\Models\\User', 950),
(12, 'App\\Models\\User', 951),
(12, 'App\\Models\\User', 952),
(12, 'App\\Models\\User', 953),
(12, 'App\\Models\\User', 956),
(12, 'App\\Models\\User', 957),
(12, 'App\\Models\\User', 958),
(12, 'App\\Models\\User', 960),
(12, 'App\\Models\\User', 962),
(12, 'App\\Models\\User', 963),
(12, 'App\\Models\\User', 964),
(12, 'App\\Models\\User', 965),
(12, 'App\\Models\\User', 966),
(12, 'App\\Models\\User', 967),
(12, 'App\\Models\\User', 968),
(12, 'App\\Models\\User', 969),
(12, 'App\\Models\\User', 970),
(12, 'App\\Models\\User', 971),
(12, 'App\\Models\\User', 972),
(12, 'App\\Models\\User', 973),
(12, 'App\\Models\\User', 974),
(12, 'App\\Models\\User', 975),
(12, 'App\\Models\\User', 976),
(12, 'App\\Models\\User', 977),
(12, 'App\\Models\\User', 978),
(12, 'App\\Models\\User', 979),
(12, 'App\\Models\\User', 980),
(12, 'App\\Models\\User', 981),
(12, 'App\\Models\\User', 982),
(12, 'App\\Models\\User', 983),
(12, 'App\\Models\\User', 984),
(12, 'App\\Models\\User', 989),
(12, 'App\\Models\\User', 990),
(12, 'App\\Models\\User', 991),
(12, 'App\\Models\\User', 992),
(12, 'App\\Models\\User', 993),
(12, 'App\\Models\\User', 994),
(12, 'App\\Models\\User', 995),
(12, 'App\\Models\\User', 996),
(12, 'App\\Models\\User', 997),
(12, 'App\\Models\\User', 998),
(12, 'App\\Models\\User', 999),
(12, 'App\\Models\\User', 1000),
(12, 'App\\Models\\User', 1001),
(12, 'App\\Models\\User', 1002),
(12, 'App\\Models\\User', 1003),
(12, 'App\\Models\\User', 1004),
(12, 'App\\Models\\User', 1005),
(12, 'App\\Models\\User', 1006),
(12, 'App\\Models\\User', 1007),
(12, 'App\\Models\\User', 1008),
(12, 'App\\Models\\User', 1009),
(12, 'App\\Models\\User', 1010),
(12, 'App\\Models\\User', 1011),
(12, 'App\\Models\\User', 1012),
(12, 'App\\Models\\User', 1013),
(12, 'App\\Models\\User', 1014),
(12, 'App\\Models\\User', 1015),
(12, 'App\\Models\\User', 1016),
(12, 'App\\Models\\User', 1017),
(12, 'App\\Models\\User', 1018),
(12, 'App\\Models\\User', 1019),
(12, 'App\\Models\\User', 1020),
(12, 'App\\Models\\User', 1021),
(12, 'App\\Models\\User', 1022),
(12, 'App\\Models\\User', 1023),
(12, 'App\\Models\\User', 1024),
(12, 'App\\Models\\User', 1025),
(12, 'App\\Models\\User', 1027),
(12, 'App\\Models\\User', 1028),
(12, 'App\\Models\\User', 1029),
(12, 'App\\Models\\User', 1030),
(12, 'App\\Models\\User', 1031),
(12, 'App\\Models\\User', 1032),
(12, 'App\\Models\\User', 1033),
(12, 'App\\Models\\User', 1034),
(12, 'App\\Models\\User', 1035),
(12, 'App\\Models\\User', 1036),
(12, 'App\\Models\\User', 1037),
(12, 'App\\Models\\User', 1038),
(12, 'App\\Models\\User', 1039),
(12, 'App\\Models\\User', 1040),
(12, 'App\\Models\\User', 1041),
(12, 'App\\Models\\User', 1042),
(12, 'App\\Models\\User', 1043),
(12, 'App\\Models\\User', 1044),
(12, 'App\\Models\\User', 1045),
(12, 'App\\Models\\User', 1046),
(12, 'App\\Models\\User', 1047),
(12, 'App\\Models\\User', 1048),
(12, 'App\\Models\\User', 1049),
(12, 'App\\Models\\User', 1050),
(12, 'App\\Models\\User', 1051),
(12, 'App\\Models\\User', 1052),
(12, 'App\\Models\\User', 1053),
(12, 'App\\Models\\User', 1054),
(12, 'App\\Models\\User', 1055),
(12, 'App\\Models\\User', 1056),
(12, 'App\\Models\\User', 1057),
(12, 'App\\Models\\User', 1058),
(12, 'App\\Models\\User', 1059),
(12, 'App\\Models\\User', 1060),
(12, 'App\\Models\\User', 1061),
(12, 'App\\Models\\User', 1062),
(12, 'App\\Models\\User', 1063),
(12, 'App\\Models\\User', 1064),
(12, 'App\\Models\\User', 1065),
(12, 'App\\Models\\User', 1066),
(12, 'App\\Models\\User', 1067),
(12, 'App\\Models\\User', 1068),
(12, 'App\\Models\\User', 1069),
(12, 'App\\Models\\User', 1070),
(12, 'App\\Models\\User', 1071),
(12, 'App\\Models\\User', 1072),
(12, 'App\\Models\\User', 1073),
(12, 'App\\Models\\User', 1074),
(12, 'App\\Models\\User', 1075),
(12, 'App\\Models\\User', 1076),
(12, 'App\\Models\\User', 1077),
(12, 'App\\Models\\User', 1078),
(12, 'App\\Models\\User', 1079),
(12, 'App\\Models\\User', 1080),
(12, 'App\\Models\\User', 1081),
(12, 'App\\Models\\User', 1082),
(12, 'App\\Models\\User', 1083),
(12, 'App\\Models\\User', 1084),
(12, 'App\\Models\\User', 1085),
(12, 'App\\Models\\User', 1086),
(12, 'App\\Models\\User', 1087),
(12, 'App\\Models\\User', 1088),
(12, 'App\\Models\\User', 1089),
(12, 'App\\Models\\User', 1090),
(12, 'App\\Models\\User', 1091),
(12, 'App\\Models\\User', 1092),
(12, 'App\\Models\\User', 1093),
(12, 'App\\Models\\User', 1094),
(12, 'App\\Models\\User', 1095),
(12, 'App\\Models\\User', 1096),
(12, 'App\\Models\\User', 1097),
(12, 'App\\Models\\User', 1098),
(12, 'App\\Models\\User', 1099),
(12, 'App\\Models\\User', 1100),
(12, 'App\\Models\\User', 1101),
(12, 'App\\Models\\User', 1102),
(12, 'App\\Models\\User', 1103),
(12, 'App\\Models\\User', 1104),
(12, 'App\\Models\\User', 1105),
(12, 'App\\Models\\User', 1106),
(12, 'App\\Models\\User', 1107),
(12, 'App\\Models\\User', 1108),
(12, 'App\\Models\\User', 1109),
(12, 'App\\Models\\User', 1110),
(12, 'App\\Models\\User', 1111),
(12, 'App\\Models\\User', 1112),
(12, 'App\\Models\\User', 1113),
(12, 'App\\Models\\User', 1114),
(12, 'App\\Models\\User', 1115),
(12, 'App\\Models\\User', 1116),
(12, 'App\\Models\\User', 1117),
(12, 'App\\Models\\User', 1118),
(12, 'App\\Models\\User', 1119),
(12, 'App\\Models\\User', 1120),
(12, 'App\\Models\\User', 1121),
(12, 'App\\Models\\User', 1122),
(12, 'App\\Models\\User', 1123),
(12, 'App\\Models\\User', 1124),
(12, 'App\\Models\\User', 1125),
(12, 'App\\Models\\User', 1126),
(12, 'App\\Models\\User', 1127),
(12, 'App\\Models\\User', 1128),
(12, 'App\\Models\\User', 1129),
(12, 'App\\Models\\User', 1130),
(12, 'App\\Models\\User', 1131),
(12, 'App\\Models\\User', 1132),
(12, 'App\\Models\\User', 1133),
(12, 'App\\Models\\User', 1134),
(12, 'App\\Models\\User', 1135),
(12, 'App\\Models\\User', 1136),
(12, 'App\\Models\\User', 1137),
(12, 'App\\Models\\User', 1138),
(12, 'App\\Models\\User', 1139),
(12, 'App\\Models\\User', 1140),
(12, 'App\\Models\\User', 1141),
(12, 'App\\Models\\User', 1142),
(12, 'App\\Models\\User', 1143),
(12, 'App\\Models\\User', 1144),
(12, 'App\\Models\\User', 1145),
(12, 'App\\Models\\User', 1146),
(12, 'App\\Models\\User', 1147),
(12, 'App\\Models\\User', 1148),
(12, 'App\\Models\\User', 1149),
(12, 'App\\Models\\User', 1150),
(12, 'App\\Models\\User', 1151),
(12, 'App\\Models\\User', 1152),
(12, 'App\\Models\\User', 1153),
(12, 'App\\Models\\User', 1154),
(12, 'App\\Models\\User', 1155),
(12, 'App\\Models\\User', 1156),
(12, 'App\\Models\\User', 1157),
(12, 'App\\Models\\User', 1158),
(12, 'App\\Models\\User', 1159),
(12, 'App\\Models\\User', 1160),
(12, 'App\\Models\\User', 1161),
(12, 'App\\Models\\User', 1162),
(12, 'App\\Models\\User', 1163),
(12, 'App\\Models\\User', 1164),
(12, 'App\\Models\\User', 1165),
(12, 'App\\Models\\User', 1166),
(12, 'App\\Models\\User', 1167),
(12, 'App\\Models\\User', 1168),
(12, 'App\\Models\\User', 1169),
(12, 'App\\Models\\User', 1170),
(12, 'App\\Models\\User', 1171),
(12, 'App\\Models\\User', 1172),
(12, 'App\\Models\\User', 1173),
(12, 'App\\Models\\User', 1174),
(12, 'App\\Models\\User', 1175),
(12, 'App\\Models\\User', 1176),
(12, 'App\\Models\\User', 1177),
(12, 'App\\Models\\User', 1178),
(12, 'App\\Models\\User', 1179),
(12, 'App\\Models\\User', 1180),
(12, 'App\\Models\\User', 1181),
(12, 'App\\Models\\User', 1182),
(12, 'App\\Models\\User', 1183),
(12, 'App\\Models\\User', 1184),
(12, 'App\\Models\\User', 1185),
(12, 'App\\Models\\User', 1186),
(12, 'App\\Models\\User', 1187),
(12, 'App\\Models\\User', 1188),
(12, 'App\\Models\\User', 1189),
(12, 'App\\Models\\User', 1190),
(12, 'App\\Models\\User', 1191),
(12, 'App\\Models\\User', 1192),
(12, 'App\\Models\\User', 1193),
(12, 'App\\Models\\User', 1194),
(12, 'App\\Models\\User', 1195),
(12, 'App\\Models\\User', 1196),
(12, 'App\\Models\\User', 1197),
(12, 'App\\Models\\User', 1198),
(12, 'App\\Models\\User', 1199),
(12, 'App\\Models\\User', 1200),
(12, 'App\\Models\\User', 1201),
(12, 'App\\Models\\User', 1202),
(12, 'App\\Models\\User', 1203),
(12, 'App\\Models\\User', 1204),
(12, 'App\\Models\\User', 1205),
(12, 'App\\Models\\User', 1206),
(12, 'App\\Models\\User', 1207),
(12, 'App\\Models\\User', 1208),
(12, 'App\\Models\\User', 1209),
(12, 'App\\Models\\User', 1210),
(12, 'App\\Models\\User', 1211),
(12, 'App\\Models\\User', 1212),
(12, 'App\\Models\\User', 1213),
(12, 'App\\Models\\User', 1214),
(12, 'App\\Models\\User', 1215),
(12, 'App\\Models\\User', 1216),
(12, 'App\\Models\\User', 1217),
(12, 'App\\Models\\User', 1218),
(12, 'App\\Models\\User', 1219),
(12, 'App\\Models\\User', 1220),
(12, 'App\\Models\\User', 1221),
(12, 'App\\Models\\User', 1222),
(12, 'App\\Models\\User', 1223),
(12, 'App\\Models\\User', 1224),
(12, 'App\\Models\\User', 1225),
(12, 'App\\Models\\User', 1226),
(12, 'App\\Models\\User', 1227),
(12, 'App\\Models\\User', 1228),
(12, 'App\\Models\\User', 1229),
(12, 'App\\Models\\User', 1230),
(12, 'App\\Models\\User', 1231),
(12, 'App\\Models\\User', 1232),
(12, 'App\\Models\\User', 1233),
(12, 'App\\Models\\User', 1234),
(12, 'App\\Models\\User', 1235),
(12, 'App\\Models\\User', 1236),
(12, 'App\\Models\\User', 1237),
(12, 'App\\Models\\User', 1238),
(12, 'App\\Models\\User', 1239),
(12, 'App\\Models\\User', 1240),
(12, 'App\\Models\\User', 1241),
(12, 'App\\Models\\User', 1242),
(12, 'App\\Models\\User', 1243),
(12, 'App\\Models\\User', 1244),
(12, 'App\\Models\\User', 1245),
(12, 'App\\Models\\User', 1246),
(12, 'App\\Models\\User', 1247),
(12, 'App\\Models\\User', 1248),
(12, 'App\\Models\\User', 1249),
(12, 'App\\Models\\User', 1250),
(12, 'App\\Models\\User', 1251),
(12, 'App\\Models\\User', 1252),
(12, 'App\\Models\\User', 1253),
(12, 'App\\Models\\User', 1254),
(12, 'App\\Models\\User', 1255),
(12, 'App\\Models\\User', 1256),
(12, 'App\\Models\\User', 1257),
(12, 'App\\Models\\User', 1258),
(12, 'App\\Models\\User', 1259),
(12, 'App\\Models\\User', 1260),
(12, 'App\\Models\\User', 1261),
(12, 'App\\Models\\User', 1262),
(12, 'App\\Models\\User', 1263),
(12, 'App\\Models\\User', 1264),
(12, 'App\\Models\\User', 1265),
(12, 'App\\Models\\User', 1266),
(12, 'App\\Models\\User', 1267),
(12, 'App\\Models\\User', 1268),
(12, 'App\\Models\\User', 1269),
(12, 'App\\Models\\User', 1270),
(12, 'App\\Models\\User', 1271),
(12, 'App\\Models\\User', 1272),
(12, 'App\\Models\\User', 1273),
(12, 'App\\Models\\User', 1274),
(12, 'App\\Models\\User', 1275),
(12, 'App\\Models\\User', 1276),
(12, 'App\\Models\\User', 1277),
(12, 'App\\Models\\User', 1278),
(12, 'App\\Models\\User', 1279),
(12, 'App\\Models\\User', 1280),
(12, 'App\\Models\\User', 1281),
(12, 'App\\Models\\User', 1282),
(12, 'App\\Models\\User', 1283),
(12, 'App\\Models\\User', 1284),
(12, 'App\\Models\\User', 1285),
(12, 'App\\Models\\User', 1286),
(12, 'App\\Models\\User', 1287),
(12, 'App\\Models\\User', 1288),
(12, 'App\\Models\\User', 1289),
(12, 'App\\Models\\User', 1290),
(12, 'App\\Models\\User', 1291),
(12, 'App\\Models\\User', 1292),
(12, 'App\\Models\\User', 1293),
(12, 'App\\Models\\User', 1294),
(12, 'App\\Models\\User', 1295),
(12, 'App\\Models\\User', 1296),
(12, 'App\\Models\\User', 1297),
(12, 'App\\Models\\User', 1298),
(12, 'App\\Models\\User', 1299),
(12, 'App\\Models\\User', 1300),
(12, 'App\\Models\\User', 1301),
(12, 'App\\Models\\User', 1302),
(12, 'App\\Models\\User', 1303),
(12, 'App\\Models\\User', 1304),
(12, 'App\\Models\\User', 1305),
(12, 'App\\Models\\User', 1306),
(12, 'App\\Models\\User', 1307),
(12, 'App\\Models\\User', 1308),
(12, 'App\\Models\\User', 1309),
(12, 'App\\Models\\User', 1310),
(12, 'App\\Models\\User', 1311),
(12, 'App\\Models\\User', 1312),
(12, 'App\\Models\\User', 1313),
(12, 'App\\Models\\User', 1314),
(12, 'App\\Models\\User', 1315),
(12, 'App\\Models\\User', 1316),
(12, 'App\\Models\\User', 1317),
(12, 'App\\Models\\User', 1318),
(12, 'App\\Models\\User', 1319),
(12, 'App\\Models\\User', 1320),
(12, 'App\\Models\\User', 1321),
(12, 'App\\Models\\User', 1322),
(12, 'App\\Models\\User', 1323),
(12, 'App\\Models\\User', 1324),
(12, 'App\\Models\\User', 1325),
(12, 'App\\Models\\User', 1326),
(12, 'App\\Models\\User', 1327),
(12, 'App\\Models\\User', 1328),
(12, 'App\\Models\\User', 1329),
(12, 'App\\Models\\User', 1330),
(12, 'App\\Models\\User', 1331),
(12, 'App\\Models\\User', 1332),
(12, 'App\\Models\\User', 1333),
(12, 'App\\Models\\User', 1334),
(12, 'App\\Models\\User', 1335),
(12, 'App\\Models\\User', 1336),
(12, 'App\\Models\\User', 1337),
(12, 'App\\Models\\User', 1338),
(12, 'App\\Models\\User', 1339),
(12, 'App\\Models\\User', 1340),
(12, 'App\\Models\\User', 1341),
(12, 'App\\Models\\User', 1342),
(12, 'App\\Models\\User', 1343),
(12, 'App\\Models\\User', 1344),
(12, 'App\\Models\\User', 1345),
(12, 'App\\Models\\User', 1346),
(12, 'App\\Models\\User', 1347),
(12, 'App\\Models\\User', 1348),
(12, 'App\\Models\\User', 1349),
(12, 'App\\Models\\User', 1350),
(12, 'App\\Models\\User', 1351),
(12, 'App\\Models\\User', 1352),
(12, 'App\\Models\\User', 1353),
(12, 'App\\Models\\User', 1354),
(12, 'App\\Models\\User', 1355),
(12, 'App\\Models\\User', 1356),
(12, 'App\\Models\\User', 1357),
(12, 'App\\Models\\User', 1358),
(12, 'App\\Models\\User', 1359),
(12, 'App\\Models\\User', 1360),
(12, 'App\\Models\\User', 1361),
(12, 'App\\Models\\User', 1362),
(12, 'App\\Models\\User', 1363),
(12, 'App\\Models\\User', 1364),
(12, 'App\\Models\\User', 1365),
(12, 'App\\Models\\User', 1366),
(12, 'App\\Models\\User', 1367),
(12, 'App\\Models\\User', 1368),
(12, 'App\\Models\\User', 1369),
(12, 'App\\Models\\User', 1370),
(12, 'App\\Models\\User', 1371),
(12, 'App\\Models\\User', 1372),
(12, 'App\\Models\\User', 1373),
(12, 'App\\Models\\User', 1374),
(12, 'App\\Models\\User', 1375),
(12, 'App\\Models\\User', 1376),
(12, 'App\\Models\\User', 1377),
(12, 'App\\Models\\User', 1378),
(12, 'App\\Models\\User', 1379),
(12, 'App\\Models\\User', 1380),
(12, 'App\\Models\\User', 1381),
(12, 'App\\Models\\User', 1382),
(12, 'App\\Models\\User', 1383),
(12, 'App\\Models\\User', 1384),
(12, 'App\\Models\\User', 1385),
(12, 'App\\Models\\User', 1386),
(12, 'App\\Models\\User', 1387),
(12, 'App\\Models\\User', 1388),
(12, 'App\\Models\\User', 1389),
(12, 'App\\Models\\User', 1390),
(12, 'App\\Models\\User', 1391),
(12, 'App\\Models\\User', 1392),
(12, 'App\\Models\\User', 1393),
(12, 'App\\Models\\User', 1394),
(12, 'App\\Models\\User', 1395),
(12, 'App\\Models\\User', 1396),
(12, 'App\\Models\\User', 1397),
(12, 'App\\Models\\User', 1398),
(12, 'App\\Models\\User', 1399),
(12, 'App\\Models\\User', 1400),
(12, 'App\\Models\\User', 1401),
(12, 'App\\Models\\User', 1402),
(12, 'App\\Models\\User', 1403),
(12, 'App\\Models\\User', 1404),
(12, 'App\\Models\\User', 1405),
(12, 'App\\Models\\User', 1406),
(12, 'App\\Models\\User', 1407),
(12, 'App\\Models\\User', 1408),
(12, 'App\\Models\\User', 1409),
(12, 'App\\Models\\User', 1410),
(12, 'App\\Models\\User', 1411),
(12, 'App\\Models\\User', 1412),
(12, 'App\\Models\\User', 1413),
(12, 'App\\Models\\User', 1414),
(12, 'App\\Models\\User', 1415),
(12, 'App\\Models\\User', 1416),
(12, 'App\\Models\\User', 1417),
(12, 'App\\Models\\User', 1418),
(12, 'App\\Models\\User', 1419),
(12, 'App\\Models\\User', 1420),
(12, 'App\\Models\\User', 1421),
(12, 'App\\Models\\User', 1422),
(12, 'App\\Models\\User', 1423),
(12, 'App\\Models\\User', 1424),
(12, 'App\\Models\\User', 1425),
(12, 'App\\Models\\User', 1426),
(12, 'App\\Models\\User', 1427),
(12, 'App\\Models\\User', 1428),
(12, 'App\\Models\\User', 1429),
(12, 'App\\Models\\User', 1430),
(12, 'App\\Models\\User', 1431),
(12, 'App\\Models\\User', 1432),
(12, 'App\\Models\\User', 1433),
(12, 'App\\Models\\User', 1434),
(12, 'App\\Models\\User', 1435),
(12, 'App\\Models\\User', 1436),
(12, 'App\\Models\\User', 1437),
(12, 'App\\Models\\User', 1438),
(12, 'App\\Models\\User', 1439),
(12, 'App\\Models\\User', 1440),
(13, 'App\\Models\\User', 681),
(14, 'App\\Models\\User', 8),
(14, 'App\\Models\\User', 693),
(14, 'App\\Models\\User', 694),
(14, 'App\\Models\\User', 695),
(14, 'App\\Models\\User', 713);

-- --------------------------------------------------------

--
-- Table structure for table `new_joiner`
--

DROP TABLE IF EXISTS `new_joiner`;
CREATE TABLE IF NOT EXISTS `new_joiner` (
  `id` bigint UNSIGNED NOT NULL AUTO_INCREMENT,
  `name` varchar(255) CHARACTER SET utf8mb4 COLLATE utf8mb4_unicode_ci NOT NULL,
  `mode` varchar(255) CHARACTER SET utf8mb4 COLLATE utf8mb4_unicode_ci NOT NULL,
  `start_date` date NOT NULL,
  `job` varchar(255) CHARACTER SET utf8mb4 COLLATE utf8mb4_unicode_ci NOT NULL,
  `created_at` timestamp NULL DEFAULT NULL,
  `updated_at` timestamp NULL DEFAULT NULL,
  PRIMARY KEY (`id`)
) ENGINE=MyISAM AUTO_INCREMENT=26 DEFAULT CHARSET=utf8mb4 COLLATE=utf8mb4_unicode_ci;

--
-- Dumping data for table `new_joiner`
--

INSERT INTO `new_joiner` (`id`, `name`, `mode`, `start_date`, `job`, `created_at`, `updated_at`) VALUES
(24, 'Maher Labban', 'full-time', '2025-02-26', 'Stationery', '2025-02-21 11:29:51', '2025-02-21 11:29:51'),
(25, 'Mira Mahmoud', 'part-time', '2025-02-23', 'Graphic designer', '2025-02-21 11:54:41', '2025-02-21 11:54:41'),
(23, 'Dalia Mayassi', 'full-time', '2024-12-31', 'Stationery', '2025-02-21 11:29:42', '2025-02-21 11:29:42'),
(22, 'Silva trayji', 'part-time', '2025-02-18', 'Stationery', '2025-02-21 11:29:29', '2025-02-21 11:29:29'),
(21, 'Loulwa Khaddaj', 'part-time', '2025-02-12', 'Joker', '2025-02-21 11:29:16', '2025-02-21 11:29:16'),
(20, 'Hadi Rida', 'full-time', '2025-02-12', 'Stationery', '2025-02-21 10:09:17', '2025-02-21 10:09:17'),
(19, 'Mustafa Rihane', 'full-time', '2025-02-12', 'Graphic designer', '2025-02-21 10:05:53', '2025-02-21 10:05:53');

-- --------------------------------------------------------

--
-- Table structure for table `new_joiner_progress`
--

DROP TABLE IF EXISTS `new_joiner_progress`;
CREATE TABLE IF NOT EXISTS `new_joiner_progress` (
  `id` bigint UNSIGNED NOT NULL AUTO_INCREMENT,
  `new_joiner_id` bigint UNSIGNED NOT NULL,
  `step_id` bigint UNSIGNED NOT NULL,
  `status` enum('pending','completed') CHARACTER SET utf8mb4 COLLATE utf8mb4_unicode_ci NOT NULL DEFAULT 'pending',
  `remarks` text CHARACTER SET utf8mb4 COLLATE utf8mb4_unicode_ci,
  `completed_at` timestamp NULL DEFAULT NULL,
  `created_at` timestamp NULL DEFAULT NULL,
  `updated_at` timestamp NULL DEFAULT NULL,
  PRIMARY KEY (`id`),
  KEY `new_joiner_progress_new_joiner_id_foreign` (`new_joiner_id`),
  KEY `new_joiner_progress_step_id_foreign` (`step_id`)
) ENGINE=MyISAM AUTO_INCREMENT=140 DEFAULT CHARSET=utf8mb4 COLLATE=utf8mb4_unicode_ci;

--
-- Dumping data for table `new_joiner_progress`
--

INSERT INTO `new_joiner_progress` (`id`, `new_joiner_id`, `step_id`, `status`, `remarks`, `completed_at`, `created_at`, `updated_at`) VALUES
(135, 25, 6, 'pending', NULL, NULL, '2025-02-21 11:54:41', '2025-02-21 11:54:41'),
(131, 24, 7, 'pending', NULL, NULL, '2025-02-21 11:29:51', '2025-02-21 11:29:51'),
(118, 22, 9, 'pending', NULL, NULL, '2025-02-21 11:29:30', '2025-02-21 11:29:30'),
(117, 22, 7, 'pending', NULL, NULL, '2025-02-21 11:29:30', '2025-02-21 11:29:30'),
(116, 22, 5, 'completed', NULL, '2025-02-20 22:00:00', '2025-02-21 11:29:30', '2025-02-21 11:30:34'),
(115, 22, 8, 'completed', NULL, '2025-02-20 22:00:00', '2025-02-21 11:29:30', '2025-02-21 11:30:28'),
(114, 22, 6, 'completed', NULL, '2025-02-20 22:00:00', '2025-02-21 11:29:30', '2025-02-21 11:30:09'),
(113, 22, 2, 'completed', NULL, '2025-02-20 22:00:00', '2025-02-21 11:29:29', '2025-02-21 11:30:04'),
(112, 22, 1, 'completed', NULL, '2025-02-20 22:00:00', '2025-02-21 11:29:29', '2025-02-21 11:29:55'),
(111, 21, 9, 'pending', NULL, NULL, '2025-02-21 11:29:16', '2025-02-21 11:29:16'),
(110, 21, 7, 'pending', NULL, NULL, '2025-02-21 11:29:16', '2025-02-21 11:29:16'),
(109, 21, 5, 'pending', NULL, NULL, '2025-02-21 11:29:16', '2025-02-21 11:29:16'),
(108, 21, 8, 'pending', NULL, NULL, '2025-02-21 11:29:16', '2025-02-21 11:29:16'),
(107, 21, 6, 'completed', 'Started with Nizar', '2025-02-20 22:00:00', '2025-02-21 11:29:16', '2025-02-21 11:38:59'),
(106, 21, 2, 'completed', NULL, '2025-02-20 22:00:00', '2025-02-21 11:29:16', '2025-02-21 11:30:06'),
(105, 21, 1, 'completed', NULL, '2025-02-20 22:00:00', '2025-02-21 11:29:16', '2025-02-21 11:29:59'),
(104, 20, 9, 'pending', NULL, NULL, '2025-02-21 10:09:17', '2025-02-21 10:09:17'),
(103, 20, 7, 'completed', NULL, '2025-02-20 22:00:00', '2025-02-21 10:09:17', '2025-02-21 11:23:13'),
(102, 20, 5, 'completed', NULL, '2025-02-20 22:00:00', '2025-02-21 10:09:17', '2025-02-21 11:18:18'),
(101, 20, 8, 'completed', NULL, '2025-02-20 22:00:00', '2025-02-21 10:09:17', '2025-02-21 11:13:36'),
(100, 20, 6, 'completed', 'test ag', '2025-02-20 22:00:00', '2025-02-21 10:09:17', '2025-02-21 11:13:24'),
(99, 20, 2, 'completed', 'test', '2025-02-20 22:00:00', '2025-02-21 10:09:17', '2025-02-21 11:09:27'),
(98, 20, 1, 'completed', 'test', '2025-02-20 22:00:00', '2025-02-21 10:09:17', '2025-02-21 11:09:21'),
(97, 19, 9, 'pending', NULL, NULL, '2025-02-21 10:05:53', '2025-02-21 10:05:53'),
(96, 19, 7, 'completed', NULL, '2025-02-20 22:00:00', '2025-02-21 10:05:53', '2025-02-21 10:07:03'),
(95, 19, 5, 'completed', NULL, '2025-02-20 22:00:00', '2025-02-21 10:05:53', '2025-02-21 10:06:59'),
(94, 19, 8, 'completed', NULL, '2025-02-20 22:00:00', '2025-02-21 10:05:53', '2025-02-21 10:06:56'),
(93, 19, 6, 'completed', NULL, '2025-02-20 22:00:00', '2025-02-21 10:05:53', '2025-02-21 10:06:53'),
(92, 19, 2, 'completed', NULL, '2025-02-20 22:00:00', '2025-02-21 10:05:53', '2025-02-21 10:06:51'),
(91, 19, 1, 'completed', NULL, '2025-02-20 22:00:00', '2025-02-21 10:05:53', '2025-02-21 10:06:03'),
(136, 25, 8, 'pending', NULL, NULL, '2025-02-21 11:54:41', '2025-02-21 11:54:41'),
(137, 25, 5, 'pending', NULL, NULL, '2025-02-21 11:54:41', '2025-02-21 11:54:41'),
(138, 25, 7, 'pending', NULL, NULL, '2025-02-21 11:54:41', '2025-02-21 11:54:41'),
(139, 25, 9, 'pending', NULL, NULL, '2025-02-21 11:54:41', '2025-02-21 11:54:41'),
(133, 25, 1, 'pending', NULL, NULL, '2025-02-21 11:54:41', '2025-02-21 11:54:41'),
(134, 25, 2, 'pending', NULL, NULL, '2025-02-21 11:54:41', '2025-02-21 11:54:41'),
(132, 24, 9, 'pending', NULL, NULL, '2025-02-21 11:29:51', '2025-02-21 11:29:51'),
(119, 23, 1, 'completed', NULL, '2025-02-20 22:00:00', '2025-02-21 11:29:42', '2025-02-21 11:30:02'),
(120, 23, 2, 'completed', NULL, '2025-02-20 22:00:00', '2025-02-21 11:29:42', '2025-02-21 11:57:41'),
(121, 23, 6, 'pending', NULL, NULL, '2025-02-21 11:29:42', '2025-02-21 11:29:42'),
(122, 23, 8, 'pending', NULL, NULL, '2025-02-21 11:29:42', '2025-02-21 11:29:42'),
(123, 23, 5, 'pending', NULL, NULL, '2025-02-21 11:29:42', '2025-02-21 11:29:42'),
(124, 23, 7, 'pending', NULL, NULL, '2025-02-21 11:29:42', '2025-02-21 11:29:42'),
(125, 23, 9, 'pending', NULL, NULL, '2025-02-21 11:29:42', '2025-02-21 11:29:42'),
(126, 24, 1, 'pending', NULL, NULL, '2025-02-21 11:29:51', '2025-02-21 11:29:51'),
(127, 24, 2, 'pending', NULL, NULL, '2025-02-21 11:29:51', '2025-02-21 11:29:51'),
(128, 24, 6, 'pending', NULL, NULL, '2025-02-21 11:29:51', '2025-02-21 11:29:51'),
(129, 24, 8, 'pending', NULL, NULL, '2025-02-21 11:29:51', '2025-02-21 11:29:51'),
(130, 24, 5, 'pending', NULL, NULL, '2025-02-21 11:29:51', '2025-02-21 11:29:51');

-- --------------------------------------------------------

--
-- Table structure for table `notifications`
--

DROP TABLE IF EXISTS `notifications`;
CREATE TABLE IF NOT EXISTS `notifications` (
  `id` bigint UNSIGNED NOT NULL AUTO_INCREMENT,
  `user_id` bigint UNSIGNED NOT NULL,
  `type` varchar(255) CHARACTER SET utf8mb4 COLLATE utf8mb4_unicode_ci NOT NULL,
  `message` text CHARACTER SET utf8mb4 COLLATE utf8mb4_unicode_ci NOT NULL,
  `notified_at` timestamp NULL DEFAULT NULL,
  `is_read` tinyint(1) NOT NULL DEFAULT '0',
  `created_at` timestamp NULL DEFAULT NULL,
  `updated_at` timestamp NULL DEFAULT NULL,
  `user_image` varchar(255) CHARACTER SET utf8mb4 COLLATE utf8mb4_unicode_ci DEFAULT NULL,
  PRIMARY KEY (`id`),
  KEY `notifications_user_id_foreign` (`user_id`)
) ENGINE=MyISAM AUTO_INCREMENT=2016 DEFAULT CHARSET=utf8mb4 COLLATE=utf8mb4_unicode_ci;

--
-- Dumping data for table `notifications`
--

INSERT INTO `notifications` (`id`, `user_id`, `type`, `message`, `notified_at`, `is_read`, `created_at`, `updated_at`, `user_image`) VALUES
(1885, 3, 'probation_alert', 'Probation period for Mazen Halabi is ending soon (Day 96).', '2025-03-08 20:20:07', 1, '2025-03-08 20:20:07', '2025-03-09 19:00:12', 'images\\Default.jpg'),
(1886, 5, 'probation_alert', 'Probation period for Mazen Halabi is ending soon (Day 96).', '2025-03-08 20:20:07', 1, '2025-03-08 20:20:07', '2025-03-09 20:16:50', 'images\\Default.jpg'),
(1887, 1, 'probation_alert', 'Probation period for Mazen Halabi is ending soon (Day 96).', '2025-03-08 20:20:07', 0, '2025-03-08 20:20:07', '2025-03-08 20:20:07', 'images\\Default.jpg'),
(1888, 3, 'probation_alert', 'Probation period for Loulwa Koronfol is ending soon (Day 101).', '2025-03-08 20:20:07', 1, '2025-03-08 20:20:07', '2025-03-09 19:00:12', 'images\\loulwa koronfol.png'),
(1889, 5, 'probation_alert', 'Probation period for Loulwa Koronfol is ending soon (Day 101).', '2025-03-08 20:20:07', 1, '2025-03-08 20:20:07', '2025-03-09 20:16:50', 'images\\loulwa koronfol.png'),
(1890, 1, 'probation_alert', 'Probation period for Loulwa Koronfol is ending soon (Day 101).', '2025-03-08 20:20:07', 0, '2025-03-08 20:20:07', '2025-03-08 20:20:07', 'images\\loulwa koronfol.png'),
(1891, 3, 'probation_alert', 'Probation period for Sarah Al Issa is ending soon (Day 116).', '2025-03-08 20:20:07', 1, '2025-03-08 20:20:07', '2025-03-09 19:00:13', 'images\\Sara Al Issa.png'),
(1892, 5, 'probation_alert', 'Probation period for Sarah Al Issa is ending soon (Day 116).', '2025-03-08 20:20:07', 1, '2025-03-08 20:20:07', '2025-03-09 20:16:50', 'images\\Sara Al Issa.png'),
(1893, 1, 'probation_alert', 'Probation period for Sarah Al Issa is ending soon (Day 116).', '2025-03-08 20:20:07', 0, '2025-03-08 20:20:07', '2025-03-08 20:20:07', 'images\\Sara Al Issa.png'),
(1894, 3, 'probation_alert', 'Probation period for Mazen Sheikh is ending soon (Day 100).', '2025-03-08 20:20:07', 1, '2025-03-08 20:20:07', '2025-03-09 19:00:13', 'images\\Default.jpg'),
(1895, 5, 'probation_alert', 'Probation period for Mazen Sheikh is ending soon (Day 100).', '2025-03-08 20:20:07', 1, '2025-03-08 20:20:07', '2025-03-09 20:16:51', 'images\\Default.jpg'),
(1896, 1, 'probation_alert', 'Probation period for Mazen Sheikh is ending soon (Day 100).', '2025-03-08 20:20:07', 0, '2025-03-08 20:20:07', '2025-03-08 20:20:07', 'images\\Default.jpg'),
(1897, 3, 'probation_alert', 'Probation period for Eugenie Hakim is ending soon (Day 91).', '2025-03-08 20:20:07', 1, '2025-03-08 20:20:07', '2025-03-09 19:00:13', 'images\\Default.jpg'),
(1898, 5, 'probation_alert', 'Probation period for Eugenie Hakim is ending soon (Day 91).', '2025-03-08 20:20:07', 1, '2025-03-08 20:20:07', '2025-03-09 20:16:51', 'images\\Default.jpg'),
(1899, 1, 'probation_alert', 'Probation period for Eugenie Hakim is ending soon (Day 91).', '2025-03-08 20:20:07', 0, '2025-03-08 20:20:07', '2025-03-08 20:20:07', 'images\\Default.jpg'),
(1900, 3, 'probation_alert', 'Probation period for Mira Mahmoud is ending soon (Day 90).', '2025-03-08 20:20:07', 1, '2025-03-08 20:20:07', '2025-03-09 19:00:12', 'images/67ccb0fceafd2.png'),
(1901, 5, 'probation_alert', 'Probation period for Mira Mahmoud is ending soon (Day 90).', '2025-03-08 20:20:07', 1, '2025-03-08 20:20:07', '2025-03-09 20:16:51', 'images/67ccb0fceafd2.png'),
(1902, 1, 'probation_alert', 'Probation period for Mira Mahmoud is ending soon (Day 90).', '2025-03-08 20:20:07', 0, '2025-03-08 20:20:07', '2025-03-08 20:20:07', 'images/67ccb0fceafd2.png'),
(1903, 3, 'admin_alert', 'Shadi Farhat has created a new vacancy for the job \'7\' at Test Branch.', '2025-03-08 21:20:55', 1, '2025-03-08 21:20:55', '2025-03-09 19:00:12', 'user-images/RbyzQssYXtH6HNnEIUFpmnfkejgXO4FiLziKQ32t.jpg'),
(1904, 3, 'admin_alert', 'Shadi Farhat has deleted the promotion for Shadi Farhat for the title of Executive.', '2025-03-08 21:39:48', 1, '2025-03-08 21:39:48', '2025-03-09 19:00:11', 'user-images/RbyzQssYXtH6HNnEIUFpmnfkejgXO4FiLziKQ32t.jpg'),
(1905, 3, 'admin_alert', 'Shadi Farhat has created a new promotion for Test Shadi to the position of Senior Supervisor.', '2025-03-09 17:13:39', 1, '2025-03-09 17:13:39', '2025-03-09 19:00:11', 'user-images/RbyzQssYXtH6HNnEIUFpmnfkejgXO4FiLziKQ32t.jpg'),
(1906, 3, 'admin_alert', 'Shadi Farhat has created a new promotion for Test Shadi to the position of Senior Supervisor.', '2025-03-09 17:13:39', 1, '2025-03-09 17:13:39', '2025-03-09 19:00:11', 'user-images/RbyzQssYXtH6HNnEIUFpmnfkejgXO4FiLziKQ32t.jpg'),
(1907, 3, 'admin_alert', 'Shadi Farhat has deleted the promotion for Test Shadi for the title of Senior Supervisor.', '2025-03-09 17:14:03', 1, '2025-03-09 17:14:03', '2025-03-09 19:00:10', 'user-images/RbyzQssYXtH6HNnEIUFpmnfkejgXO4FiLziKQ32t.jpg'),
(1908, 3, 'admin_alert', 'Shadi Farhat has created a new promotion for Test Shadi to the position of Senior Supervisor.', '2025-03-09 17:16:55', 1, '2025-03-09 17:16:55', '2025-03-09 19:00:09', 'user-images/RbyzQssYXtH6HNnEIUFpmnfkejgXO4FiLziKQ32t.jpg'),
(1909, 3, 'admin_alert', 'Shadi Farhat has created a new promotion for Test Shadi to the position of Senior Supervisor.', '2025-03-09 17:16:55', 1, '2025-03-09 17:16:55', '2025-03-09 19:00:09', 'user-images/RbyzQssYXtH6HNnEIUFpmnfkejgXO4FiLziKQ32t.jpg'),
(1910, 3, 'admin_alert', 'Shadi Farhat has deleted the promotion for Test Shadi for the title of Senior Supervisor.', '2025-03-09 17:17:00', 1, '2025-03-09 17:17:00', '2025-03-09 19:00:06', 'user-images/RbyzQssYXtH6HNnEIUFpmnfkejgXO4FiLziKQ32t.jpg'),
(1911, 3, 'admin_alert', 'Shadi Farhat has deleted the promotion for Test Shadi for the title of Senior Supervisor.', '2025-03-09 17:17:02', 1, '2025-03-09 17:17:02', '2025-03-09 19:00:06', 'user-images/RbyzQssYXtH6HNnEIUFpmnfkejgXO4FiLziKQ32t.jpg'),
(1912, 3, 'admin_alert', 'Shadi Farhat has created a new promotion for Test Shadi to the position of Senior Supervisor.', '2025-03-09 17:18:41', 1, '2025-03-09 17:18:41', '2025-03-09 19:00:05', 'user-images/RbyzQssYXtH6HNnEIUFpmnfkejgXO4FiLziKQ32t.jpg'),
(1913, 3, 'admin_alert', 'Shadi Farhat has created a new promotion for Test Shadi to the position of Senior Supervisor.', '2025-03-09 17:18:42', 1, '2025-03-09 17:18:42', '2025-03-09 19:00:05', 'user-images/RbyzQssYXtH6HNnEIUFpmnfkejgXO4FiLziKQ32t.jpg'),
(1914, 3, 'admin_alert', 'Shadi Farhat has deleted the promotion for Test Shadi for the title of Senior Supervisor.', '2025-03-09 17:18:46', 1, '2025-03-09 17:18:46', '2025-03-09 19:00:05', 'user-images/RbyzQssYXtH6HNnEIUFpmnfkejgXO4FiLziKQ32t.jpg'),
(1915, 3, 'admin_alert', 'Shadi Farhat has deleted the promotion for Test Shadi for the title of Senior Supervisor.', '2025-03-09 17:18:50', 1, '2025-03-09 17:18:50', '2025-03-09 19:00:09', 'user-images/RbyzQssYXtH6HNnEIUFpmnfkejgXO4FiLziKQ32t.jpg'),
(1916, 3, 'admin_alert', 'Shadi Farhat has created a new promotion for Test Shadi to the position of Senior Supervisor.', '2025-03-09 17:20:56', 1, '2025-03-09 17:20:56', '2025-03-09 19:00:04', 'user-images/RbyzQssYXtH6HNnEIUFpmnfkejgXO4FiLziKQ32t.jpg'),
(1917, 3, 'admin_alert', 'Shadi Farhat has created a new promotion for Test Shadi to the position of Senior Supervisor.', '2025-03-09 17:20:56', 1, '2025-03-09 17:20:56', '2025-03-09 19:00:03', 'user-images/RbyzQssYXtH6HNnEIUFpmnfkejgXO4FiLziKQ32t.jpg'),
(1918, 3, 'admin_alert', 'Shadi Farhat has deleted the promotion for Test Shadi for the title of Senior Supervisor.', '2025-03-09 17:20:59', 1, '2025-03-09 17:20:59', '2025-03-09 19:00:03', 'user-images/RbyzQssYXtH6HNnEIUFpmnfkejgXO4FiLziKQ32t.jpg'),
(1919, 3, 'admin_alert', 'Shadi Farhat has deleted the promotion for Test Shadi for the title of Senior Supervisor.', '2025-03-09 17:21:01', 1, '2025-03-09 17:21:01', '2025-03-09 19:00:02', 'user-images/RbyzQssYXtH6HNnEIUFpmnfkejgXO4FiLziKQ32t.jpg'),
(1920, 3, 'admin_alert', 'Shadi Farhat has created a new promotion for Test Shadi to the position of Senior Supervisor.', '2025-03-09 17:28:41', 1, '2025-03-09 17:28:41', '2025-03-09 19:00:02', 'user-images/RbyzQssYXtH6HNnEIUFpmnfkejgXO4FiLziKQ32t.jpg'),
(1921, 3, 'admin_alert', 'Shadi Farhat has created a new promotion for Test Shadi to the position of Senior Supervisor.', '2025-03-09 17:28:41', 1, '2025-03-09 17:28:41', '2025-03-09 19:00:01', 'user-images/RbyzQssYXtH6HNnEIUFpmnfkejgXO4FiLziKQ32t.jpg'),
(1922, 3, 'admin_alert', 'Shadi Farhat has deleted the promotion for Test Shadi for the title of Senior Supervisor.', '2025-03-09 17:29:24', 1, '2025-03-09 17:29:24', '2025-03-09 19:00:01', 'user-images/RbyzQssYXtH6HNnEIUFpmnfkejgXO4FiLziKQ32t.jpg'),
(1923, 3, 'admin_alert', 'Shadi Farhat has deleted the promotion for Test Shadi for the title of Senior Supervisor.', '2025-03-09 17:30:19', 1, '2025-03-09 17:30:19', '2025-03-09 19:00:00', 'user-images/RbyzQssYXtH6HNnEIUFpmnfkejgXO4FiLziKQ32t.jpg'),
(1924, 3, 'admin_alert', 'Shadi Farhat has created a new promotion for Test Shadi to the position of Senior Supervisor.', '2025-03-09 17:30:53', 1, '2025-03-09 17:30:53', '2025-03-09 19:00:00', 'user-images/RbyzQssYXtH6HNnEIUFpmnfkejgXO4FiLziKQ32t.jpg'),
(1925, 3, 'admin_alert', 'Shadi Farhat has created a new promotion for Test Shadi to the position of Senior Supervisor.', '2025-03-09 17:30:53', 1, '2025-03-09 17:30:53', '2025-03-09 18:59:59', 'user-images/RbyzQssYXtH6HNnEIUFpmnfkejgXO4FiLziKQ32t.jpg'),
(1926, 3, 'admin_alert', 'Shadi Farhat has deleted the promotion for Test Shadi for the title of Senior Supervisor.', '2025-03-09 17:30:55', 1, '2025-03-09 17:30:55', '2025-03-09 18:59:59', 'user-images/RbyzQssYXtH6HNnEIUFpmnfkejgXO4FiLziKQ32t.jpg'),
(1927, 3, 'admin_alert', 'Shadi Farhat has deleted the promotion for Test Shadi for the title of Senior Supervisor.', '2025-03-09 17:30:59', 1, '2025-03-09 17:30:59', '2025-03-09 18:59:58', 'user-images/RbyzQssYXtH6HNnEIUFpmnfkejgXO4FiLziKQ32t.jpg'),
(1928, 3, 'admin_alert', 'Shadi Farhat has created a new promotion for Test Shadi to the position of Senior Supervisor.', '2025-03-09 17:31:15', 1, '2025-03-09 17:31:15', '2025-03-09 18:59:58', 'user-images/RbyzQssYXtH6HNnEIUFpmnfkejgXO4FiLziKQ32t.jpg'),
(1929, 3, 'admin_alert', 'Shadi Farhat has created a new promotion for Test Shadi to the position of Senior Supervisor.', '2025-03-09 17:31:15', 1, '2025-03-09 17:31:15', '2025-03-09 18:59:58', 'user-images/RbyzQssYXtH6HNnEIUFpmnfkejgXO4FiLziKQ32t.jpg'),
(1930, 3, 'admin_alert', 'Shadi Farhat has deleted the promotion for Test Shadi for the title of Senior Supervisor.', '2025-03-09 17:31:17', 1, '2025-03-09 17:31:17', '2025-03-09 18:59:57', 'user-images/RbyzQssYXtH6HNnEIUFpmnfkejgXO4FiLziKQ32t.jpg'),
(1931, 3, 'admin_alert', 'Shadi Farhat has deleted the promotion for Test Shadi for the title of Senior Supervisor.', '2025-03-09 17:31:20', 1, '2025-03-09 17:31:20', '2025-03-09 18:59:57', 'user-images/RbyzQssYXtH6HNnEIUFpmnfkejgXO4FiLziKQ32t.jpg'),
(1932, 3, 'admin_alert', 'Shadi Farhat has created a new promotion for Test Shadi to the position of Senior Supervisor.', '2025-03-09 17:34:56', 1, '2025-03-09 17:34:56', '2025-03-09 18:59:56', 'user-images/RbyzQssYXtH6HNnEIUFpmnfkejgXO4FiLziKQ32t.jpg'),
(1933, 3, 'admin_alert', 'Shadi Farhat has created a new promotion for Test Shadi to the position of Senior Supervisor.', '2025-03-09 17:34:56', 1, '2025-03-09 17:34:56', '2025-03-09 18:59:56', 'user-images/RbyzQssYXtH6HNnEIUFpmnfkejgXO4FiLziKQ32t.jpg'),
(1934, 3, 'admin_alert', 'Shadi Farhat has deleted the promotion for Test Shadi for the title of Senior Supervisor.', '2025-03-09 17:35:00', 1, '2025-03-09 17:35:00', '2025-03-09 18:59:56', 'user-images/RbyzQssYXtH6HNnEIUFpmnfkejgXO4FiLziKQ32t.jpg'),
(1935, 3, 'admin_alert', 'Shadi Farhat has deleted the promotion for Test Shadi for the title of Senior Supervisor.', '2025-03-09 17:35:02', 1, '2025-03-09 17:35:02', '2025-03-09 18:59:55', 'user-images/RbyzQssYXtH6HNnEIUFpmnfkejgXO4FiLziKQ32t.jpg'),
(1936, 3, 'admin_alert', 'Shadi Farhat has created a new promotion for Test Shadi to the position of Senior Supervisor.', '2025-03-09 17:36:18', 1, '2025-03-09 17:36:18', '2025-03-09 18:59:55', 'user-images/RbyzQssYXtH6HNnEIUFpmnfkejgXO4FiLziKQ32t.jpg'),
(1937, 3, 'admin_alert', 'Shadi Farhat has created a new promotion for Test Shadi to the position of Senior Supervisor.', '2025-03-09 17:36:19', 1, '2025-03-09 17:36:19', '2025-03-09 18:59:55', 'user-images/RbyzQssYXtH6HNnEIUFpmnfkejgXO4FiLziKQ32t.jpg'),
(1938, 3, 'admin_alert', 'Shadi Farhat has deleted the promotion for Test Shadi for the title of Senior Supervisor.', '2025-03-09 17:36:21', 1, '2025-03-09 17:36:21', '2025-03-09 18:59:54', 'user-images/RbyzQssYXtH6HNnEIUFpmnfkejgXO4FiLziKQ32t.jpg'),
(1939, 3, 'admin_alert', 'Shadi Farhat has deleted the promotion for Test Shadi for the title of Senior Supervisor.', '2025-03-09 17:36:24', 1, '2025-03-09 17:36:24', '2025-03-09 18:59:54', 'user-images/RbyzQssYXtH6HNnEIUFpmnfkejgXO4FiLziKQ32t.jpg'),
(1940, 3, 'admin_alert', 'Shadi Farhat has created a new promotion for Test Shadi to the position of Senior Supervisor.', '2025-03-09 17:36:41', 1, '2025-03-09 17:36:41', '2025-03-09 18:59:52', 'user-images/RbyzQssYXtH6HNnEIUFpmnfkejgXO4FiLziKQ32t.jpg'),
(1941, 3, 'admin_alert', 'Shadi Farhat has created a new promotion for Test Shadi to the position of Senior Supervisor.', '2025-03-09 17:36:41', 1, '2025-03-09 17:36:41', '2025-03-09 18:59:52', 'user-images/RbyzQssYXtH6HNnEIUFpmnfkejgXO4FiLziKQ32t.jpg'),
(1942, 3, 'admin_alert', 'Shadi Farhat has deleted the promotion for Test Shadi for the title of Senior Supervisor.', '2025-03-09 17:36:44', 1, '2025-03-09 17:36:44', '2025-03-09 18:59:51', 'user-images/RbyzQssYXtH6HNnEIUFpmnfkejgXO4FiLziKQ32t.jpg'),
(1943, 3, 'admin_alert', 'Shadi Farhat has deleted the promotion for Test Shadi for the title of Senior Supervisor.', '2025-03-09 17:36:46', 1, '2025-03-09 17:36:46', '2025-03-09 18:59:51', 'user-images/RbyzQssYXtH6HNnEIUFpmnfkejgXO4FiLziKQ32t.jpg'),
(1944, 3, 'admin_alert', 'Shadi Farhat has created a new promotion for Test Shadi to the position of Senior Supervisor.', '2025-03-09 17:44:16', 1, '2025-03-09 17:44:16', '2025-03-09 18:59:51', 'user-images/RbyzQssYXtH6HNnEIUFpmnfkejgXO4FiLziKQ32t.jpg'),
(1945, 3, 'admin_alert', 'Shadi Farhat has created a new promotion for Test Shadi to the position of Senior Supervisor.', '2025-03-09 17:44:16', 1, '2025-03-09 17:44:16', '2025-03-09 18:59:51', 'user-images/RbyzQssYXtH6HNnEIUFpmnfkejgXO4FiLziKQ32t.jpg'),
(1946, 3, 'admin_alert', 'Shadi Farhat has deleted the promotion for Test Shadi for the title of Senior Supervisor.', '2025-03-09 17:45:51', 1, '2025-03-09 17:45:51', '2025-03-09 18:59:49', 'user-images/RbyzQssYXtH6HNnEIUFpmnfkejgXO4FiLziKQ32t.jpg'),
(1947, 3, 'admin_alert', 'Shadi Farhat has deleted the promotion for Test Shadi for the title of Senior Supervisor.', '2025-03-09 17:45:57', 1, '2025-03-09 17:45:57', '2025-03-09 18:59:49', 'user-images/RbyzQssYXtH6HNnEIUFpmnfkejgXO4FiLziKQ32t.jpg'),
(1948, 3, 'admin_alert', 'Shadi Farhat has created a new promotion for Test Shadi to the position of Senior Supervisor.', '2025-03-09 17:46:05', 1, '2025-03-09 17:46:05', '2025-03-09 18:59:48', 'user-images/RbyzQssYXtH6HNnEIUFpmnfkejgXO4FiLziKQ32t.jpg'),
(1949, 3, 'admin_alert', 'Shadi Farhat has created a new promotion for Test Shadi to the position of Senior Supervisor.', '2025-03-09 17:46:05', 1, '2025-03-09 17:46:05', '2025-03-09 18:59:48', 'user-images/RbyzQssYXtH6HNnEIUFpmnfkejgXO4FiLziKQ32t.jpg'),
(1950, 3, 'admin_alert', 'Shadi Farhat has deleted the promotion for Test Shadi for the title of Senior Supervisor.', '2025-03-09 17:46:41', 1, '2025-03-09 17:46:41', '2025-03-09 18:59:47', 'user-images/RbyzQssYXtH6HNnEIUFpmnfkejgXO4FiLziKQ32t.jpg'),
(1951, 3, 'admin_alert', 'Shadi Farhat has deleted the promotion for Test Shadi for the title of Senior Supervisor.', '2025-03-09 17:46:47', 1, '2025-03-09 17:46:47', '2025-03-09 18:59:47', 'user-images/RbyzQssYXtH6HNnEIUFpmnfkejgXO4FiLziKQ32t.jpg'),
(1952, 3, 'admin_alert', 'Shadi Farhat has created a new promotion for Test Shadi to the position of Senior Supervisor.', '2025-03-09 17:46:55', 1, '2025-03-09 17:46:55', '2025-03-09 18:59:46', 'user-images/RbyzQssYXtH6HNnEIUFpmnfkejgXO4FiLziKQ32t.jpg'),
(1953, 3, 'admin_alert', 'Shadi Farhat has created a new promotion for Test Shadi to the position of Senior Supervisor.', '2025-03-09 17:46:55', 1, '2025-03-09 17:46:55', '2025-03-09 18:59:46', 'user-images/RbyzQssYXtH6HNnEIUFpmnfkejgXO4FiLziKQ32t.jpg'),
(1954, 3, 'admin_alert', 'Shadi Farhat has deleted the promotion for Test Shadi for the title of Senior Supervisor.', '2025-03-09 17:47:03', 1, '2025-03-09 17:47:03', '2025-03-09 18:59:45', 'user-images/RbyzQssYXtH6HNnEIUFpmnfkejgXO4FiLziKQ32t.jpg'),
(1955, 3, 'admin_alert', 'Shadi Farhat has deleted the promotion for Test Shadi for the title of Senior Supervisor.', '2025-03-09 17:47:06', 1, '2025-03-09 17:47:06', '2025-03-09 18:59:45', 'user-images/RbyzQssYXtH6HNnEIUFpmnfkejgXO4FiLziKQ32t.jpg'),
(1956, 3, 'admin_alert', 'Shadi Farhat has created a new promotion for Test Shadi to the position of Senior Supervisor.', '2025-03-09 17:51:17', 1, '2025-03-09 17:51:17', '2025-03-09 18:59:44', 'user-images/RbyzQssYXtH6HNnEIUFpmnfkejgXO4FiLziKQ32t.jpg'),
(1957, 3, 'admin_alert', 'Shadi Farhat has created a new promotion for Test Shadi to the position of Senior Supervisor.', '2025-03-09 17:51:17', 1, '2025-03-09 17:51:17', '2025-03-09 18:59:44', 'user-images/RbyzQssYXtH6HNnEIUFpmnfkejgXO4FiLziKQ32t.jpg'),
(1958, 3, 'admin_alert', 'Shadi Farhat has deleted the promotion for Test Shadi for the title of Senior Supervisor.', '2025-03-09 17:52:43', 1, '2025-03-09 17:52:43', '2025-03-09 18:59:43', 'user-images/RbyzQssYXtH6HNnEIUFpmnfkejgXO4FiLziKQ32t.jpg'),
(1959, 3, 'admin_alert', 'Shadi Farhat has deleted the promotion for Test Shadi for the title of Senior Supervisor.', '2025-03-09 17:53:14', 1, '2025-03-09 17:53:14', '2025-03-09 18:52:02', 'user-images/RbyzQssYXtH6HNnEIUFpmnfkejgXO4FiLziKQ32t.jpg'),
(1960, 3, 'admin_alert', 'Shadi Farhat has created a new promotion for Test Shadi to the position of Senior Supervisor.', '2025-03-09 17:53:28', 1, '2025-03-09 17:53:28', '2025-03-09 18:52:01', 'user-images/RbyzQssYXtH6HNnEIUFpmnfkejgXO4FiLziKQ32t.jpg'),
(1961, 3, 'admin_alert', 'Shadi Farhat has created a new promotion for Test Shadi to the position of Senior Supervisor.', '2025-03-09 17:53:28', 1, '2025-03-09 17:53:28', '2025-03-09 18:52:00', 'user-images/RbyzQssYXtH6HNnEIUFpmnfkejgXO4FiLziKQ32t.jpg'),
(1962, 3, 'admin_alert', 'Shadi Farhat has deleted the promotion for Test Shadi for the title of Senior Supervisor.', '2025-03-09 17:53:34', 1, '2025-03-09 17:53:34', '2025-03-09 18:51:59', 'user-images/RbyzQssYXtH6HNnEIUFpmnfkejgXO4FiLziKQ32t.jpg'),
(1963, 3, 'admin_alert', 'Shadi Farhat has deleted the promotion for Test Shadi for the title of Senior Supervisor.', '2025-03-09 17:53:37', 1, '2025-03-09 17:53:37', '2025-03-09 18:51:58', 'user-images/RbyzQssYXtH6HNnEIUFpmnfkejgXO4FiLziKQ32t.jpg'),
(1964, 3, 'admin_alert', 'This is a test notification!', '2025-03-09 19:05:04', 1, '2025-03-09 19:05:04', '2025-03-09 19:06:39', '/images/Default.jpg'),
(1965, 3, 'admin_alert', 'This is a test notification!', '2025-03-09 19:07:52', 1, '2025-03-09 19:07:52', '2025-03-09 19:08:48', '/images/Default.jpg'),
(1966, 3, 'admin_alert', 'This is a test notification!', '2025-03-09 19:08:39', 1, '2025-03-09 19:08:39', '2025-03-09 19:08:54', '/images/Default.jpg'),
(1967, 3, 'admin_alert', 'This is a test notification!', '2025-03-09 19:10:35', 1, '2025-03-09 19:10:35', '2025-03-09 19:12:14', '/images/Default.jpg'),
(1968, 3, 'admin_alert', 'This is a test notification!', '2025-03-09 19:10:54', 1, '2025-03-09 19:10:54', '2025-03-09 19:12:13', '/images/Default.jpg'),
(1969, 3, 'admin_alert', 'This is a test notification!', '2025-03-09 19:11:34', 1, '2025-03-09 19:11:34', '2025-03-09 19:12:13', '/images/Default.jpg'),
(1970, 3, 'admin_alert', 'This is a test notification!', '2025-03-09 19:11:37', 1, '2025-03-09 19:11:37', '2025-03-09 19:12:13', '/images/Default.jpg'),
(1971, 3, 'admin_alert', 'This is a test notification!', '2025-03-09 19:11:40', 1, '2025-03-09 19:11:40', '2025-03-09 19:12:13', '/images/Default.jpg'),
(1972, 3, 'admin_alert', 'This is a test notification!', '2025-03-09 19:11:41', 1, '2025-03-09 19:11:41', '2025-03-09 19:12:12', '/images/Default.jpg'),
(1973, 3, 'admin_alert', 'This is a test notification!', '2025-03-09 19:12:26', 1, '2025-03-09 19:12:26', '2025-03-09 19:17:31', '/images/Default.jpg'),
(1974, 3, 'admin_alert', 'This is a test notification!', '2025-03-09 19:16:08', 1, '2025-03-09 19:16:08', '2025-03-09 19:17:31', '/images/Default.jpg'),
(1975, 3, 'admin_alert', 'This is a test notification!', '2025-03-09 19:17:43', 1, '2025-03-09 19:17:43', '2025-03-09 19:18:48', '/images/Default.jpg'),
(1976, 3, 'admin_alert', 'This is a test notification!', '2025-03-09 19:19:45', 1, '2025-03-09 19:19:45', '2025-03-09 19:21:51', '/images/Default.jpg'),
(1977, 3, 'admin_alert', 'This is a test notification!', '2025-03-09 19:20:19', 1, '2025-03-09 19:20:19', '2025-03-09 19:21:50', '/images/Default.jpg'),
(1978, 3, 'admin_alert', 'This is a test notification!', '2025-03-09 19:21:59', 1, '2025-03-09 19:21:59', '2025-03-09 19:23:28', '/images/Default.jpg'),
(1979, 3, 'admin_alert', 'This is a test notification!', '2025-03-09 19:23:37', 1, '2025-03-09 19:23:37', '2025-03-09 19:24:00', '/images/Default.jpg'),
(1980, 3, 'admin_alert', 'Test real-time notification!', '2025-03-09 19:26:32', 1, '2025-03-09 19:26:32', '2025-03-09 19:29:04', '/images/Default.jpg'),
(1981, 3, 'admin_alert', 'Test real-time notification!', '2025-03-09 19:27:15', 1, '2025-03-09 19:27:15', '2025-03-09 19:29:04', '/images/Default.jpg'),
(1982, 3, 'admin_alert', 'Test real-time notification!', '2025-03-09 19:29:16', 1, '2025-03-09 19:29:16', '2025-03-09 19:31:10', '/images/Default.jpg'),
(1983, 3, 'admin_alert', 'Test real-time notification!', '2025-03-09 19:31:20', 1, '2025-03-09 19:31:20', '2025-03-09 19:31:29', '/images/Default.jpg'),
(1984, 3, 'admin_alert', 'This is a test notification!', '2025-03-09 19:33:24', 1, '2025-03-09 19:33:24', '2025-03-09 19:35:48', '/images/Default.jpg'),
(1985, 3, 'admin_alert', 'This is a test notification!', '2025-03-09 19:35:59', 1, '2025-03-09 19:35:59', '2025-03-09 20:02:54', '/images/Default.jpg'),
(1986, 3, 'admin_alert', 'This is a test notification!', '2025-03-09 19:39:39', 1, '2025-03-09 19:39:39', '2025-03-09 20:02:54', '/images/Default.jpg'),
(1987, 3, 'admin_alert', 'This is a test notification!', '2025-03-09 19:41:46', 1, '2025-03-09 19:41:46', '2025-03-09 20:02:53', '/images/Default.jpg'),
(1988, 3, 'admin_alert', 'This is a test notification!', '2025-03-09 20:03:03', 1, '2025-03-09 20:03:03', '2025-03-09 20:06:41', '/images/Default.jpg'),
(1989, 3, 'admin_alert', 'This is a test notification!', '2025-03-09 20:11:54', 1, '2025-03-09 20:11:54', '2025-03-09 20:37:21', '/images/Default.jpg'),
(1990, 5, 'admin_alert', 'This is a test notification!', '2025-03-09 20:12:14', 1, '2025-03-09 20:12:14', '2025-03-09 20:12:38', '/images/Default.jpg'),
(1991, 5, 'admin_alert', 'This is a test notification!', '2025-03-09 20:12:19', 1, '2025-03-09 20:12:19', '2025-03-09 20:12:38', '/images/Default.jpg'),
(1992, 5, 'admin_alert', 'This is a test notification!', '2025-03-09 20:14:01', 1, '2025-03-09 20:14:01', '2025-03-09 20:14:11', '/images/Default.jpg'),
(1993, 5, 'admin_alert', 'This is a test notification!', '2025-03-09 20:17:02', 1, '2025-03-09 20:17:02', '2025-03-09 20:35:05', '/images/Default.jpg'),
(1994, 1, 'admin_alert', ' Testing from /test-event route!', '2025-03-09 20:33:46', 0, '2025-03-09 20:33:46', '2025-03-09 20:33:46', '/images/Default.jpg'),
(1995, 1, 'admin_alert', ' Testing from /test-event route!', '2025-03-09 20:34:38', 0, '2025-03-09 20:34:38', '2025-03-09 20:34:38', '/images/Default.jpg'),
(1996, 1, 'admin_alert', ' Testing from /test-event route!', '2025-03-09 20:34:49', 0, '2025-03-09 20:34:49', '2025-03-09 20:34:49', '/images/Default.jpg'),
(1997, 1, 'admin_alert', ' Testing from /test-event route!', '2025-03-09 20:35:13', 0, '2025-03-09 20:35:13', '2025-03-09 20:35:13', '/images/Default.jpg'),
(1998, 1, 'admin_alert', 'This is a test notification!', '2025-03-09 20:36:31', 0, '2025-03-09 20:36:31', '2025-03-09 20:36:31', '/images/Default.jpg'),
(1999, 5, 'admin_alert', 'This is a test notification!', '2025-03-09 20:36:43', 1, '2025-03-09 20:36:43', '2025-03-09 20:36:57', '/images/Default.jpg'),
(2000, 3, 'admin_alert', 'Shadi Farhat has created a new promotion for Test Shadi to the position of Senior Supervisor.', '2025-03-09 20:41:11', 1, '2025-03-09 20:41:11', '2025-03-09 20:41:43', 'user-images/RbyzQssYXtH6HNnEIUFpmnfkejgXO4FiLziKQ32t.jpg'),
(2001, 3, 'admin_alert', 'Shadi Farhat has deleted the promotion for Test Shadi for the title of Senior Supervisor.', '2025-03-09 20:44:02', 1, '2025-03-09 20:44:02', '2025-03-09 20:44:09', 'user-images/RbyzQssYXtH6HNnEIUFpmnfkejgXO4FiLziKQ32t.jpg'),
(2002, 3, 'admin_alert', 'Shadi Farhat has created a new promotion for Test Shadi to the position of Senior Supervisor.', '2025-03-09 20:45:55', 1, '2025-03-09 20:45:55', '2025-03-09 20:47:40', 'user-images/RbyzQssYXtH6HNnEIUFpmnfkejgXO4FiLziKQ32t.jpg'),
(2003, 3, 'admin_alert', 'Shadi Farhat has deleted the promotion for Test Shadi for the title of Senior Supervisor.', '2025-03-09 20:46:03', 1, '2025-03-09 20:46:03', '2025-03-09 20:48:08', 'user-images/RbyzQssYXtH6HNnEIUFpmnfkejgXO4FiLziKQ32t.jpg'),
(2004, 3, 'admin_alert', 'Shadi Farhat has created a new promotion for Test Shadi to the position of Senior Supervisor.', '2025-03-09 20:48:35', 1, '2025-03-09 20:48:35', '2025-03-09 20:49:34', 'user-images/RbyzQssYXtH6HNnEIUFpmnfkejgXO4FiLziKQ32t.jpg'),
(2005, 3, 'admin_alert', 'Shadi Farhat has deleted the promotion for Test Shadi for the title of Senior Supervisor.', '2025-03-09 20:49:38', 1, '2025-03-09 20:49:38', '2025-03-09 20:49:48', 'user-images/RbyzQssYXtH6HNnEIUFpmnfkejgXO4FiLziKQ32t.jpg'),
(2006, 3, 'admin_alert', 'Shadi Farhat has created a new promotion for Test Shadi to the position of Senior Supervisor.', '2025-03-09 20:49:58', 1, '2025-03-09 20:49:58', '2025-03-09 20:56:44', 'user-images/RbyzQssYXtH6HNnEIUFpmnfkejgXO4FiLziKQ32t.jpg'),
(2007, 3, 'admin_alert', 'Shadi Farhat has deleted the promotion for Test Shadi for the title of Senior Supervisor.', '2025-03-09 20:52:22', 1, '2025-03-09 20:52:22', '2025-03-09 20:56:42', 'user-images/RbyzQssYXtH6HNnEIUFpmnfkejgXO4FiLziKQ32t.jpg'),
(2008, 3, 'admin_alert', 'Shadi Farhat has created a new promotion for Test Shadi to the position of Senior Supervisor.', '2025-03-09 20:56:55', 0, '2025-03-09 20:56:55', '2025-03-09 20:56:55', 'user-images/RbyzQssYXtH6HNnEIUFpmnfkejgXO4FiLziKQ32t.jpg'),
(2009, 3, 'admin_alert', 'Shadi Farhat has deleted the promotion for Test Shadi for the title of Senior Supervisor.', '2025-03-09 20:57:31', 0, '2025-03-09 20:57:31', '2025-03-09 20:57:31', 'user-images/RbyzQssYXtH6HNnEIUFpmnfkejgXO4FiLziKQ32t.jpg'),
(2010, 3, 'admin_alert', 'Shadi Farhat has created a new promotion for Test Shadi to the position of Senior Supervisor.', '2025-03-09 20:58:06', 0, '2025-03-09 20:58:06', '2025-03-09 20:58:06', 'user-images/RbyzQssYXtH6HNnEIUFpmnfkejgXO4FiLziKQ32t.jpg'),
(2011, 3, 'admin_alert', 'Shadi Farhat has deleted the promotion for Test Shadi for the title of Senior Supervisor.', '2025-03-09 20:58:10', 0, '2025-03-09 20:58:10', '2025-03-09 20:58:10', 'user-images/RbyzQssYXtH6HNnEIUFpmnfkejgXO4FiLziKQ32t.jpg'),
(2012, 3, 'admin_alert', 'Shadi Farhat has created a new promotion for Test Shadi to the position of Senior Supervisor.', '2025-03-09 21:01:21', 0, '2025-03-09 21:01:21', '2025-03-09 21:01:21', 'user-images/RbyzQssYXtH6HNnEIUFpmnfkejgXO4FiLziKQ32t.jpg'),
(2013, 3, 'admin_alert', 'Shadi Farhat has deleted the promotion for Test Shadi for the title of Senior Supervisor.', '2025-03-09 21:01:26', 0, '2025-03-09 21:01:26', '2025-03-09 21:01:26', 'user-images/RbyzQssYXtH6HNnEIUFpmnfkejgXO4FiLziKQ32t.jpg'),
(2014, 3, 'admin_alert', 'Shadi Farhat has created a new promotion for Test Shadi to the position of Senior Supervisor.', '2025-03-09 21:02:40', 0, '2025-03-09 21:02:40', '2025-03-09 21:02:40', 'user-images/RbyzQssYXtH6HNnEIUFpmnfkejgXO4FiLziKQ32t.jpg'),
(2015, 3, 'admin_alert', 'Shadi Farhat has deleted the promotion for Test Shadi for the title of Senior Supervisor.', '2025-03-09 21:03:10', 0, '2025-03-09 21:03:10', '2025-03-09 21:03:10', 'user-images/RbyzQssYXtH6HNnEIUFpmnfkejgXO4FiLziKQ32t.jpg');

-- --------------------------------------------------------

--
-- Table structure for table `password_reset_tokens`
--

DROP TABLE IF EXISTS `password_reset_tokens`;
CREATE TABLE IF NOT EXISTS `password_reset_tokens` (
  `email` varchar(191) CHARACTER SET utf8mb4 COLLATE utf8mb4_unicode_ci NOT NULL,
  `token` varchar(191) CHARACTER SET utf8mb4 COLLATE utf8mb4_unicode_ci NOT NULL,
  `created_at` timestamp NULL DEFAULT NULL,
  PRIMARY KEY (`email`)
) ENGINE=MyISAM DEFAULT CHARSET=utf8mb4 COLLATE=utf8mb4_unicode_ci;

-- --------------------------------------------------------

--
-- Table structure for table `permissions`
--

DROP TABLE IF EXISTS `permissions`;
CREATE TABLE IF NOT EXISTS `permissions` (
  `id` bigint UNSIGNED NOT NULL AUTO_INCREMENT,
  `name` varchar(191) CHARACTER SET utf8mb4 COLLATE utf8mb4_unicode_ci NOT NULL,
  `guard_name` varchar(191) CHARACTER SET utf8mb4 COLLATE utf8mb4_unicode_ci NOT NULL,
  `created_at` timestamp NULL DEFAULT NULL,
  `updated_at` timestamp NULL DEFAULT NULL,
  PRIMARY KEY (`id`),
  UNIQUE KEY `permissions_name_unique` (`name`)
) ENGINE=MyISAM AUTO_INCREMENT=23 DEFAULT CHARSET=utf8mb4 COLLATE=utf8mb4_unicode_ci;

--
-- Dumping data for table `permissions`
--

INSERT INTO `permissions` (`id`, `name`, `guard_name`, `created_at`, `updated_at`) VALUES
(1, 'Dashboard', 'web', '2025-02-20 05:43:32', '2025-02-20 05:43:32'),
(2, 'Users', 'web', '2025-02-20 05:43:32', '2025-02-20 05:43:32'),
(3, 'Calendar & Tools', 'web', '2025-02-20 05:43:32', '2025-02-20 05:43:32'),
(4, 'Vacancies', 'web', '2025-02-20 05:43:32', '2025-02-20 05:43:32'),
(5, 'New Joiners', 'web', '2025-02-20 05:43:32', '2025-02-20 05:43:32'),
(6, 'Trasnfers/Rotation', 'web', '2025-02-20 05:43:32', '2025-02-20 05:43:32'),
(7, 'Promotions', 'web', '2025-02-20 05:43:32', '2025-02-20 05:43:32'),
(8, 'Badge Maker', 'web', '2025-02-20 05:43:32', '2025-02-20 05:43:32'),
(9, 'Employees', 'web', '2025-02-20 05:43:32', '2025-02-20 05:43:32'),
(10, 'Branches', 'web', '2025-02-20 05:43:32', '2025-02-20 05:43:32'),
(11, 'Titles', 'web', '2025-02-20 05:43:32', '2025-02-20 05:43:32'),
(12, 'Settings', 'web', '2025-02-20 05:43:32', '2025-02-20 05:43:32'),
(13, 'Edit', 'web', '2025-02-20 05:43:32', '2025-02-20 05:43:32'),
(14, 'Download', 'web', '2025-02-20 05:43:32', '2025-02-20 05:43:32'),
(15, 'Create', 'web', '2025-02-20 05:43:32', '2025-02-20 05:43:32'),
(16, 'Delete', 'web', '2025-02-20 05:50:47', '2025-02-20 05:50:47'),
(17, 'Role And Permission', 'web', '2025-02-20 06:03:48', '2025-02-20 06:03:48'),
(18, 'HR Member', 'web', '2025-02-20 11:50:14', '2025-02-20 11:50:14'),
(19, 'Sundays', 'web', '2025-02-28 06:48:00', '2025-02-28 06:48:00'),
(20, 'View Evaluation', 'web', '2025-03-03 07:58:57', '2025-03-03 07:58:57'),
(21, 'Apply Evaluation', 'web', '2025-03-03 07:58:57', '2025-03-03 07:58:57'),
(22, 'Target Controller', 'web', '2025-03-03 10:20:53', '2025-03-03 10:20:53');

-- --------------------------------------------------------

--
-- Table structure for table `roles`
--

DROP TABLE IF EXISTS `roles`;
CREATE TABLE IF NOT EXISTS `roles` (
  `id` bigint UNSIGNED NOT NULL AUTO_INCREMENT,
  `name` varchar(191) CHARACTER SET utf8mb4 COLLATE utf8mb4_unicode_ci NOT NULL,
  `guard_name` varchar(191) CHARACTER SET utf8mb4 COLLATE utf8mb4_unicode_ci NOT NULL DEFAULT 'web',
  `created_at` timestamp NULL DEFAULT NULL,
  `updated_at` timestamp NULL DEFAULT NULL,
  PRIMARY KEY (`id`),
  UNIQUE KEY `roles_name_unique` (`name`)
) ENGINE=MyISAM AUTO_INCREMENT=15 DEFAULT CHARSET=utf8mb4 COLLATE=utf8mb4_unicode_ci;

--
-- Dumping data for table `roles`
--

INSERT INTO `roles` (`id`, `name`, `guard_name`, `created_at`, `updated_at`) VALUES
(8, 'Admin', 'web', '2025-02-20 08:57:47', '2025-02-20 08:57:47'),
(9, 'HR Team Member', 'web', '2025-02-20 09:15:50', '2025-02-20 09:15:50'),
(10, 'Services', 'web', '2025-02-26 06:13:16', '2025-02-26 06:13:16'),
(11, 'Branch Manager', 'web', '2025-03-03 09:05:15', '2025-03-03 09:05:15'),
(12, 'Branch Employee', 'web', '2025-03-03 09:05:28', '2025-03-03 09:05:28'),
(13, 'Department Manager', 'web', '2025-03-03 09:06:02', '2025-03-03 09:06:02'),
(14, 'Department Employee', 'web', '2025-03-03 09:06:31', '2025-03-03 09:06:31');

-- --------------------------------------------------------

--
-- Table structure for table `role_has_permissions`
--

DROP TABLE IF EXISTS `role_has_permissions`;
CREATE TABLE IF NOT EXISTS `role_has_permissions` (
  `permission_id` bigint UNSIGNED NOT NULL,
  `role_id` bigint UNSIGNED NOT NULL,
  PRIMARY KEY (`permission_id`,`role_id`),
  KEY `role_has_permissions_role_id_foreign` (`role_id`)
) ENGINE=MyISAM DEFAULT CHARSET=utf8mb4 COLLATE=utf8mb4_unicode_ci;

--
-- Dumping data for table `role_has_permissions`
--

INSERT INTO `role_has_permissions` (`permission_id`, `role_id`) VALUES
(1, 8),
(1, 9),
(1, 10),
(2, 8),
(3, 8),
(3, 9),
(3, 10),
(4, 8),
(4, 9),
(5, 8),
(5, 9),
(6, 8),
(6, 9),
(7, 8),
(7, 9),
(8, 8),
(8, 9),
(8, 10),
(8, 11),
(8, 13),
(8, 14),
(9, 8),
(9, 9),
(10, 8),
(10, 9),
(10, 10),
(11, 8),
(11, 9),
(12, 8),
(12, 9),
(12, 10),
(12, 11),
(12, 12),
(12, 13),
(12, 14),
(13, 8),
(13, 11),
(13, 13),
(14, 8),
(14, 9),
(15, 8),
(15, 9),
(15, 11),
(15, 13),
(15, 14),
(16, 8),
(16, 13),
(17, 8),
(18, 8),
(19, 8),
(19, 9),
(20, 8),
(20, 11),
(20, 12),
(20, 13),
(20, 14),
(21, 8),
(21, 11),
(21, 13),
(21, 14),
(22, 8);

-- --------------------------------------------------------

--
-- Table structure for table `sessions`
--

DROP TABLE IF EXISTS `sessions`;
CREATE TABLE IF NOT EXISTS `sessions` (
  `id` varchar(191) CHARACTER SET utf8mb4 COLLATE utf8mb4_unicode_ci NOT NULL,
  `user_id` bigint UNSIGNED DEFAULT NULL,
  `ip_address` varchar(45) CHARACTER SET utf8mb4 COLLATE utf8mb4_unicode_ci DEFAULT NULL,
  `user_agent` text CHARACTER SET utf8mb4 COLLATE utf8mb4_unicode_ci,
  `payload` longtext CHARACTER SET utf8mb4 COLLATE utf8mb4_unicode_ci NOT NULL,
  `last_activity` int NOT NULL,
  PRIMARY KEY (`id`),
  KEY `sessions_user_id_index` (`user_id`),
  KEY `sessions_last_activity_index` (`last_activity`)
) ENGINE=MyISAM DEFAULT CHARSET=utf8mb4 COLLATE=utf8mb4_unicode_ci;

--
-- Dumping data for table `sessions`
--

INSERT INTO `sessions` (`id`, `user_id`, `ip_address`, `user_agent`, `payload`, `last_activity`) VALUES
('rmZBpzAkjLxzeMhkOY8u340EH3IqAsdbdf4uxsqh', 5, '127.0.0.1', 'Mozilla/5.0 (Windows NT 10.0; Win64; x64) AppleWebKit/537.36 (KHTML, like Gecko) Chrome/133.0.0.0 Safari/537.36', 'YTo2OntzOjY6Il90b2tlbiI7czo0MDoicDdzWVJLa2dUaVZKcWJLM2h2bUl3MHd3MXlyZ1NuUElSVUU3U1pMUiI7czozOiJ1cmwiO2E6MDp7fXM6OToiX3ByZXZpb3VzIjthOjE6e3M6MzoidXJsIjtzOjM1OiJodHRwOi8vMTI3LjAuMC4xOjgwMDAvbm90aWZpY2F0aW9ucyI7fXM6NjoiX2ZsYXNoIjthOjI6e3M6Mzoib2xkIjthOjA6e31zOjM6Im5ldyI7YTowOnt9fXM6NTA6ImxvZ2luX3dlYl81OWJhMzZhZGRjMmIyZjk0MDE1ODBmMDE0YzdmNThlYTRlMzA5ODlkIjtpOjU7czoxNjoibGF0ZXN0X3Byb21vdGlvbiI7YTo2OntzOjExOiJlbXBsb3llZV9pZCI7aTo0NjI7czoxMzoiZW1wbG95ZWVfbmFtZSI7czoxMDoiVGVzdCBTaGFkaSI7czo5OiJuZXdfdGl0bGUiO3M6MTc6IlNlbmlvciBTdXBlcnZpc29yIjtzOjk6Im9sZF90aXRsZSI7czoxMDoiU3VwZXJ2aXNvciI7czoxNDoicHJvbW90aW9uX2RhdGUiO3M6MTA6IjIwMjUtMDMtMDkiO3M6MjA6ImJyYW5jaF9tYW5hZ2VyX2VtYWlsIjtzOjIzOiJtaXJhOTltYWhtb3VkQGdtYWlsLmNvbSI7fX0=', 1741561546),
('xSXnQlatEXz4J8Srwmvpa8zn6Y51wQo9OItr5XoD', 3, '127.0.0.1', 'Mozilla/5.0 (Windows NT 10.0; Win64; x64) AppleWebKit/537.36 (KHTML, like Gecko) Chrome/133.0.0.0 Safari/537.36', 'YTo1OntzOjY6Il90b2tlbiI7czo0MDoiUHJqbHdoVDdNUEh0Y084TjBWR3lzbFdqa3NLZ2xDWWVZWVlndVRqRyI7czozOiJ1cmwiO2E6MDp7fXM6OToiX3ByZXZpb3VzIjthOjE6e3M6MzoidXJsIjtzOjM1OiJodHRwOi8vMTI3LjAuMC4xOjgwMDAvbm90aWZpY2F0aW9ucyI7fXM6NjoiX2ZsYXNoIjthOjI6e3M6Mzoib2xkIjthOjA6e31zOjM6Im5ldyI7YTowOnt9fXM6NTA6ImxvZ2luX3dlYl81OWJhMzZhZGRjMmIyZjk0MDE1ODBmMDE0YzdmNThlYTRlMzA5ODlkIjtpOjM7fQ==', 1741558301),
('vEwMcoJ6TsUEgax0ODfBLuEhZyaA8vsz39p6so23', 3, '127.0.0.1', 'Mozilla/5.0 (Windows NT 10.0; Win64; x64) AppleWebKit/537.36 (KHTML, like Gecko) Chrome/133.0.0.0 Safari/537.36', 'YTo1OntzOjY6Il90b2tlbiI7czo0MDoiNjdMR2piclBSUWF1MklaSFlvcGxLVm5obWV5OGk4VHFsTVdEd1NNYSI7czozOiJ1cmwiO2E6MDp7fXM6OToiX3ByZXZpb3VzIjthOjE6e3M6MzoidXJsIjtzOjM1OiJodHRwOi8vMTI3LjAuMC4xOjgwMDAvbm90aWZpY2F0aW9ucyI7fXM6NjoiX2ZsYXNoIjthOjI6e3M6Mzoib2xkIjthOjA6e31zOjM6Im5ldyI7YTowOnt9fXM6NTA6ImxvZ2luX3dlYl81OWJhMzZhZGRjMmIyZjk0MDE1ODBmMDE0YzdmNThlYTRlMzA5ODlkIjtpOjM7fQ==', 1741560591),
('y13JA0VUygEbRmVoqhN1K1p6DKnMiVoKRMmLqffF', 3, '127.0.0.1', 'Mozilla/5.0 (Windows NT 10.0; Win64; x64) AppleWebKit/537.36 (KHTML, like Gecko) Chrome/133.0.0.0 Safari/537.36', 'YTo1OntzOjY6Il90b2tlbiI7czo0MDoiangwOW1LVmtKdVpjdlloeWE0UmY4OFIwa2hVNGNsVVJFZldLNWZadiI7czozOiJ1cmwiO2E6MDp7fXM6OToiX3ByZXZpb3VzIjthOjE6e3M6MzoidXJsIjtzOjM1OiJodHRwOi8vMTI3LjAuMC4xOjgwMDAvbm90aWZpY2F0aW9ucyI7fXM6NjoiX2ZsYXNoIjthOjI6e3M6Mzoib2xkIjthOjA6e31zOjM6Im5ldyI7YTowOnt9fXM6NTA6ImxvZ2luX3dlYl81OWJhMzZhZGRjMmIyZjk0MDE1ODBmMDE0YzdmNThlYTRlMzA5ODlkIjtpOjM7fQ==', 1741561440);

-- --------------------------------------------------------

--
-- Table structure for table `table_promotions`
--

DROP TABLE IF EXISTS `table_promotions`;
CREATE TABLE IF NOT EXISTS `table_promotions` (
  `id` bigint UNSIGNED NOT NULL AUTO_INCREMENT,
  `employee_id` bigint UNSIGNED NOT NULL,
  `old_title` varchar(255) CHARACTER SET utf8mb4 COLLATE utf8mb4_unicode_ci NOT NULL,
  `new_title` varchar(255) CHARACTER SET utf8mb4 COLLATE utf8mb4_unicode_ci NOT NULL,
  `promotion_date` date NOT NULL,
  `created_at` timestamp NULL DEFAULT NULL,
  `updated_at` timestamp NULL DEFAULT NULL,
  PRIMARY KEY (`id`),
  KEY `table_promotions_employee_id_foreign` (`employee_id`)
) ENGINE=MyISAM AUTO_INCREMENT=522 DEFAULT CHARSET=utf8mb4 COLLATE=utf8mb4_unicode_ci;

-- --------------------------------------------------------

--
-- Table structure for table `titles`
--

DROP TABLE IF EXISTS `titles`;
CREATE TABLE IF NOT EXISTS `titles` (
  `id` bigint UNSIGNED NOT NULL AUTO_INCREMENT,
  `name` varchar(191) CHARACTER SET utf8mb4 COLLATE utf8mb4_unicode_ci NOT NULL,
  `category` enum('manager','employee') CHARACTER SET utf8mb4 COLLATE utf8mb4_unicode_ci NOT NULL,
  `rank` int NOT NULL DEFAULT '0',
  `created_at` timestamp NULL DEFAULT NULL,
  `updated_at` timestamp NULL DEFAULT NULL,
  PRIMARY KEY (`id`)
) ENGINE=MyISAM AUTO_INCREMENT=53 DEFAULT CHARSET=utf8mb4 COLLATE=utf8mb4_unicode_ci;

--
-- Dumping data for table `titles`
--

INSERT INTO `titles` (`id`, `name`, `category`, `rank`, `created_at`, `updated_at`) VALUES
(10, 'Back Office', 'employee', 10, '2025-02-24 22:00:00', '2025-03-06 10:08:28'),
(9, 'Team Leader', 'manager', 9, '2025-02-24 22:00:00', '2025-03-06 10:08:28'),
(8, 'Supervisor', 'manager', 7, '2025-02-24 22:00:00', '2025-03-06 10:08:28'),
(7, 'Senior Supervisor', 'manager', 6, '2025-02-24 22:00:00', '2025-03-06 10:08:28'),
(6, 'Officer', 'manager', 5, '2025-02-24 22:00:00', '2025-03-06 10:08:28'),
(5, 'Senior Officer', 'manager', 4, '2025-02-24 22:00:00', '2025-03-06 10:08:28'),
(4, 'Executive', 'manager', 3, '2025-02-24 22:00:00', '2025-03-06 10:08:28'),
(3, 'Senior Executive', 'manager', 2, '2025-02-24 22:00:00', '2025-03-06 10:08:28'),
(2, 'Manager', 'manager', 1, '2025-02-24 22:00:00', '2025-03-06 10:08:28'),
(1, 'Senior Manager', 'manager', 0, '2025-02-24 22:00:00', '2025-03-06 10:08:28'),
(11, 'Cashier', 'employee', 11, '2025-02-24 22:00:00', '2025-03-06 10:08:28'),
(12, 'Coordinator', 'employee', 12, '2025-02-24 22:00:00', '2025-03-06 10:08:28'),
(13, 'Junior Back Office', 'employee', 13, '2025-02-24 22:00:00', '2025-03-06 10:08:28'),
(14, 'Junior Cashier', 'employee', 14, '2025-02-24 22:00:00', '2025-03-06 10:08:28'),
(15, 'Junior Cashier ', 'employee', 15, '2025-02-24 22:00:00', '2025-03-06 10:08:28'),
(16, 'Junior Joker', 'employee', 16, '2025-02-24 22:00:00', '2025-03-06 10:08:28'),
(17, 'Junior Services', 'employee', 17, '2025-02-24 22:00:00', '2025-03-06 10:08:28'),
(18, 'Junior Stationery', 'employee', 18, '2025-02-24 22:00:00', '2025-03-06 10:08:28'),
(19, 'Processor', 'employee', 19, '2025-02-24 22:00:00', '2025-03-06 10:08:28'),
(21, 'Senior Graphic Designer', 'employee', 8, '2025-02-24 22:00:00', '2025-03-06 10:08:28'),
(22, 'Senior Representative', 'employee', 20, '2025-02-24 22:00:00', '2025-03-06 10:08:28'),
(23, 'Senior Specialist', 'employee', 21, '2025-02-24 22:00:00', '2025-03-06 10:08:28'),
(24, 'Senior Supporter', 'employee', 22, '2025-02-24 22:00:00', '2025-03-06 10:08:28'),
(25, 'Specialist', 'employee', 23, '2025-02-24 22:00:00', '2025-03-06 10:08:28'),
(26, 'Supporter', 'employee', 24, '2025-02-24 22:00:00', '2025-03-06 10:08:28'),
(27, 'Team Member', 'employee', 25, '2025-02-24 22:00:00', '2025-03-06 10:08:28');

-- --------------------------------------------------------

--
-- Table structure for table `training_steps`
--

DROP TABLE IF EXISTS `training_steps`;
CREATE TABLE IF NOT EXISTS `training_steps` (
  `id` bigint UNSIGNED NOT NULL AUTO_INCREMENT,
  `name` varchar(191) CHARACTER SET utf8mb4 COLLATE utf8mb4_unicode_ci NOT NULL,
  `step_order` int NOT NULL,
  `created_at` timestamp NULL DEFAULT NULL,
  `updated_at` timestamp NULL DEFAULT NULL,
  `color` varchar(7) CHARACTER SET utf8mb4 COLLATE utf8mb4_unicode_ci NOT NULL DEFAULT '#FFFFFF',
  PRIMARY KEY (`id`)
) ENGINE=MyISAM AUTO_INCREMENT=10 DEFAULT CHARSET=utf8mb4 COLLATE=utf8mb4_unicode_ci;

--
-- Dumping data for table `training_steps`
--

INSERT INTO `training_steps` (`id`, `name`, `step_order`, `created_at`, `updated_at`, `color`) VALUES
(1, 'To Interview with Silva', 0, '2025-02-21 04:28:02', '2025-02-21 09:28:48', '#ededed'),
(2, 'To Interview with The HR Manager', 1, '2025-02-21 04:28:58', '2025-02-21 09:28:48', '#9ffeb2'),
(9, 'Ready', 6, '2025-02-21 09:58:21', '2025-02-21 09:58:21', '#ffc894'),
(5, 'God Father Training', 4, '2025-02-21 04:52:04', '2025-02-21 09:28:48', '#ff7070'),
(6, 'To Start Training', 2, '2025-02-21 04:54:20', '2025-03-04 04:48:48', '#a8a8a8'),
(7, 'Training Completed', 5, '2025-02-21 04:54:58', '2025-02-21 09:28:48', '#94eaff'),
(8, 'Training Finished', 3, '2025-02-21 09:28:45', '2025-02-21 09:28:48', '#fffb94');

-- --------------------------------------------------------

--
-- Table structure for table `transfers`
--

DROP TABLE IF EXISTS `transfers`;
CREATE TABLE IF NOT EXISTS `transfers` (
  `id` bigint UNSIGNED NOT NULL AUTO_INCREMENT,
  `employee_id` bigint UNSIGNED NOT NULL,
  `old_branch_id` bigint UNSIGNED NOT NULL,
  `new_branch_id` bigint UNSIGNED NOT NULL,
  `vacancy_id` bigint UNSIGNED DEFAULT NULL,
  `transfer_start_date` date DEFAULT NULL,
  `transfer_date` date NOT NULL,
  `created_by` bigint UNSIGNED DEFAULT NULL,
  `type` varchar(50) CHARACTER SET utf8mb4 COLLATE utf8mb4_unicode_ci NOT NULL DEFAULT 'Transfer',
  `rotation_duration` date DEFAULT NULL,
  `created_at` timestamp NULL DEFAULT NULL,
  `updated_at` timestamp NULL DEFAULT NULL,
  PRIMARY KEY (`id`),
  KEY `transfers_employee_id_foreign` (`employee_id`),
  KEY `transfers_old_branch_id_foreign` (`old_branch_id`),
  KEY `transfers_new_branch_id_foreign` (`new_branch_id`),
  KEY `transfers_vacancy_id_foreign` (`vacancy_id`),
  KEY `transfers_created_by_foreign` (`created_by`)
) ENGINE=MyISAM AUTO_INCREMENT=161 DEFAULT CHARSET=utf8mb4 COLLATE=utf8mb4_unicode_ci;

--
-- Dumping data for table `transfers`
--

INSERT INTO `transfers` (`id`, `employee_id`, `old_branch_id`, `new_branch_id`, `vacancy_id`, `transfer_start_date`, `transfer_date`, `created_by`, `type`, `rotation_duration`, `created_at`, `updated_at`) VALUES
(160, 462, 67, 32, NULL, '2025-03-10', '2025-03-06', 5, 'Rotation', '2025-04-06', '2025-03-06 09:51:36', '2025-03-06 09:51:36');

-- --------------------------------------------------------

--
-- Table structure for table `users`
--

DROP TABLE IF EXISTS `users`;
CREATE TABLE IF NOT EXISTS `users` (
  `id` bigint UNSIGNED NOT NULL AUTO_INCREMENT,
  `employee_id` bigint UNSIGNED DEFAULT NULL,
  `name` varchar(191) CHARACTER SET utf8mb4 COLLATE utf8mb4_unicode_ci NOT NULL,
  `email` varchar(191) CHARACTER SET utf8mb4 COLLATE utf8mb4_unicode_ci NOT NULL,
  `email_verified_at` timestamp NULL DEFAULT NULL,
  `password` varchar(191) CHARACTER SET utf8mb4 COLLATE utf8mb4_unicode_ci NOT NULL,
  `pin_code` varchar(191) CHARACTER SET utf8mb4 COLLATE utf8mb4_unicode_ci DEFAULT NULL,
  `image` varchar(191) CHARACTER SET utf8mb4 COLLATE utf8mb4_unicode_ci DEFAULT NULL,
  `remember_token` varchar(100) CHARACTER SET utf8mb4 COLLATE utf8mb4_unicode_ci DEFAULT NULL,
  `created_at` timestamp NULL DEFAULT NULL,
  `updated_at` timestamp NULL DEFAULT NULL,
  `status` varchar(191) CHARACTER SET utf8mb4 COLLATE utf8mb4_unicode_ci NOT NULL DEFAULT 'active',
  `job` varchar(191) CHARACTER SET utf8mb4 COLLATE utf8mb4_unicode_ci DEFAULT NULL,
  `branch_id` bigint UNSIGNED DEFAULT NULL,
  `temp_pass` varchar(191) CHARACTER SET utf8mb4 COLLATE utf8mb4_unicode_ci DEFAULT NULL,
  `must_change_password` tinyint(1) NOT NULL DEFAULT '1',
  PRIMARY KEY (`id`),
  UNIQUE KEY `users_email_unique` (`email`),
  UNIQUE KEY `users_pin_code_unique` (`pin_code`),
  KEY `users_employee_id_foreign` (`employee_id`)
) ENGINE=MyISAM AUTO_INCREMENT=1448 DEFAULT CHARSET=utf8mb4 COLLATE=utf8mb4_unicode_ci;

--
-- Dumping data for table `users`
--

INSERT INTO `users` (`id`, `employee_id`, `name`, `email`, `email_verified_at`, `password`, `pin_code`, `image`, `remember_token`, `created_at`, `updated_at`, `status`, `job`, `branch_id`, `temp_pass`, `must_change_password`) VALUES
(1, 0, 'Tarek Badawi', 'services5@maliks.com', NULL, '$2y$12$hPLgBQRZjQgJL3tEt9BiQOF7BRV1DdeccAg2MYTAmQSQADz1R6jcG', NULL, 'user-images/J9eBOicIyGJ4XzYChWxNbcH6BMl2DcOYoIjlPWAz.jpg', 'yAUwYUULBx4OKqhDxEdeajwUik4Ws6B8R2rpbAAREQG0nYgBKDr2J1h5MAre', '2025-01-20 18:27:11', '2025-02-20 09:19:55', 'active', NULL, NULL, '$2y$12$acIxBRDWSlXjOMifYn204OBuaUqGVw0xKws6tQCnbcPB0LUUTEyCu', 1),
(3, 0, 'Tania Khadaj', 'hr@maliks.com', NULL, '$2y$12$6k.XvWR6vi/9iYd9hh.wiOz3fRZrfCISNPTOTDTfHmAkaTI8cN9BS', NULL, 'user-images/4sHVrZmMT4Gs7Bf3JWNT2p43X0kVXxv84CSNVkS9.jpg', NULL, '2025-01-22 05:53:08', '2025-03-06 10:54:37', 'active', NULL, NULL, '$2y$12$YZqts3nLDFGrqx1Sh8kRBeQ8svEs2PR5eg1nOcBybJOl9jdHw8k/S', 0),
(5, 0, 'Shadi Farhat', 'it@maliks.com', NULL, '$2y$12$dJuZfd5s4SOMvKR3Lyk0suuYjMDV2TN1GxZ7vsHUE9TmP0a4VV5fW', NULL, 'user-images/RbyzQssYXtH6HNnEIUFpmnfkejgXO4FiLziKQ32t.jpg', NULL, '2025-02-13 12:49:12', '2025-03-03 09:42:58', 'active', NULL, NULL, NULL, 0),
(8, 0, 'Ali Yassin', 'services4@maliks.com', NULL, '$2y$12$8vWBe/zJWFE.SWyucW3hceNVO6K79ukbm0c2/p6S84ZZcRmyF26TG', NULL, 'user-images/M9cJgwpD97Chx5iFUx8ljrm1Dez9XQ9shSob2r2K.png', NULL, '2025-02-26 06:13:54', '2025-02-26 06:13:54', 'active', NULL, NULL, NULL, 1),
(1019, 32, 'Pamela Chebly', 'pamelachebly@gmail.com', NULL, '$2y$12$za2plPduOehUe/XMqzJE5.YNjVQkmhUgSjQYaodJQ50i1N5Jepl3i', '1463', 'images\\Pamela Chebly.png', NULL, '2025-03-05 09:03:34', '2025-03-05 09:03:34', 'active', '5', 22, 'Welcome@123', 1),
(1020, 33, 'Imad Yousef', 'imadyssf77@gmail.com', NULL, '$2y$12$iLHSdEbT7kiYn4G1F4mDKOzoJWq/hCbrLejvcS0R79Tzdq/9knlnK', '2453', 'images\\imad yousef.png', NULL, '2025-03-05 09:03:34', '2025-03-05 09:03:34', 'active', '1', 22, 'Welcome@123', 1),
(1021, 34, 'Aline Al Dassouki', 'alinedassouki4@gmail.com', NULL, '$2y$12$uit7ibO1upIghxcQYYY5xO2Y.SL0VEiY4WLGA7k.UClAYrpy9oAYq', '1376', 'images\\Aline Al Dassouki.png', NULL, '2025-03-05 09:03:34', '2025-03-05 09:03:34', 'active', '7', 22, 'Welcome@123', 1),
(1022, 35, 'Mohamad Dia', 'diamohamad111@gmail.com', NULL, '$2y$12$Eu6Ug.JDSllAA7Hq0EHzGuc1GUfVf/SUVKE6uTD6Dl3.J92MBsnem', '1341', 'images\\Mohamad Dia.png', NULL, '2025-03-05 09:03:34', '2025-03-05 09:03:34', 'active', '1', 22, 'Welcome@123', 1),
(1023, 36, 'Ahmad Karim Tlais', 'ahmadkarimtleiss@gmail.com', NULL, '$2y$12$Kq3ptanXQtQJFFUigvGF8.I706GCi/WNhJmdZZrA056ho2t35yi3.', '2076', 'images\\Ahmad Karim Tlais.png', NULL, '2025-03-05 09:03:34', '2025-03-05 09:03:34', 'active', '4', 22, 'Welcome@123', 1),
(1024, 37, 'Nazik Baddereddine', 'nano_alhariri_maqo@hotmail.com', NULL, '$2y$12$W4MOWglW5nJ1mjkV852k0ucQSesk97esYihLOjg.PpS2X5NEc71fG', '2503', 'images\\nazik baddereddine.png', NULL, '2025-03-05 09:03:35', '2025-03-05 09:03:35', 'active', '20', 51, 'Welcome@123', 1),
(1025, 38, 'Hadi Majed', 'no-email-38@example.com', NULL, '$2y$12$0FptS..ANyOxNZCXtmcxke4agHJIo.N12SX6NvhvfONevR.RFPJfW', '1134', 'images\\hadi majed.png', NULL, '2025-03-05 09:03:35', '2025-03-05 09:03:35', 'active', '1', 51, 'Welcome@123', 1),
(1026, 39, 'Mohamad Al Eter', 'eter.mohammad@gmail.com', NULL, '$2y$12$VzZeCwNP5HURqFgzMJUxhuNvUU1He5DUtFVkuMY8uDSemq4jxu3ZW', '1060', 'images/67be119f297c6.png', NULL, '2025-03-05 09:03:35', '2025-03-06 11:54:17', 'active', '20', 26, 'Welcome@123', 0),
(1027, 40, 'Alaa Abdul Khalik', 'alaa77@yahoo.com', NULL, '$2y$12$It5QWdtz36v5/qbU41jlme1mjwVznwjcD9eHerAPE5OxY72LGt0e2', '2763', 'images\\Alaa Abdul Khalik.png', NULL, '2025-03-05 09:03:35', '2025-03-05 09:03:35', 'active', '3', 26, 'Welcome@123', 1),
(1028, 41, 'Rawan Al Mir', 'rawanelmir@icloud.com', NULL, '$2y$12$zhVPq4WFFSHPrhJPXlIeo.A3ghJ5UNooreOC5ePtuf3e/Anox.BGO', '2257', 'images\\Rawan Al Mir.png', NULL, '2025-03-05 09:03:35', '2025-03-07 12:54:56', 'active', '5', 26, 'Welcome@123', 1),
(1029, 42, 'Farah Haidar', 'farahhaidar56@gmail.com', NULL, '$2y$12$OHMGVsswq4azj2l38/USf.jvLULrDeAfYpLUiBdUdD5yH1tliKwLu', '1384', 'images\\farah haidar.png', NULL, '2025-03-05 09:03:35', '2025-03-05 09:03:35', 'active', '7', 26, 'Welcome@123', 1),
(1030, 43, 'Khaled Al Hafi', 'hafikhaled0@gmail.com', NULL, '$2y$12$r.kIBHEPS9KdMHB7MJMvWeEewiGVWRTWntJEOQcuOuPiB7.4QU/96', '2427', 'images\\Khaled Al Hafi.png', NULL, '2025-03-05 09:03:36', '2025-03-05 09:03:36', 'active', '3', 26, 'Welcome@123', 1),
(1031, 44, 'Gia Mkahal', 'giamkahal@gmail.com', NULL, '$2y$12$Kk1wOI/JaDsL/ssMRumqmeHUZuKJrCZs7Q6Vy32XC/V0x8elRutxq', '2243', 'images\\Gia Mkahal.png', NULL, '2025-03-05 09:03:36', '2025-03-05 09:03:36', 'active', '7', 26, 'Welcome@123', 1),
(1032, 45, 'Jihad Fakher', 'no-email-45@example.com', NULL, '$2y$12$BU0/Ol1F1mIE35GPC4SGre/crPaOs9TCo3aZbQfCXMJ2bM8jCc5ae', '177', 'images\\jihad fakher.png', NULL, '2025-03-05 09:03:36', '2025-03-05 09:03:36', 'active', '9', 69, 'Welcome@123', 1),
(1033, 46, 'Mahasen Rizk', 'm.rizik@icloud.com', NULL, '$2y$12$25GtbCwojCxkbOuFgzFnbOrPOX/1TB5ST9AI7o0Oz5/qizThq.rvW', '2480', 'images\\Mahasen Rizk.png', NULL, '2025-03-05 09:03:36', '2025-03-05 09:03:36', 'active', '9', 69, 'Welcome@123', 1),
(1034, 47, 'Hussien Daiss', 'Husseindaiss@gmail.com', NULL, '$2y$12$/5U47eDFSa4a1p68K7jjUejIkQkqLkTV5yf27ToCpLXkh0yFtzgIe', '1779', 'images\\Hussien Daiss.png', NULL, '2025-03-05 09:03:36', '2025-03-05 09:03:36', 'active', '20', 30, 'Welcome@123', 1),
(1035, 48, 'Ibrahim Akkari', 'ibrahim_akri@hotmail.com', NULL, '$2y$12$KoMzaHex/d2enzkg5YPezuQWnbeQpFZB/8OFhYId6DXwfVwjlCoD.', '2360', 'images\\Ibrahim Akkari.png', NULL, '2025-03-05 09:03:36', '2025-03-05 09:03:36', 'active', '3', 30, 'Welcome@123', 1),
(1036, 49, 'Omar Faraj', 'omar.zolfe@gmail.com', NULL, '$2y$12$DMNx0gn1zOvLma2RHWsqUOHFPUHxEeQv6aEhGAuMj2zBnEpW54wjm', '1183', 'images\\Omar Faraj.png', NULL, '2025-03-05 09:03:36', '2025-03-05 09:03:36', 'active', '3', 30, 'Welcome@123', 1),
(1037, 455, 'Wael Chamandi', 'alchamandi@gmail.com', NULL, '$2y$12$rEv.dU.LLw03FaLCaJ6ZK.wjtuo5Z4pseSRIiWNsRclyUdyVLW3Dy', 'testwael', 'images/67c6c1cbcd982.jpg', NULL, '2025-03-05 09:03:37', '2025-03-05 09:03:37', 'active', '20', 73, 'Welcome@123', 1),
(1038, 51, 'Nadine Faysal', 'nadinefaisal53@gmail.com', NULL, '$2y$12$08zNTubWuie.rz0rme6VvOO.XLBZbKrhU1WZ6t.Vl4mdC0XFgfzYG', '2034', 'images\\Nadine Faysal.png', NULL, '2025-03-05 09:03:37', '2025-03-05 09:03:37', 'active', '7', 30, 'Welcome@123', 1),
(1039, 52, 'Loulwa Koronfol', 'l.kronful@gmail.com', NULL, '$2y$12$Dre0S0gCrgxCnJ7tRwX2MuNW2PED6a0FQaSHoZtI9gmQP.1Reqhki', '1390', 'images\\loulwa koronfol.png', NULL, '2025-03-05 09:03:37', '2025-03-05 09:03:37', 'active', '4', 30, 'Welcome@123', 1),
(1040, 53, 'Ahmad Dgheim', 'ahmaddgheim3@gmail.com', NULL, '$2y$12$HsUvO7amKf71rGTBUyzh2e3tXdmHZWVbu9eg5L470O0od2xPS066u', '1321', 'images\\ahmad dgheim.png', NULL, '2025-03-05 09:03:37', '2025-03-05 09:03:37', 'active', '1', 30, 'Welcome@123', 1),
(1041, 54, 'Ali Wehbe', 'aliwehbe2021@gmail.com', NULL, '$2y$12$g1gHh4pjFeCsSRgzqjpQoO3/W7vtYknnaZBjMrrIyazfQAcZyMR5G', '1283', 'images\\Ali Wehbe.png', NULL, '2025-03-05 09:03:37', '2025-03-05 09:03:37', 'active', '7', 30, 'Welcome@123', 1),
(1042, 55, 'Mohamad Eido', 'mhmdeido62@gmail.com', NULL, '$2y$12$gvsaZuR.3PmMy11vocRQHOIK5wjztvc4Xj6Wq/SydepLh9pIiMvW.', '2027', 'images\\Mohamad Eido.png', NULL, '2025-03-05 09:03:37', '2025-03-05 09:03:37', 'active', '4', 30, 'Welcome@123', 1),
(1043, 56, 'Ali Awwad', 'alizu.awwd@gmail.com', NULL, '$2y$12$zOw7yvUYsTZaVk0936ed.eZBKpEqnVeD5DU2a6qTIJMI4.qPbOHTO', '2827', 'images\\Default.jpg', NULL, '2025-03-05 09:03:38', '2025-03-05 09:03:38', 'active', '1', 30, 'Welcome@123', 1),
(1044, 57, 'Marwan Barakat', 'no-email-57@example.com', NULL, '$2y$12$l9OfeLGQK15YKE81a9U3Iumwrd7C9WAnONgWm4KZFObW/k/QrLjkO', '2493', 'images\\Marwan Barakat.png', NULL, '2025-03-05 09:03:38', '2025-03-05 09:03:38', 'active', '20', 21, 'Welcome@123', 1),
(1045, 58, 'Maya Khodor', 'maya_khodor@hotmail.com', NULL, '$2y$12$StEFr6xjJclPsF1Zyi7zPuGVORLSsykD2oMOF/zmzl6sN0oqozmby', '2430', 'images\\Maya Khodor.png', NULL, '2025-03-05 09:03:38', '2025-03-05 09:03:38', 'active', '2', 21, 'Welcome@123', 1),
(1046, 59, 'Ihab Timani', 'ihabtimani@hotmail.com', NULL, '$2y$12$1pAoJ0YqEBgqp5R2v.QBC.HXwcNuCg6JOTSgHYn5JVOHIsxSxZ58K', '2315', 'images\\Ihab Timani.png', NULL, '2025-03-05 09:03:38', '2025-03-05 09:03:38', 'active', '20', 21, 'Welcome@123', 1),
(1047, 60, 'Rania Abi Ghannam', 'ranialife25@hotmail.com', NULL, '$2y$12$upDQLy2cZAaxRMiVRFvpAueynVQH3diEROyIk6o1INKdKXeS3kX7G', '1676', 'images\\Rania Abi Ghannam.png', NULL, '2025-03-05 09:03:38', '2025-03-05 09:03:38', 'active', '7', 21, 'Welcome@123', 1),
(1048, 61, 'Rim Al Mounla', 'rimmounla129@gmail.com', NULL, '$2y$12$qApKRibF9LBZHI0MAeeSj.DKeYDp6P/1TEQ3Ks4KjpKnYTsuE1F7q', '1469', 'images\\Rim Al Mounla.png', NULL, '2025-03-05 09:03:38', '2025-03-05 09:03:38', 'active', '3', 21, 'Welcome@123', 1),
(1049, 62, 'Hanin Mekkawi', 'hanin.mekkawi18@gmail.com', NULL, '$2y$12$A.hn8RLpMuNtUaeSx5fzR.oPB9GohNujp86gQOQc4WmnBGOg2tjIq', '2035', 'images\\Hanin Mekkawi.png', NULL, '2025-03-05 09:03:38', '2025-03-05 09:03:38', 'active', '4', 21, 'Welcome@123', 1),
(1050, 64, 'Daniel Akaz', 'danielakaz66@gmail.com', NULL, '$2y$12$fqB9gLZevF2/UaNWqz66SupZ8ae.YIla7RJGHB4JII.VcwTQjIin.', '1981', 'images\\Daniel Akaz.png', NULL, '2025-03-05 09:03:39', '2025-03-05 09:03:39', 'active', '1', 21, 'Welcome@123', 1),
(1051, 65, 'Asya Ghonash', 'asyaghonash001@gmail.com', NULL, '$2y$12$rTq5zW2.jtUQFMdBqwom3Od1RAm7y3a3jtwRqijfdHW8HZj/XF8Ai', '1395', 'images\\Asya Ghonash.png', NULL, '2025-03-05 09:03:39', '2025-03-05 09:03:39', 'active', '4', 21, 'Welcome@123', 1),
(1052, 66, 'Jana Kahwaji', 'janakahwaji123@gmail.com', NULL, '$2y$12$LvcPsaVFSzBxuWAl2tOAj.bqKAALS1fFR6HkPjws9n/lfA2bWjAJm', '1420', 'images\\Jana Kahwaji.png', NULL, '2025-03-05 09:03:39', '2025-03-05 09:03:39', 'active', '7', 21, 'Welcome@123', 1),
(1053, 67, 'Nour Al Deeb', 'ndeeb8623@gmail.com', NULL, '$2y$12$a/afZYA8xr4UxTYWZqlhwe16S8mEDz16fC0w2ZNC4JlO.1l6O6hKi', '2303', 'images\\Nour Al Deeb.png', NULL, '2025-03-05 09:03:39', '2025-03-05 09:03:39', 'active', '3', 21, 'Welcome@123', 1),
(1054, 68, 'Hussein Abbas', 'Husseinabbas008@gmail.com', NULL, '$2y$12$vYYoMUFB2WKdLNr07NOXO.HglvRNB9ulQo0wzJ4iuJJ7R6RHuT8Nm', '106', 'images\\Hussein Abbas.png', NULL, '2025-03-05 09:03:39', '2025-03-05 09:03:39', 'active', '20', 42, 'Welcome@123', 1),
(1055, 69, 'Roy Merhej', 'roy_merhej@hotmail.com', NULL, '$2y$12$0mraeGG/AQaX1kf79hxX4uxt/X7BEoafEpYBAalNhqADrts21Iqaq', '1370', 'images\\Roy Merhej.png', NULL, '2025-03-05 09:03:39', '2025-03-05 09:03:39', 'active', '20', 42, 'Welcome@123', 1),
(1056, 70, 'Saaddine Hachem', 'saadhm990@gmail.com', NULL, '$2y$12$QGevL27zCrHmoHJRYUwSve6J6uauOWHtQu23qF.2u4ABT0bh53qYG', '2641', 'images\\Saaddine Hachem.png', NULL, '2025-03-05 09:03:40', '2025-03-05 09:03:40', 'active', '3', 42, 'Welcome@123', 1),
(1057, 71, 'Hanin Ismail', 'haninismail875@gmail.com', NULL, '$2y$12$QfTj9nVtxlxRuMVlCRpXK.su7GPGUXtB08HRIhLcy1GH0qHSWH3gC', '2428', 'images\\Hanin Ismail.png', NULL, '2025-03-05 09:03:40', '2025-03-05 09:03:40', 'active', '7', 42, 'Welcome@123', 1),
(1058, 72, 'Lewaa Ghraizy', 'lewaa300@gmail.com', NULL, '$2y$12$rOVgdHtK1Rv4H0DRVmiaUuYJPHFCMLHe5.xNuJyWBajB3AFg6x/kS', '2432', 'images\\Lewaa Ghraizy.png', NULL, '2025-03-05 09:03:40', '2025-03-05 09:03:40', 'active', '3', 42, 'Welcome@123', 1),
(1059, 73, 'Abir Hareb', 'hareb.abirr@gmail.com', NULL, '$2y$12$aPMJe15mOFghKsQNVO3ybOxwYoqvai22OWExKEvHBO48aBGq9Vpdu', '1534', 'images\\Abir Hareb.png', NULL, '2025-03-05 09:03:40', '2025-03-05 09:03:40', 'active', '4', 42, 'Welcome@123', 1),
(1060, 74, 'Rasha Hmadi', 'no-email-74@example.com', NULL, '$2y$12$5pvJcxbwXy7FgAbbDn5BteHwKABx.eGmKmUmbxzeZKZOFfqm9a3uS', '1172', 'images/67be11eea3ec2.png', NULL, '2025-03-05 09:03:40', '2025-03-05 09:03:40', 'active', '5', 42, 'Welcome@123', 1),
(1061, 75, 'Mohamad Banna', 'mohammadbanna1998@gmail.com', NULL, '$2y$12$hW1PHMOgNnDE.KAz7IpkreJ3e1GwkvqA3GgHSYGH.XpxXKswELZPS', '1529', 'images\\Mohamad Banna.png', NULL, '2025-03-05 09:03:40', '2025-03-05 09:03:40', 'active', '6', 42, 'Welcome@123', 1),
(1062, 76, 'Mohamad Al Hout', 'mhmdhout444@gmail.com', NULL, '$2y$12$CIb/WROSEZDSUBu/2341BeAXQWUaI42eBx5apHfeWSJmY1VUMCAFS', '2363', 'images\\Mohamad Al Hout.png', NULL, '2025-03-05 09:03:41', '2025-03-05 09:03:41', 'active', '4', 42, 'Welcome@123', 1),
(1063, 77, 'Mohamad Ghsein', 'mjghsein@gmail.com', NULL, '$2y$12$s26yfEcsYKeg0pvf8J2ZDu/7l1wjm4e.QhOd4C/7RFGsd5x/Rz6eW', '2647', 'images\\Mohamad Ghsein.png', NULL, '2025-03-05 09:03:41', '2025-03-05 09:03:41', 'active', '7', 42, 'Welcome@123', 1),
(1064, 78, 'Sara Mourawed', 'sarahmrawed@gmail.com', NULL, '$2y$12$EBqyy.dMy/FbxgoqlvmXlOYsLnfP6c175VfobwcIhY1HnlOPo5BHm', '1580', 'images\\Sara Mourawed.png', NULL, '2025-03-05 09:03:41', '2025-03-05 09:03:41', 'active', '3', 42, 'Welcome@123', 1),
(1065, 79, 'Ali Mechref', 'alimechref6@gmail.com', NULL, '$2y$12$qVCyGuYNEdfnXdIw7TDV6uoyhXyrN5p6T5IUrzkgXIFE2Be3bgltu', '1006', 'images\\Ali Mechref.png', NULL, '2025-03-05 09:03:41', '2025-03-05 09:03:41', 'active', '4', 42, 'Welcome@123', 1),
(1066, 80, 'Fadi Khodari', 'khodaRIFADI5@GMAIL.COM ', NULL, '$2y$12$9wVKPSsyz.BlFxt9QPvU5.t5T.wKXjnpcP8TAWF99afACYqjhLixi', '2813', 'images\\Fadi Khodari.png', NULL, '2025-03-05 09:03:41', '2025-03-05 09:03:41', 'active', '20', 20, 'Welcome@123', 1),
(1067, 81, 'Omar Aslan', 'aslan.omar96@gmail.com ', NULL, '$2y$12$PgzkekPVKUnaZyFkbJvvLOTbvm.VmGYeKwOSNdKLAVAkjL1/OC2hG', '2822', 'images\\Omar Aslan.png', NULL, '2025-03-05 09:03:41', '2025-03-05 09:03:41', 'active', '20', 20, 'Welcome@123', 1),
(1068, 82, 'Ahmad Hamdar', 'ahmadhamdar123@outlook.com', NULL, '$2y$12$phDxtUA9zkEbVVEBOwTTeOr4iYvQlK2ZuRyv6nk9EKOin.vlnOT7.', '2625', 'images\\Ahmad Hamdar.png', NULL, '2025-03-05 09:03:41', '2025-03-05 09:03:41', 'active', '3', 20, 'Welcome@123', 1),
(1069, 83, 'Garine Topeyan', 'topeyangarine8@gmail.com', NULL, '$2y$12$541v0SPF97hblR6Am046wOO2P/XgWFojEI8233gLHwUYTb7z9sodC', '2820', 'images\\Garine Topeyan.png', NULL, '2025-03-05 09:03:42', '2025-03-05 09:03:42', 'active', '7', 20, 'Welcome@123', 1),
(1070, 84, 'Sophie Milane', 'sophie.milane1@gmail.com', NULL, '$2y$12$kO5WHu.bDIIbvply71J4NebG5WyZLVZQ0QVy3VCTHSWcBmK8Xg0RK', '2662', 'images\\Sophie Milane.png', NULL, '2025-03-05 09:03:42', '2025-03-05 09:03:42', 'active', '3', 20, 'Welcome@123', 1),
(1071, 85, 'Elie Ghantous', 'elieghantous8@gmail.com', NULL, '$2y$12$BrYRmhyY2FaoODMRIT.Z7eLme1xOt6RXKM84Sk68BhSusaOVUGJFW', '2851', 'images\\Elie Ghantous.png', NULL, '2025-03-05 09:03:42', '2025-03-05 09:03:42', 'active', '1', 20, 'Welcome@123', 1),
(1072, 86, 'Anthony Khoury', 'anthonykhoury04@hotmail.com', NULL, '$2y$12$oRRwfMxqpAzu2bGnXt3UXOk0IaK6Y7XdEp6iGhzgjfibXCg/VAZQK', '2589', 'images\\Anthony Khoury.png', NULL, '2025-03-05 09:03:42', '2025-03-05 09:03:42', 'active', '7', 20, 'Welcome@123', 1),
(1073, 87, 'Richard Rizk', 'rrizk1234@gmail.com', NULL, '$2y$12$PM.Q0zPAv3wXXr30fRL0e.X8MxATlFnJHLRG6cQ5rwx5NiuLkrwhO', '1119', 'images\\Richard Rizk.png', NULL, '2025-03-05 09:03:42', '2025-03-05 09:03:42', 'active', '4', 20, 'Welcome@123', 1),
(1074, 88, 'John Tannoury', 'no-email-88@example.com', NULL, '$2y$12$SnLrzUxXFb8/y9pXNWkD/uA05axYoIHp5QMrB1jPgQOy42.B2wTt.', '1229', 'images\\John Tannoury.png', NULL, '2025-03-05 09:03:42', '2025-03-05 09:03:42', 'active', '1', 20, 'Welcome@123', 1),
(1075, 89, 'Chady Nassour', 'shadynassour@gmail.com', NULL, '$2y$12$2Z9um2y9iPYZDloiLUWCq.ZrZKLEa04VPRV3rjmK7KMfwZ7YUhPQS', '2603', 'images\\Chady Nassour.png', NULL, '2025-03-05 09:03:43', '2025-03-05 09:03:43', 'active', '20', 38, 'Welcome@123', 1),
(1076, 90, 'Ahmad Attieh', 'ahmad.atieh43@gmail.com', NULL, '$2y$12$VpYLJ6z9o57dkwSD7DnhIuwkX3rn/NzZcEq3RwJzZrVUCx6uYON6u', '2016', 'images\\ahmad attieh.png', NULL, '2025-03-05 09:03:43', '2025-03-05 09:03:43', 'active', '3', 38, 'Welcome@123', 1),
(1077, 91, 'Shadi Mrad', 'mradshadi96@hotmail.com', NULL, '$2y$12$RDGvQJG0E.G4MnmzCu0PR.thaNY63Tzg.A7jkFnpbrxfLeQzrVcRO', '1897', 'images\\shadi mrad.png', NULL, '2025-03-05 09:03:43', '2025-03-05 09:03:43', 'active', '4', 38, 'Welcome@123', 1),
(1078, 92, 'Harout Kojanian', 'harout-75@hotmail.com', NULL, '$2y$12$etHYhBjiP1Ujmk3xHr.jL.nchvGtk4lM/o8CFfnEMblofaLgTDVl.', '860', 'images\\Harout Kojanian.png', NULL, '2025-03-05 09:03:43', '2025-03-05 09:03:43', 'active', '1', 38, 'Welcome@123', 1),
(1079, 93, 'Diana Zeidan', 'no-email-93@example.com', NULL, '$2y$12$RRVwSOP4yOvlmMPkbP9ocOU6EDxP6HflC2bFeijhU2JgUTo7MLID2', '1659', 'images\\Diana Zeidan.png', NULL, '2025-03-05 09:03:43', '2025-03-05 09:03:43', 'active', '7', 38, 'Welcome@123', 1),
(1080, 94, 'Bassel Malaeb', 'bassel.mlb2@gmail.com', NULL, '$2y$12$iB6UALN8eCCs3oapI3sxsuRcrg27TmTIkIlQ2L05oBbxtKZi30wqa', '2253', 'images\\Bassel Malaeb.png', NULL, '2025-03-05 09:03:43', '2025-03-05 09:03:43', 'active', '11', 38, 'Welcome@123', 1),
(1081, 95, 'Zeina Joudieh', 'zjoudieh@gmail.com', NULL, '$2y$12$29fHFyE3y73dBBGFFBT1g.BU9r8geBzpdd3z7dzAxUjsFv6Rq7hjm', '1414', 'images\\zeina joudieh.png', NULL, '2025-03-05 09:03:44', '2025-03-05 09:03:44', 'active', '20', 29, 'Welcome@123', 1),
(1082, 96, 'Rabih Matar', 'mattarrabih@gmail.com', NULL, '$2y$12$3xZJG4Q0.Wd0JFKMma60w.hjKZ8drrMMifbyw3FpvDHk6pTYO2oui', '1646', 'images\\rabih matar.png', NULL, '2025-03-05 09:03:44', '2025-03-05 09:03:44', 'active', '2', 29, 'Welcome@123', 1),
(1083, 97, 'Roger Orfaly', 'rogerorfali2022@gmail.com', NULL, '$2y$12$9Pp67UMXKbvA0GBuUzYRRO2cpTPfz3rFELZBQS//Avu2R5bwmY5Ym', '1622', 'images\\Roger Orfaly.png', NULL, '2025-03-05 09:03:44', '2025-03-05 09:03:44', 'active', '3', 29, 'Welcome@123', 1),
(1084, 98, 'Samah Yassin', 'ariess_01_30@hotmail.com', NULL, '$2y$12$9utm1IMYByNyYPW/vshpKeAcUBw7bGN5Oxc9Lj.t49HYZ5HdH1dkK', '2524', 'images\\samah yassin.png', NULL, '2025-03-05 09:03:44', '2025-03-05 09:03:44', 'active', '7', 29, 'Welcome@123', 1),
(1085, 99, 'Ali Issa', 'ali_1998@gmail.com', NULL, '$2y$12$9fEQtzmK6BOo6dUmQ7L2pOuEfzE9XLnaDWWdtuLLzDD2hFeJcJqcC', '2762', 'images\\Ali Issa.png', NULL, '2025-03-05 09:03:44', '2025-03-05 09:03:44', 'active', '3', 29, 'Welcome@123', 1),
(1086, 100, 'Hussein Wehbi', 'husseinwehbe39@gmail.com', NULL, '$2y$12$Nty277/ivjWIixzzX9Yupu0UHUcMK.e9aUL7fIR75XfRKcUutE8z6', '2204', 'images\\hussein wehbi.png', NULL, '2025-03-05 09:03:44', '2025-03-05 09:03:44', 'active', '1', 29, 'Welcome@123', 1),
(1087, 101, 'Wael Haidar', 'Haidar_wael@hotmail.com', NULL, '$2y$12$MnizCm7bHuarkNPAIPfy0eVtRDAvZRuouMPfeqBIqM5sr9GGzrVQW', '626', 'images\\wael haidar.png', NULL, '2025-03-05 09:03:44', '2025-03-05 09:03:44', 'active', '8', 29, 'Welcome@123', 1),
(1088, 102, 'Sara Harkous', 'no-email-102@example.com', NULL, '$2y$12$aRAUWNYyQ4ZgmhyjxLw5qO8kXh2p2YFhjeXv6hB3IkAxllOpf6hiG', '1441', 'images\\Sara Harkous.png', NULL, '2025-03-05 09:03:45', '2025-03-05 09:03:45', 'active', '4', 29, 'Welcome@123', 1),
(1089, 103, 'Ali Eido', 'alikil2329@gmail.com', NULL, '$2y$12$qHaqbDcwSq1ypLbUhpHx/eerYvNWonvldfzoP2oYXa1FzXAkRXpyy', '2277', 'images\\ali eido.png', NULL, '2025-03-05 09:03:45', '2025-03-05 09:03:45', 'active', '20', 29, 'Welcome@123', 1),
(1090, 104, 'Ahmad Charafeddine', 'ahmadcharafdin2@gmail.com', NULL, '$2y$12$yUC9..d3fuTHY1cBh505JuM1FTWqX3.mYSgsxGQPTuPdKc1WsN/X6', '1949', 'images\\ahmad charafeddine.png', NULL, '2025-03-05 09:03:45', '2025-03-05 09:03:45', 'active', '7', 29, 'Welcome@123', 1),
(1091, 105, 'Mohammad Nazzel', 'nazzelmohamad@icloud.com', NULL, '$2y$12$we9Xe9HY.OL4bInBBEHP2eYn5dNZRohoR0aYAmcqF3pRxYsDgJmEK', '2215', 'images/67be11b22b940.png', NULL, '2025-03-05 09:03:45', '2025-03-05 09:03:45', 'active', '1', 29, 'Welcome@123', 1),
(1092, 106, 'Ali Ayoub', 'Aly.ayoub.86@gmail.com', NULL, '$2y$12$swvOx8RhiPz5oYmyYmGrleGx.Je5xa/cU7ObrfDTUVR4DC9nyixrO', '1148', 'images\\ali ayoub.png', NULL, '2025-03-05 09:03:45', '2025-03-05 09:03:45', 'active', '20', 9, 'Welcome@123', 1),
(1093, 107, 'Bahaa Hamadeh', 'BahaaHamadeh@hotmail.com', NULL, '$2y$12$iSaS0aoE9vXGidf1Et1XwO/.jNXS2/kf/49PBxoy2MTFeEmg1y0k2', '1745', 'images\\bahaa hamadeh.png', NULL, '2025-03-05 09:03:45', '2025-03-05 09:03:45', 'active', '2', 9, 'Welcome@123', 1),
(1094, 108, 'Mostafa Rihan', 'mostafa_rihan12@hotmail.com', NULL, '$2y$12$bSZZTPzyfgHJdKE3xQ2Q7uJLXMBlJADoMUUFbzd/2Pu24uC4CQSoC', '1832', 'images\\mostafa rihan.png', NULL, '2025-03-05 09:03:46', '2025-03-05 09:03:46', 'active', '2', 9, 'Welcome@123', 1),
(1095, 109, 'Bahaa Timani', 'bahaaaltimany@hotmail.com', NULL, '$2y$12$KSiRfnYtF5R2uenA6u7PZuQXNlswqRAFOXXZEmZtiZaNKJG3niAVW', '2371', 'images\\bahaa timani.png', NULL, '2025-03-05 09:03:46', '2025-03-05 09:03:46', 'active', '3', 9, 'Welcome@123', 1),
(1096, 110, 'Khalil Jureidini', 'kjureidini@hotmail.com', NULL, '$2y$12$lxJz7/vajS5rtkKEF.dbyudFnVUATfEvmdHbRTOaHCDqyTKG66vEu', '151', 'images/67be07bc73d9e.png', NULL, '2025-03-05 09:03:46', '2025-03-05 09:03:46', 'active', '1', 9, 'Welcome@123', 1),
(1097, 111, 'Razan Haidar', 'razanehaydar11@gmail.com', NULL, '$2y$12$IWmUaMNs80QWXKGKc.ZXeuIaT16pG9qMuMDkMjBUNPf32h1zlpoNW', '2156', 'images\\razan haidar.png', NULL, '2025-03-05 09:03:46', '2025-03-05 09:03:46', 'active', '7', 9, 'Welcome@123', 1),
(1098, 112, 'Ziad Abbas', 'abo_samir840@hotmail.com', NULL, '$2y$12$I2tF.JUJeQ61cF4HuymmReBV7KWiXNNFqO0yA3JWczBZjXkox.i6S', '1491', 'images\\ziad abbas.png', NULL, '2025-03-05 09:03:46', '2025-03-05 09:03:46', 'active', '8', 9, 'Welcome@123', 1),
(1099, 113, 'Nohad Tabbara', 'nohadtabbara78@gmail.com', NULL, '$2y$12$JCLoqVw2TwYLfSyI4pAO1eFbvGrvZMucHGn62kGmkcBmikbsJY542', '1259', 'images\\nohad tabbara.png', NULL, '2025-03-05 09:03:46', '2025-03-05 09:03:46', 'active', '11', 9, 'Welcome@123', 1),
(1100, 114, 'Abbas Zeineh', 'abbaszeineh@icloud.com', NULL, '$2y$12$0ZCE1SKByunSypB.qrQD8egMmUKiwxepakZu8m0o8qd874a93m4D2', '2345', 'images\\Abbas Zeineh.png', NULL, '2025-03-05 09:03:47', '2025-03-05 09:03:47', 'active', '1', 9, 'Welcome@123', 1),
(1101, 115, 'Afif Raad', 'afifraad06@gmail.com', NULL, '$2y$12$sshW2LXk8m75NalgraACF.3x6eFiDXK7HV5hvSIa4byVUzJI8/OSS', '2746', 'images\\Afif Raad.png', NULL, '2025-03-05 09:03:47', '2025-03-05 09:03:47', 'active', '4', 9, 'Welcome@123', 1),
(1102, 116, 'Samia Buban', 'srbouban@gmail.com', NULL, '$2y$12$ywzup4N5wuRmuczOzmxIyuDkoa0hSMrt2qFU6VIyldhMHuIJxp6OW', '238', 'images\\Samia Buban.png', NULL, '2025-03-05 09:03:47', '2025-03-05 09:03:47', 'active', '20', 23, 'Welcome@123', 1),
(1103, 117, 'Yehya Rakka', 'no-email-117@example.com', NULL, '$2y$12$mGcgwUQAMI.EbzHFz/IToufQS9sUVdcarIyEBJ4FkbUF4FTAttCDK', '105', 'images\\Yehya Rakka.png', NULL, '2025-03-05 09:03:47', '2025-03-05 09:03:47', 'active', '1', 23, 'Welcome@123', 1),
(1104, 118, 'Rima Ghandoura', 'rimaghandoura99@gmail.com', NULL, '$2y$12$bD7zQTRnyo.qfgMmXIw0FehdsVSdvRyyIb4xNdCTnNhiYeTQNa3KG', '2538', 'images\\Rima Ghandoura.png', NULL, '2025-03-05 09:03:47', '2025-03-05 09:03:47', 'active', '3', 23, 'Welcome@123', 1),
(1105, 119, 'Khodor Safsouf', 'khodor.safsouf@hotmail.com', NULL, '$2y$12$Ruao6PON5f/NTQsAENc.Ie9y1VjE//ad4WTTtYET4FIGgdok5aTF6', '1884', 'images\\Khodor Safsouf.png', NULL, '2025-03-05 09:03:47', '2025-03-05 09:03:47', 'active', '3', 23, 'Welcome@123', 1),
(1106, 120, 'Hala Mokdad', 'no-email-120@example.com', NULL, '$2y$12$SZik.p8lVoECdhsRr.vGB.YfCuP5qov/z9wIT5nJU/1IlATamnsSC', '2418', 'images\\Hala Mokdad.png', NULL, '2025-03-05 09:03:47', '2025-03-05 09:03:47', 'active', '7', 23, 'Welcome@123', 1),
(1107, 121, 'Ousama Al Masri', 'oussama.masri28@gmail.com', NULL, '$2y$12$poQLHYeW7uFg1HFNv/t9DOVLG2yC8tNsTTLfyUPuRCcniKyqhcSXa', '1817', 'images\\ousama al masri.png', NULL, '2025-03-05 09:03:48', '2025-03-05 09:03:48', 'active', '20', 23, 'Welcome@123', 1),
(1108, 122, 'Amir Ghraizi', 'ghraiziamirr@gmail.com', NULL, '$2y$12$M9dW5lolJ0Ht2X0hQjRFOu16tJ.IhG0tWlIBW/8Pnsw3EY1xFcTg2', '2416', 'images\\Amir Ghraizi.png', NULL, '2025-03-05 09:03:48', '2025-03-05 09:03:48', 'active', '3', 23, 'Welcome@123', 1),
(1109, 123, 'Cerine Hani', 'sirine.haniii@gmail.com', NULL, '$2y$12$cWfd/odnWZOlU/bT9b0S1ONZx2/Sf49E0ikbR.zdkmkTvGdT.uB4W', '2853', 'images\\Cerine Hani.png', NULL, '2025-03-05 09:03:48', '2025-03-05 09:03:48', 'active', '4', 23, 'Welcome@123', 1),
(1110, 124, 'Khaled Danaf', 'khaleddanaf03@gmail.com', NULL, '$2y$12$cXAEC2EeXc5NJVqDvk6smuUfq7YPFg9.VoSvy7Ba5R50cA8CLPSlq', '2527', 'images\\Khaled Danaf.png', NULL, '2025-03-05 09:03:48', '2025-03-05 09:03:48', 'active', '1', 23, 'Welcome@123', 1),
(1111, 125, 'Faysal Al Saghir', 'faysalalsaghir65@gmail.com', NULL, '$2y$12$Ofh.v55HXnekh58HrOiN5.XPUOhCDhqG101QYfE1zocRX0G.I4Gxm', '1435', 'images\\Faysal Al Saghir.png', NULL, '2025-03-05 09:03:48', '2025-03-05 09:03:48', 'active', '1', 23, 'Welcome@123', 1),
(1112, 126, 'Firas Chamas', 'firas.shamas@outlook.com', NULL, '$2y$12$XDT0na77ywGWzMfQnq1LlusuLujCDZOblz7DkVVP9yu0QDkofYBlS', '1950', 'images/67be1201bb9b7.png', NULL, '2025-03-05 09:03:48', '2025-03-05 09:03:48', 'active', '4', 70, 'Welcome@123', 1),
(1113, 127, 'Sayed Abboud', 'sayedabboud453@gmail.com', NULL, '$2y$12$.vtmxOU.fTnF.nUxr/r8wOOpplkrauYh35nyEJuGauL6VOTWHZX0S', '2129', 'images\\Sayed Abboud.png', NULL, '2025-03-05 09:03:49', '2025-03-05 09:03:49', 'active', '4', 71, 'Welcome@123', 1),
(1114, 128, 'Majd Chbatt', 'shbattmajd@gmail.com', NULL, '$2y$12$hC48wxtonJ2IjISRnsLjH.vZaxGY1VjeIj15zm1/GxdZ/kI6f49JG', '1536', 'images/67be120770896.png', NULL, '2025-03-05 09:03:49', '2025-03-05 09:03:49', 'active', '4', 71, 'Welcome@123', 1),
(1115, 129, 'Elie Azzi', 'elie96@outlook.com', NULL, '$2y$12$vO0/HI.HdsCKhZgTf3GulOIP7dPTAB4/..UaLqn8QUqmKMut3ijsq', '2618', 'images\\Elie Azzi.png', NULL, '2025-03-05 09:03:49', '2025-03-05 09:03:49', 'active', '4', 72, 'Welcome@123', 1),
(1116, 130, 'Anthony Ibrahim', 'anthonyibrahim255@gmail.com', NULL, '$2y$12$g1u1zohp7on7AnP7wWNAkuDocVwlBPpffoazyzZUp5uYNheqzjBAW', '1803', 'images\\Anthony Ibrahim.png', NULL, '2025-03-05 09:03:49', '2025-03-05 09:03:49', 'active', '4', 72, 'Welcome@123', 1),
(1117, 131, 'Ahmad Manasfi', 'amanasfe@hotmail.com', NULL, '$2y$12$O8b0GTjBBMu5Yx8JSS23sO1VAj8s43RqRz2nKQFd7gno0gs4ylUf6', '1602', 'images\\Ahmad Manasfi.png', NULL, '2025-03-05 09:03:49', '2025-03-05 09:03:49', 'active', '20', 46, 'Welcome@123', 1),
(1118, 132, 'Ahmad Noutsi', 'no-email-132@example.com', NULL, '$2y$12$rgRFE4aDIk8OhHVbXrGsZu5G.lS7Ww1f13XEX8IVqNHMGw0Le9PoK', '137', 'images\\ahmad noutsi.png', NULL, '2025-03-05 09:03:49', '2025-03-05 09:03:49', 'active', '1', 46, 'Welcome@123', 1),
(1119, 133, 'Tony Khashan', 'tonykhachan@hotmail.com', NULL, '$2y$12$Je8jGS4gEYs.3tq4oMQfROGxiTUpRywVKQlAWsTk.WGtUklkE7AZ.', '2643', 'images\\tony khashan.png', NULL, '2025-03-05 09:03:50', '2025-03-05 09:03:50', 'active', '20', 18, 'Welcome@123', 1),
(1120, 134, 'Mohamad Jalal Al Hajj', 'mhdalhajj@hotmail.com', NULL, '$2y$12$/7sMESBEoJj6rvb.3qJVrOqHVVcNavSeoz4Q0Yox6AedA4GQtbq12', '1691', 'images/67be118faae33.png', NULL, '2025-03-05 09:03:50', '2025-03-05 09:03:50', 'active', '3', 18, 'Welcome@123', 1),
(1121, 135, 'Noaman Dabbous', 'noamand@outlook.com', NULL, '$2y$12$785EK.UqQHGipx/PHXk8DO2rr7wwkiqMpGkc.rx//QLqukgG0cf7i', '1802', 'images\\Noaman Dabbous.png', NULL, '2025-03-05 09:03:50', '2025-03-05 09:03:50', 'active', '20', 18, 'Welcome@123', 1),
(1122, 136, 'Fatima Al Kaaki', 'timakaaki@gmail.com', NULL, '$2y$12$EMw0UqMFGTPdgOG0Fa71DuCXujACmbdLB3iXmIbrH3q.67AkJDQBW', '2419', 'images\\Fatima Al Kaaki.png', NULL, '2025-03-05 09:03:50', '2025-03-05 09:03:50', 'active', '4', 18, 'Welcome@123', 1),
(1123, 137, 'Sarah Awad', 'awwadsarah.99@gmail.com', NULL, '$2y$12$YC7BkqY6b24PhwVfY7ev1epH6Q.J0VevJD09Uh4wqH38Fqo56IIdW', '2278', 'images\\Sarah Awad.png', NULL, '2025-03-05 09:03:50', '2025-03-05 09:03:50', 'active', '3', 18, 'Welcome@123', 1),
(1124, 138, 'Ali Ismail', 'ali_khodor_22@outlook.com', NULL, '$2y$12$rx9oZgCaLyGLYmvRKljfyuFXa7VL1r/oKCHFfrugM/klwXvs8wQRO', '2772', 'images\\Ali Ismail.png', NULL, '2025-03-05 09:03:50', '2025-03-05 09:03:50', 'active', '1', 18, 'Welcome@123', 1),
(1125, 139, 'Hady Kaddoura', 'hadyka17th81998@gmail.com', NULL, '$2y$12$6p6pidC93LV3hPngffQIOur6fkGkIqTgsnTHYlL3Acl/.covxouF2', '1634', 'images\\Hady Kaddoura.png', NULL, '2025-03-05 09:03:50', '2025-03-05 09:03:50', 'active', '7', 18, 'Welcome@123', 1),
(1126, 140, 'Rony Nasr', 'ronynasr8@icloud.com', NULL, '$2y$12$5KgYlfdhmwv8J6W82fUOvuKXWYtGU0zExpSMc0Y59FP/K.hXRFNCa', '2462', 'images\\Rony Nasr.png', NULL, '2025-03-05 09:03:51', '2025-03-05 09:03:51', 'active', '4', 18, 'Welcome@123', 1),
(1127, 141, 'Adnan Berjawi', 'adnan.berjawi.y@live.com', NULL, '$2y$12$Poxub7lP3GGD9HphoJ2LvOavEBt971X9PY0BLeTr8yCj3pTQ3Ag5K', '1342', 'images\\adnan berjawi.png', NULL, '2025-03-05 09:03:51', '2025-03-05 09:03:51', 'active', '1', 18, 'Welcome@123', 1),
(1128, 142, 'Faysal Jaroudi', 'Jaroudifaysal16@gmail.com', NULL, '$2y$12$cwNwNJvlC3Cq52EcMarqSev3ni.C8h2AXz1gc3eqVXJf0//Unlu1O', '1396', 'images\\Faysal Jaroudi.png', NULL, '2025-03-05 09:03:51', '2025-03-05 09:03:51', 'active', '20', 68, 'Welcome@123', 1),
(1129, 143, 'Mohamad Khaywe', 'moe.khaywe@gmail.com', NULL, '$2y$12$oqvmFZsNmLVLAfUnQ6HKYuzXHD5TuzcTWWOoYykKt9pG2YNx2Vwtq', '1749', 'images\\Mohamad Khaywe.png', NULL, '2025-03-05 09:03:51', '2025-03-05 09:03:51', 'active', '3', 68, 'Welcome@123', 1),
(1130, 144, 'Sami Sinno', 'samisinno@icloud.com', NULL, '$2y$12$ie.rB6vJRvcABko7567chu0WlHK/Q5Xt61yXAeT2AajgypUhY3w4a', '1850', 'images\\Sami Sinno.png', NULL, '2025-03-05 09:03:51', '2025-03-05 09:03:51', 'active', '20', 68, 'Welcome@123', 1),
(1131, 145, 'Omar Kassar', 'omar.kassar10@icloud.com', NULL, '$2y$12$R2FO5LwWXAatbHpxHKqEW.NdGxQhoJgMIntzzTtlp1YApagjNu/PW', '1484', 'images\\Omar Kassar.png', NULL, '2025-03-05 09:03:51', '2025-03-05 09:03:51', 'active', '1', 68, 'Welcome@123', 1),
(1132, 146, 'Kassem Akil', 'kassemakil2@gmail.com', NULL, '$2y$12$2YDXc8vxT3wXPP9i9Tx2TeGvfp5ZpHm0lAZDNHtCvYdifeGwKuMK2', '2734', 'images\\Kassem Akil.png', NULL, '2025-03-05 09:03:52', '2025-03-05 09:03:52', 'active', '3', 68, 'Welcome@123', 1),
(1133, 147, 'Rafic Khoury', 'rafickhoury3@gmail.com', NULL, '$2y$12$hY/MjwHokQDfNscblPSwPuDRQxDuO8P8POgvmHviKVXLJWGtq2LD2', '565', 'images\\rafic khoury.png', NULL, '2025-03-05 09:03:52', '2025-03-05 09:03:52', 'active', '20', 73, 'Welcome@123', 1),
(1134, 148, 'Naji Deeb', 'naji.dib@gmail.com', NULL, '$2y$12$JhiciLeweDIB.5WZCZH.bOYbymUngcUk0rCcnsoDMxpRza1qSgntO', '944', 'images\\naji deeb.png', NULL, '2025-03-05 09:03:52', '2025-03-05 09:03:52', 'active', '20', 73, 'Welcome@123', 1),
(1135, 149, 'Rasha Faysal', 'no-email-149@example.com', NULL, '$2y$12$aA6HwdkJXyd7WiC83B6SIun4BJF0swaMDIvviVLS2cLwV8dlMFFgq', '1123', 'images\\rasha faysal.png', NULL, '2025-03-05 09:03:52', '2025-03-05 09:03:52', 'active', '20', 73, 'Welcome@123', 1),
(1136, 150, 'Mahmoud Imam', 'no-email-150@example.com', NULL, '$2y$12$eV9dNHsib9bbTTG7zmNh/uhIuMQ3CIgT2mtCyHkJgWj5yg17gABQO', '255', 'images\\mahmoud imam.png', NULL, '2025-03-05 09:03:52', '2025-03-05 09:03:52', 'active', '20', 73, 'Welcome@123', 1),
(1137, 151, 'Dalia Mayassi', 'Dmayassi@gmail.com', NULL, '$2y$12$LRkwB7m5MkjSWWcIVzcy5uhTCKOXeY37/SJjYqW5nuY4pKK4s9eu2', '1596', 'images\\dalia mayassi.png', NULL, '2025-03-05 09:03:52', '2025-03-05 09:03:52', 'active', '20', 73, 'Welcome@123', 1),
(1138, 152, 'Nisrine Issrawi', 'no-email-152@example.com', NULL, '$2y$12$Rgar7oiAAmoz2AIwndjh3.AegxkezYKV5obWV2gDDoy/aU/otkxB6', '199', 'images\\nisrine issrawi.png', NULL, '2025-03-05 09:03:53', '2025-03-05 09:03:53', 'active', '20', 73, 'Welcome@123', 1),
(1139, 153, 'Ousama Malaeb', 'Oussim@gmail.com', NULL, '$2y$12$V3Cel9/LkuEULChnhYMXJ.Kx4/MGZ/OYLn1hLt6tUvMZZkaLiy8vO', '200', 'images\\ousama malaeb.png', NULL, '2025-03-05 09:03:53', '2025-03-05 09:03:53', 'active', '20', 73, 'Welcome@123', 1),
(1140, 154, 'Dania Ibrahim', 'Daniaibrahim2234@gmail.com', NULL, '$2y$12$7ocWhxXcx8QfauSxtJFIouzaVH0wg3UH91MJa4cO4dsuamxW.vspO', '197', 'images\\dania ibrahim.png', NULL, '2025-03-05 09:03:53', '2025-03-05 09:03:53', 'active', '20', 73, 'Welcome@123', 1),
(1141, 155, 'Lilian Zebian', 'laloush1@outlook.com', NULL, '$2y$12$LFU208B5NZrWKJZAto.LOOVpuLDwmlT24j4RAtd9o5gL0abf1/.rO', '2446', 'images\\lilian zebian.png', NULL, '2025-03-05 09:03:53', '2025-03-05 09:03:53', 'active', '20', 73, 'Welcome@123', 1),
(1142, 156, 'Zahra Al Oud', 'Zahra.daroub@gmail.com', NULL, '$2y$12$WGfqCOKKtSX655RSvT75EOf7vmYioaqkjWUj0efhpYeP01PyqWyT2', '178', 'images\\zahra al oud.png', NULL, '2025-03-05 09:03:53', '2025-03-05 09:03:53', 'active', '20', 73, 'Welcome@123', 1),
(1143, 157, 'Shadi Farhat', 'shadifarhat01@gmail.com', NULL, '$2y$12$5AT9kUM.4NNB6mFXTvkGAOR31tCiZS8ZjNGVhZOBEh.BfjlqZN8Qu', '1733', 'images/67bed6404df36.jpg', NULL, '2025-03-05 09:03:53', '2025-03-06 09:31:47', 'inactive', '20', 73, 'Welcome@123', 1),
(1144, 158, 'Ziad Saad', 'Ziadsaad_78@hotmail.com', NULL, '$2y$12$EZB1y0JGbmuSVXkbQVUUheY0Lee5jZR7nrgFTd/asmGHRtplkmKRy', '684', 'images\\ziad saad.png', NULL, '2025-03-05 09:03:53', '2025-03-05 09:03:53', 'active', '20', 73, 'Welcome@123', 1),
(1145, 159, 'Iman Hamdan', 'no-email-159@example.com', NULL, '$2y$12$R9SFEGxDT5PdCIgGhGqU2eWGEcQIbFbf3woBxgkpH8mFJcm/4bU22', '1493', 'images\\iman hamdan.png', NULL, '2025-03-05 09:03:54', '2025-03-05 09:03:54', 'active', '20', 73, 'Welcome@123', 1),
(1146, 160, 'Ali Yassin', 'aliyassin81@gmail.com', NULL, '$2y$12$QvV01fP7685jkI7eDrsHaO0zfMGhE..RiI2YX/XROwCgYI9iPwvQm', '318', 'images\\ali yassin.png', NULL, '2025-03-05 09:03:54', '2025-03-05 09:03:54', 'active', '20', 73, 'Welcome@123', 1),
(1147, 161, 'Norma Said', 'normasaiid28@gmail.com', NULL, '$2y$12$An5CNInmwkzHBO9AEnSn1etUZ81iYrnhLCU9BK3W2piaxmsvlLKgq', '466', 'images\\norma said.png', NULL, '2025-03-05 09:03:54', '2025-03-05 09:03:54', 'active', '20', 73, 'Welcome@123', 1),
(1148, 162, 'Sylvia Baaklini', 'Silviabaaklini@yahoo.com', NULL, '$2y$12$06kSG0Lhp3F0hNcDSV/rlOqfSLSwt7MlrOrvmynv23WgNW8kNrWaK', '872', 'images\\sylvia baaklini.png', NULL, '2025-03-05 09:03:54', '2025-03-05 09:03:54', 'active', '20', 73, 'Welcome@123', 1),
(1149, 163, 'Ghassan Akkawi', 'no-email-163@example.com', NULL, '$2y$12$KphqBDYlmfksb7EOCShqtuErvNi5OwmeYLUZvgK3AygS3hF8t1wHu', '134', 'images\\ghassan akkawi.png', NULL, '2025-03-05 09:03:54', '2025-03-05 09:03:54', 'active', '20', 73, 'Welcome@123', 1),
(1150, 164, 'Rabih Ghazal', 'Rabie.ghazal@yahoo.com', NULL, '$2y$12$iI7Frux8W/ke2NbminDhGuJ1xiBvv3lkwm/np.a.Vd7JJlkwSU11u', '2595', 'images\\rabih ghazal.png', NULL, '2025-03-05 09:03:54', '2025-03-05 09:03:54', 'active', '20', 73, 'Welcome@123', 1),
(1151, 165, 'Kifah Ghannam', 'kifah.ghannam@hotmail.com', NULL, '$2y$12$vQ6SBZstUkO0a6b.D/rhteHUQNujkVhMbWt50/UEzOyGWnM7Ocjt.', '2699', 'images\\kifah ghannam.png', NULL, '2025-03-05 09:03:55', '2025-03-05 09:03:55', 'active', '20', 73, 'Welcome@123', 1),
(1152, 166, 'Mohamad Saleh', 'Mhdsaleh7@gmail.com', NULL, '$2y$12$pi6O5k7s2V1weYKadMskcOGOhhVrxN7AIkicHA0cwnEGu9JZdRj/a', '1145', 'images/67be120cdb51e.png', NULL, '2025-03-05 09:03:55', '2025-03-05 09:03:55', 'active', '20', 73, 'Welcome@123', 1),
(1153, 167, 'Ziad Kalaji', 'Ziadmaliks@gmail.com', NULL, '$2y$12$wluI/vFcj9Q7KsQ0IDVPDu1aDmsOS0t9RVuzXsfOXNBcC2mW77mmy', '1977', 'images\\Ziad Kalaji.png', NULL, '2025-03-05 09:03:55', '2025-03-05 09:03:55', 'active', '20', 73, 'Welcome@123', 1),
(1154, 168, 'Wael Ahmadieh', 'wael.ahmadieh1986@gmail.com', NULL, '$2y$12$/A..qiBH2Kppln77X62nSOsscaMyKh3eu/EfvUk77i8OK/h6eWLDy', '1248', 'images\\wael ahmadieh.png', NULL, '2025-03-05 09:03:55', '2025-03-05 09:03:55', 'active', '20', 73, 'Welcome@123', 1),
(1155, 169, 'Tarek Badawi', 'Tarek-Badawi@hotmail.com', NULL, '$2y$12$g5cYXf8Tn5eh.kSGwkPsYO3bLvHLINhNSpC1ewWGXTNnOuESrfOni', '2598', 'images\\Tarek Badawi.png', NULL, '2025-03-05 09:03:55', '2025-03-05 09:03:55', 'active', '2', 73, 'Welcome@123', 1),
(1156, 170, 'Riad Labban', 'no-email-170@example.com', NULL, '$2y$12$VqaCGrRdTUf0vqNxEF/7De7AXU428rHJOlliCtUZj6KNtDgnBhJQO', '256', 'images\\riad labban.png', NULL, '2025-03-05 09:03:55', '2025-03-05 09:03:55', 'active', '9', 73, 'Welcome@123', 1),
(1157, 171, 'Nihal Farchoukh', 'no-email-171@example.com', NULL, '$2y$12$VCsQu6zzct/MA8FtdcWgLOWdl1XP6sF.7teEGtDZZAPtbuIHNGeAW', '2119', 'images\\nihal farchoukh.png', NULL, '2025-03-05 09:03:56', '2025-03-05 09:03:56', 'active', '20', 73, 'Welcome@123', 1),
(1158, 172, 'Silva Trayji', 'no-email-172@example.com', NULL, '$2y$12$gd9dx9Vx3JCVVlYLO/dGxuaSlbNq//Lv/6WOD9ae8c79fssmgSa1O', '2852', 'images\\silva trayji.png', NULL, '2025-03-05 09:03:56', '2025-03-06 09:34:19', 'active', '9', 73, 'Welcome@123', 0),
(1159, 173, 'Ousama Hoboubaty', 'no-email-173@example.com', NULL, '$2y$12$e1scoQYiUMYILDrmJw.2CeFP6TCgVZCUIOvUVnH7wS/VHZrforwX6', '309', 'images\\ousama hoboubaty.png', NULL, '2025-03-05 09:03:56', '2025-03-05 09:03:56', 'active', '12', 73, 'Welcome@123', 1),
(1160, 174, 'Mohamad Khatib', 'no-email-174@example.com', NULL, '$2y$12$3cfEot/yvGf159eXTTuIB.sGrrXfwh1tojUtzIwE/ZlJndptH2Vsi', '1064', 'images/67be1212d4b27.png', NULL, '2025-03-05 09:03:56', '2025-03-05 09:03:56', 'active', '12', 73, 'Welcome@123', 1),
(1161, 175, 'Noura Slim', 'noura-sleem1@hotmail.com', NULL, '$2y$12$dlhclpQIfVNxnGVCf1CCJeTDIZo.lulXW.Pz.GZGYTOVG6VNCGaLG', '2317', 'images\\noura slim.png', NULL, '2025-03-05 09:03:56', '2025-03-05 09:03:56', 'active', '9', 73, 'Welcome@123', 1),
(1162, 176, 'Hiba Farchoukh', 'Farchoukhhiba@gmail.com', NULL, '$2y$12$.Rlp8M2jEKpJtexR78z3KueKCRMQHAc9RrdjFJnCBIf6HlZSTdiJ6', '2555', 'images\\hiba farchoukh.png', NULL, '2025-03-05 09:03:56', '2025-03-05 09:03:56', 'active', '20', 73, 'Welcome@123', 1),
(1163, 177, 'Salman Ghraizi', 'salmanghraizi-22@hotmail.com', NULL, '$2y$12$ybmYIjxmxoP6mKCnROzAMeNesO7M0U5G400DQJSBJIbqyLAn94DRC', '2697', 'images\\salman ghraizi.png', NULL, '2025-03-05 09:03:56', '2025-03-05 09:03:56', 'active', '9', 73, 'Welcome@123', 1),
(1164, 178, 'Elian Chaker', 'chakereliane@gmail.com', NULL, '$2y$12$Sf/MttedYyMrk5pOHURK3.YCj1De4mmhCsHzJ3z8LczXhxS4qv9pe', '2216', 'images\\elian chaker.png', NULL, '2025-03-05 09:03:57', '2025-03-05 09:03:57', 'active', '9', 73, 'Welcome@123', 1),
(1165, 179, 'Nancy Bou Saab', 'nanctabisaab@yahoo.com ', NULL, '$2y$12$NGE79fddIOG.I.bPQCthvOHu0ZwuDbh91fLW3HDFRESg.4hLc0FIu', '2806', 'images\\nancy bou saab.png', NULL, '2025-03-05 09:03:57', '2025-03-05 09:03:57', 'active', '9', 73, 'Welcome@123', 1),
(1166, 180, 'Aya Malaeb', 'aya_malaeb@hotmail.com', NULL, '$2y$12$p8gxDm4IxK7lcacGNUt7z.DcPELdkudIMM/xL22Zhf25OYlwSwljW', '2301', 'images\\aya malaeb.png', NULL, '2025-03-05 09:03:57', '2025-03-05 09:03:57', 'active', '9', 73, 'Welcome@123', 1),
(1167, 181, 'Diana Aridi', 'dianasir225@gmail.com', NULL, '$2y$12$lZDnmWaNzQ7sMYu044AIFearngsp.w2SWpIxHyLqWz2TzbwFGdcvC', '1880', 'images\\Diana Aridi.png', NULL, '2025-03-05 09:03:57', '2025-03-05 09:03:57', 'active', '9', 73, 'Welcome@123', 1),
(1168, 182, 'Hanin Zahwi', 'hanine.zahwe@gmail.com ', NULL, '$2y$12$4TXRYrU7dDKB8DD69Iu4JuHcshRnH6dexaBFJN9/puNF.86/ZScQO', '2797', 'images\\hanin zahwi.png', NULL, '2025-03-05 09:03:57', '2025-03-05 09:03:57', 'active', '9', 73, 'Welcome@123', 1),
(1169, 183, 'Ghina Awkal', 'awkal.ghina25@gmail.com', NULL, '$2y$12$RqomczKd0kvlz8YwKKLbJ.LQeLQop2iUbVaEnmrblHk5lH2DoxN5O', '2742', 'images\\ghina awkal.png', NULL, '2025-03-05 09:03:57', '2025-03-05 09:03:57', 'active', '9', 73, 'Welcome@123', 1),
(1170, 184, 'Sirrine Hamoud', 'sirinhammoud8@gmail.com', NULL, '$2y$12$E0tceFkXk9F1M.TMK9UNm.fPNJFc0DvTOqRwycXbRblNekTvEPP0S', '1294', 'images\\Default.jpg', NULL, '2025-03-05 09:03:58', '2025-03-05 09:03:58', 'active', '3', 73, 'Welcome@123', 1),
(1171, 185, 'Wael Khalil', 'khalil_212@hotmail.com', NULL, '$2y$12$WAyRNn7voZkIhaiBPX2g8O/c/m08xaenyRdRIPa9piwyTzvz8buIW', '2114', 'images\\wael khalil.png', NULL, '2025-03-05 09:03:58', '2025-03-05 09:03:58', 'active', '8', 73, 'Welcome@123', 1),
(1172, 186, 'Hassan Ramadan', 'fox-hr-1992@hotmail.com', NULL, '$2y$12$v801mahM8oGSK5OWa58SEecW3sh9LXeij.IwsrOSRz1KTQlpsYprG', '2148', 'images\\hassan ramadan.png', NULL, '2025-03-05 09:03:58', '2025-03-05 09:03:58', 'active', '12', 73, 'Welcome@123', 1),
(1173, 187, 'Samir  Iskandarani', 'no-email-187@example.com', NULL, '$2y$12$SGem9Q0z7ZmG5b5fLz5OiOu/Q4emSvM3TLK77yRZBum4Uc85Q0LRm', '1997', 'images\\Samir  Iskandarani.png', NULL, '2025-03-05 09:03:58', '2025-03-05 09:03:58', 'active', '8', 73, 'Welcome@123', 1),
(1174, 188, 'Said Bassiri', 'baassirisaeed@gmail.com', NULL, '$2y$12$o1LdpOgqcttSNLXPF4fmgOmJJtivQ8Yj4q3zsGqTp7D/hGIIMUTkC', '1873', 'images/67be121c32b48.png', NULL, '2025-03-05 09:03:58', '2025-03-05 09:03:58', 'active', '9', 73, 'Welcome@123', 1),
(1175, 189, 'Shadi Bazzi', 'no-email-189@example.com', NULL, '$2y$12$WI5HIzErGic63cSxKZiebeBECB22qPlAGegYVgIuR1wMcf8Zz9atu', '1411', 'images/67be1217eb54f.png', NULL, '2025-03-05 09:03:58', '2025-03-05 09:03:58', 'active', '8', 73, 'Welcome@123', 1),
(1176, 190, 'Jessica Mghammes', 'jessicamaghamess@gmail.com', NULL, '$2y$12$sHJE1xnw/wEaYuSwRIR4au6vkDt.aP7WB6mdul4zxGRC.YiMoe8PO', '2401', 'images\\jessica mghammes.png', NULL, '2025-03-05 09:03:59', '2025-03-05 09:03:59', 'active', '20', 73, 'Welcome@123', 1),
(1177, 191, 'Raghid Mokbel', 'no-email-191@example.com', NULL, '$2y$12$zo6um0Y3cU01sLVTs1bzWuZHLnCel2Rbt5/R8cLwt34c2t73//4/e', '1887', 'images/67be1220d8eaf.png', NULL, '2025-03-05 09:03:59', '2025-03-05 09:03:59', 'active', '20', 73, 'Welcome@123', 1),
(1178, 192, 'Ismail Rajab', 'ismael.rajab05@gmail.com', NULL, '$2y$12$aOgbQTTMmSklsUrqElyLauGApINkJ1YSykJzDAlTJxu3VyndeBo.6', '2039', 'images/67be122b96307.png', NULL, '2025-03-05 09:03:59', '2025-03-05 09:03:59', 'active', '20', 73, 'Welcome@123', 1),
(1179, 193, 'Loulwa Khaddaj', 'loulwazaherkhaddaj@gmail.com', NULL, '$2y$12$yUfi0rWO2KTXDbmH3FwMTuwm129ohYyFsSpjLm/G9DhefUZsNrX6G', '2672', 'images/67be122671ed9.png', NULL, '2025-03-05 09:03:59', '2025-03-05 09:03:59', 'active', '9', 73, 'Welcome@123', 1),
(1180, 194, 'Nashaat Awwad', 'nashaat.awwad21@gmail.com', NULL, '$2y$12$CFn4NSKF9uKnQKqi3kyuOOsDx3H2JvsmCHHI5bnrSc/b6Nn4LyqLa', '2725', 'images\\Nashaat Awwad.png', NULL, '2025-03-05 09:03:59', '2025-03-05 09:03:59', 'active', '9', 73, 'Welcome@123', 1),
(1181, 195, 'Mona Karaki', 'no-email-195@example.com', NULL, '$2y$12$VTJkuowcVoDkl8rqVa4u/O3IarAuJnTLGX/6nuAsKB4B5bn5Hb6VK', '1789', 'images\\mona karaki.png', NULL, '2025-03-05 09:03:59', '2025-03-05 09:03:59', 'active', '9', 73, 'Welcome@123', 1),
(1182, 196, 'Bilal Rawas', 'no-email-196@example.com', NULL, '$2y$12$aKzOD6VsN2/WK6Xi0/QveOTMJy08N7AJ1c.W.KdBmQw77SwObp9du', '1847', 'images\\bilal rawas.png', NULL, '2025-03-05 09:04:00', '2025-03-05 09:04:00', 'active', '8', 73, 'Welcome@123', 1),
(1183, 197, 'Saeed Al Jawhary', 'saeed.jawhary99@gmail.com', NULL, '$2y$12$whjYw45NOq7dHZoR.R/ws.5Y4LdgubPHCcNpaJwgNC7.LM/lYabCa', '2280', 'images\\Saeed Al Jawhary.png', NULL, '2025-03-05 09:04:00', '2025-03-05 09:04:00', 'active', '9', 73, 'Welcome@123', 1),
(1184, 198, 'Ziad Yamout', 'ziadyamout159@gmail.com', NULL, '$2y$12$c0kwqgHY3K7jg5N2WHil9e5S1zZkOrtYT25k6iBZIznybzgYvKf2.', '1607', 'images\\ziad yamout.png', NULL, '2025-03-05 09:04:00', '2025-03-05 09:04:00', 'active', '9', 73, 'Welcome@123', 1),
(1185, 199, 'Mostapha Ibrahim', 'mostafa_ibrahim111@outlook.com', NULL, '$2y$12$FT6mntK.KPiEKRn4Is6tbOwzxKJX5QEfd6jEx7knxLLCj2p.NGgnW', '1275', 'images\\Mostapha Ibrahim.png', NULL, '2025-03-05 09:04:00', '2025-03-05 09:04:00', 'active', '9', 73, 'Welcome@123', 1),
(1186, 200, 'Yasser Kharaz', 'no-email-200@example.com', NULL, '$2y$12$QXRRfC5vZs4w3RWj1cudgeaeTu5ACtvzfA6MJciqY98Z76cE881r2', '2529', 'images\\yasser kharaz.png', NULL, '2025-03-05 09:04:00', '2025-03-05 09:04:00', 'active', '8', 73, 'Welcome@123', 1),
(1187, 201, 'Charbel Bowairy', 'charbeleliasboueri@gmail.com', NULL, '$2y$12$SL2sSVM/mUru0ZHTxwhivea4lOmSGbwnaK1TaN929DxKlFk/T0O9m', '723', 'images\\Charbel Bowairy.png', NULL, '2025-03-05 09:04:00', '2025-03-05 09:04:00', 'active', '20', 34, 'Welcome@123', 1),
(1188, 202, 'Abdul Rahman Zoghbi', 'aboudizohbi184@gmail.com', NULL, '$2y$12$HR4FV7ND2oYcptYX/KZI.O6yXJLy0aBIYBQd/MWZoX4PDwFsV4xum', '1329', 'images\\Abdul Rahman Zoghbi.png', NULL, '2025-03-05 09:04:01', '2025-03-05 09:04:01', 'active', '3', 34, 'Welcome@123', 1),
(1189, 203, 'Lilian Habib', 'no-email-203@example.com', NULL, '$2y$12$HI3CWK5.XpEClPcAezl0AumG/49LWhJv6K609oV19mx3Eawp.afPi', '625', 'images\\Lilian Habib.png', NULL, '2025-03-05 09:04:01', '2025-03-05 09:04:01', 'active', '1', 34, 'Welcome@123', 1),
(1190, 204, 'Walaa Ibrahim', 'no-email-204@example.com', NULL, '$2y$12$pRf5ddPa9fago5hh3kAZXey1wM0h6c9tV6.jEibGgBDh5uZMVQirm', '1108', 'images\\walaa ibrahim.png', NULL, '2025-03-05 09:04:01', '2025-03-05 09:04:01', 'active', '20', 34, 'Welcome@123', 1),
(1191, 205, 'Anthony Mouaness', 'anthonymouanes@gmail.com', NULL, '$2y$12$1CCkSYrhPsml3/Am4UdRO.yE3hajyqryeXsAihw0UkGzu0ONePNRa', '1327', 'images\\Anthony Mouaness.png', NULL, '2025-03-05 09:04:01', '2025-03-05 09:04:01', 'active', '4', 34, 'Welcome@123', 1),
(1192, 206, 'Mayssa Nader', 'mayssanadeher@gmail.com', NULL, '$2y$12$y8ohzapeopEldhc8DidJ7esYs86aQQtSPum9mNxC1oiIdE7aZ4//a', '2850', 'images\\Mayssa Nader.png', NULL, '2025-03-05 09:04:01', '2025-03-05 09:04:01', 'active', '7', 34, 'Welcome@123', 1),
(1193, 207, 'Zakhia Kamel', 'Zakhiakamel8991@gmail.com ', NULL, '$2y$12$teIbpSQV.1BzVc1c9ZC3UuUN3W9sfAdHoedvQZUBm8pZOko8bpl1.', '2839', 'images\\zakhia kamel.png', NULL, '2025-03-05 09:04:01', '2025-03-05 09:04:01', 'active', '1', 34, 'Welcome@123', 1),
(1194, 208, 'Geraldo Badawi', 'geraldobadawi2@gmail.com', NULL, '$2y$12$SztQ8ppsq/kb1Up4eeWfcuk9C2lr1xfK/XMa4jVzzYy2gZ64u1zza', '2692', 'images\\Geraldo Badawi.png', NULL, '2025-03-05 09:04:02', '2025-03-05 09:04:02', 'active', '7', 34, 'Welcome@123', 1),
(1195, 209, 'Hady Lakiss', 'lakisshady@gmail.com', NULL, '$2y$12$/BIftBT/zTckFcfjztgKGOhOecjeoDcPv6.NZ3ssDMoSF3Ikl26ZK', '1122', 'images\\Hady Lakiss.png', NULL, '2025-03-05 09:04:02', '2025-03-05 09:04:02', 'active', '3', 34, 'Welcome@123', 1),
(1196, 210, 'Rhea Atallah', 'rheaatallah@gmail.com', NULL, '$2y$12$fHyaRGyjLXMjxI91i0GNKe4zkg2BgGxL4A8zq1MDP3akMF7LUlKEu', '2600', 'images\\Rhea Atallah.png', NULL, '2025-03-05 09:04:02', '2025-03-05 09:04:02', 'active', '4', 34, 'Welcome@123', 1),
(1197, 211, 'Jawad Ahmad', 'no-email-211@example.com', NULL, '$2y$12$QDmqsnUlT.1CEqLJcbccU.vGSB4aQnifGaZIfRal0EPcccQPePzVi', '1205', 'images\\Jawad Ahmad.png', NULL, '2025-03-05 09:04:02', '2025-03-05 09:04:02', 'active', '1', 34, 'Welcome@123', 1),
(1198, 212, 'Maysaa Mahmoud', 'no-email-212@example.com', NULL, '$2y$12$6HdoSno1pv9QQpWW6ZTfyOt2lk.Tj/Qok./sCUUbQnpTDVXlWTQ0O', '968', 'images\\Maysaa Mahmoud.png', NULL, '2025-03-05 09:04:02', '2025-03-05 09:04:02', 'active', '20', 36, 'Welcome@123', 1),
(1199, 213, 'Nizar Hazim', 'hazimxhazim@gmail.com', NULL, '$2y$12$zHLJ5KkwfQxA8nYqlYeE4.9cE8jc5lqHHSKZnEVTKso4No2m.qVlS', '1288', 'images\\Nizar Hazim.png', NULL, '2025-03-05 09:04:02', '2025-03-05 09:04:02', 'active', '3', 36, 'Welcome@123', 1),
(1200, 214, 'Elie Saliba', 'elie5807@gmail.com', NULL, '$2y$12$7QZy/S49ROi.V8p2URYW1OdV2C3HENp7BkojgD3igWOS1lbWJlaYq', '2275', 'images/67be11cc437b9.png', NULL, '2025-03-05 09:04:02', '2025-03-05 09:04:02', 'active', '3', 36, 'Welcome@123', 1),
(1201, 215, 'Perla Khoury', 'perla.khoury54@gmail.com', NULL, '$2y$12$xCD8FZm/.9smHXZSBI989.kFipSwJiuXX1As2O7TTs3C3xhk.RFVy', '2569', 'images\\Perla Khoury.png', NULL, '2025-03-05 09:04:03', '2025-03-05 09:04:03', 'active', '7', 36, 'Welcome@123', 1),
(1202, 216, 'Joe Chami', 'joechami8@gmail.com', NULL, '$2y$12$MNKPOQC4.W9/djZGjueBiegDz7MOUpYlH82sZS1sDPn7lL4n5zwzu', '1610', 'images\\Joe Chami.png', NULL, '2025-03-05 09:04:03', '2025-03-05 09:04:03', 'active', '4', 36, 'Welcome@123', 1),
(1203, 217, 'Fouad Bou Kassem', 'fouadboukassem@gmail.com', NULL, '$2y$12$wjjqIMe8ZMZg3WuD5KjK2ewy.mHQEEnTTXd1i34kEc1hJt8uGEWAC', '2205', 'images\\Fouad Bou Kassem.png', NULL, '2025-03-05 09:04:03', '2025-03-05 09:04:03', 'active', '1', 36, 'Welcome@123', 1),
(1204, 218, 'Elissa Makhlouf', 'elissamakhlouf12@gmail.com', NULL, '$2y$12$eGtKy6TXjBeFrtNDZPrdEetT8GkKoVdBdKfFf1Gpqt51Z7a8YydhK', '2262', 'images\\Elissa Makhlouf.png', NULL, '2025-03-05 09:04:03', '2025-03-05 09:04:03', 'active', '7', 36, 'Welcome@123', 1),
(1205, 219, 'Elie Nacouzi', 'eliegamingnacouzi@gmail.com', NULL, '$2y$12$JVFmUp8qApq960YsLEhM8uNvqIRCwonjvDpYDw5VsHSITcAYeFFX6', '1354', 'images\\Elie Nacouzi.png', NULL, '2025-03-05 09:04:03', '2025-03-05 09:04:03', 'active', '1', 36, 'Welcome@123', 1),
(1206, 220, 'Jeannette Mouarkesh', 'Executive738@gmail.com', NULL, '$2y$12$gsRZIfWjilTkS0okC65SA.G9nNlRjjQY3wtRNppisO4Pxj78ar7QW', '156', 'images\\Jeannette Mouarkesh.png', NULL, '2025-03-05 09:04:03', '2025-03-05 09:04:03', 'active', '20', 25, 'Welcome@123', 1),
(1207, 221, 'Michel Daou', 'Mikedaou123@gmail.com', NULL, '$2y$12$0Pi8.hZwyFHa4M42u649gOAdpASw8xshN9B0FP.XGgJROu5twf4ha', '1518', 'images\\Michel Daou.png', NULL, '2025-03-05 09:04:04', '2025-03-05 09:04:04', 'active', '2', 25, 'Welcome@123', 1),
(1208, 222, 'Joy Ghassan', 'joya_1991@live.com', NULL, '$2y$12$hUYOB9n7PnLwHADBHoMR9eNY7Dpj/yKrB2P5eHz.yjyg9NngLs32i', '1879', 'images\\Joy Ghassan.png', NULL, '2025-03-05 09:04:04', '2025-03-05 09:04:04', 'active', '7', 25, 'Welcome@123', 1),
(1209, 223, 'Rackelle Semaan', 'semaanrackelle@gmail.com', NULL, '$2y$12$7JqFFBhx6F1RAlU0Hb.QvehxYOnmqX9vkREATIqF9qIqPiYqrKr7i', '1525', 'images\\Rackelle Semaan.png', NULL, '2025-03-05 09:04:04', '2025-03-05 09:04:04', 'active', '3', 25, 'Welcome@123', 1),
(1210, 224, 'Elie Bouery', 'elie.cars@hotmail.com', NULL, '$2y$12$5eRUIpm4dW4qPclVDHsaSONwhr5el8b/70y.3gpd9wAe9yx/fLx7y', '1154', 'images\\Elie Bouery.png', NULL, '2025-03-05 09:04:04', '2025-03-05 09:04:04', 'active', '1', 25, 'Welcome@123', 1),
(1211, 225, 'Sonia Hanna', 'sousy_12_12@hotmail.com', NULL, '$2y$12$NSc5I.KswslwsNny5Po9U.0yS6RzFWKzO0PMIBGMeswvw/PQW.YyW', '2608', 'images\\Sonia Hanna.png', NULL, '2025-03-05 09:04:04', '2025-03-05 09:04:04', 'active', '4', 25, 'Welcome@123', 1),
(1212, 226, 'Julien Jabbour', 'no-email-226@example.com', NULL, '$2y$12$KYvG1ERNwOO97w5O1N7B5e3/9vg6XnoECGRvIgj1G5impFSMGnWx6', '1226', 'images\\Julien Jabbour.png', NULL, '2025-03-05 09:04:04', '2025-03-05 09:04:04', 'active', '1', 25, 'Welcome@123', 1);
INSERT INTO `users` (`id`, `employee_id`, `name`, `email`, `email_verified_at`, `password`, `pin_code`, `image`, `remember_token`, `created_at`, `updated_at`, `status`, `job`, `branch_id`, `temp_pass`, `must_change_password`) VALUES
(1213, 227, 'Nour Hussien', 'husseinnour587@gmail.com', NULL, '$2y$12$.SW6OrM5n88IfvZ5toPP8..qo/ijlV38fr7mfg/lxCb/72geAkaY6', '1917', 'images\\Nour Hussien.png', NULL, '2025-03-05 09:04:05', '2025-03-05 09:04:05', 'active', '20', 74, 'Welcome@123', 1),
(1214, 228, 'Nancy Alameddine', 'nancyalameddine9@gmail.com', NULL, '$2y$12$zHRx6I2FCHK70jiEng.ccOh/jb92OFVJxjwrWCwo1sUd/MeU7bFCO', '1618', 'images\\nancy alameddine.png', NULL, '2025-03-05 09:04:05', '2025-03-05 09:04:05', 'active', '7', 74, 'Welcome@123', 1),
(1215, 229, 'Root Hallak', 'root.hallak@hotmail.com', NULL, '$2y$12$5AQ.hmQxroZ.3nNi9PiL8.OW5ltDmEEqMnz1lXyhOBTYVJGCYoz1q', '1958', 'images\\Root Hallak.png', NULL, '2025-03-05 09:04:05', '2025-03-05 09:04:05', 'active', '20', 74, 'Welcome@123', 1),
(1216, 230, 'Zeinab Mzanar', 'mzanarzeiinab@gmail.com', NULL, '$2y$12$ACl2q3joNmBpyk/U3ouUSe8ZWvo24l.BY9LQBCWDcR47SobcyhzF.', '1927', 'images\\Zeinab Mzanar.png', NULL, '2025-03-05 09:04:05', '2025-03-05 09:04:05', 'active', '7', 74, 'Welcome@123', 1),
(1217, 231, 'Samer Fakher', 'Samerfakher2@gmail.com ', NULL, '$2y$12$Ta0KJgC0Yky4xfmY5uF99u4JxMGY8yB1dWp1e6vl3iW0VZ9M6vjeO', '119', 'images\\samer fakher.png', NULL, '2025-03-05 09:04:05', '2025-03-05 09:04:05', 'active', '20', 27, 'Welcome@123', 1),
(1218, 232, 'Ghenwa Hamadeh', 'no-email-232@example.com', NULL, '$2y$12$RafvWzhiHlfY9Hd6jJzZseDhGXHhDKOYaALX0UEopQ5w.TRSp4Bdi', '1625', 'images\\Ghenwa Hamadeh.png', NULL, '2025-03-05 09:04:05', '2025-03-05 09:04:05', 'active', '4', 27, 'Welcome@123', 1),
(1219, 233, 'Hassan Anan', 'rayan.h512@gmail.com', NULL, '$2y$12$8PveXtzGM.j4iZ/mrAEtRO.0xPi.SLybOwdghrAPwVrw3JISamXma', '2463', 'images\\Hassan Anan.png', NULL, '2025-03-05 09:04:06', '2025-03-05 09:04:06', 'active', '3', 27, 'Welcome@123', 1),
(1220, 234, 'Sala Hassan', 'hsala@gmail.com', NULL, '$2y$12$CfMCpbvskZ/hJQebPXIdUeML67whwoiN04cvq1wS3amMs7q3QiDL.', '1425', 'images\\Sala Hassan.png', NULL, '2025-03-05 09:04:06', '2025-03-05 09:04:06', 'active', '7', 27, 'Welcome@123', 1),
(1221, 235, 'Mohamad Sherkawi', 'moe.sherkawi@gmail.com', NULL, '$2y$12$DvnHvGDAwrU6ojKzz.ytS.c6LMWoW2dJm/7bpsLsf1C/DRS9AUmHC', '1608', 'images\\Mohamad Sherkawi.png', NULL, '2025-03-05 09:04:06', '2025-03-05 09:04:06', 'active', '20', 24, 'Welcome@123', 1),
(1222, 236, 'Claude Haddad', 'claudehaddad14@gmail.com', NULL, '$2y$12$Ia2wfSNgz0rTPi.OWZRBpeJyQnuxt5GEBO8TAWu7gYKnELOHsviTO', '2669', 'images\\Claude Haddad.png', NULL, '2025-03-05 09:04:06', '2025-03-05 09:04:06', 'active', '7', 24, 'Welcome@123', 1),
(1223, 237, 'Stephanie Dakkash', 'stephanie.non@hotmail.com', NULL, '$2y$12$tL/aNv9yYe559TamOO7CpeOv4BAh8HYMfna1wi3PNZfDGhhFyJrlK', '1268', 'images\\stephanie dakkash.png', NULL, '2025-03-05 09:04:06', '2025-03-05 09:04:06', 'active', '4', 24, 'Welcome@123', 1),
(1224, 238, 'Hussein Abdalla', 'husseinabdallah98@outlook.com', NULL, '$2y$12$m.HkKm1e69W.5dvr3kIKruEkJQN7Cxd0pe.O9xtDF/Az.X58P.7O.', '1780', 'images\\Hussein Abdalla.png', NULL, '2025-03-05 09:04:06', '2025-03-05 09:04:06', 'active', '20', 24, 'Welcome@123', 1),
(1225, 239, 'Mohamad Ibrahim', 'mohammadibrahim74@gmail.com', NULL, '$2y$12$Uoa3nFZrVrJnBOF6JItsYehw25JUjTNXKRtV7WEa6nKmK4pR3LbRC', '2727', 'images\\Mohamad Ibrahim.png', NULL, '2025-03-05 09:04:07', '2025-03-05 09:04:07', 'active', '1', 24, 'Welcome@123', 1),
(1226, 240, 'Imane Wehbe', 'wehbeimane3@gmail.com', NULL, '$2y$12$0ZCwLajlY9NuDQtpVMfZkucBn0GDTr29LMAR4LQ5MkNzB65OHSHBq', '2305', 'images\\Imane Wehbe.png', NULL, '2025-03-05 09:04:07', '2025-03-05 09:04:07', 'active', '7', 24, 'Welcome@123', 1),
(1227, 241, 'Joseph El Hajj', 'josephhajj57@gmail.com', NULL, '$2y$12$oedpeucx65O2Ed5Fvx7dS.CesoDQL41BP.U.Vc5N.0CuYa6bc6Ly.', '2290', 'images\\Joseph El Hajj.png', NULL, '2025-03-05 09:04:07', '2025-03-05 09:04:07', 'active', '4', 24, 'Welcome@123', 1),
(1228, 242, 'Jean Pierre Hakim', 'jp.e.hakim@gmail.com', NULL, '$2y$12$zx/mNvGSi9z5l5hPrrv7n.SPgIWb8ViG5CdC2R.Jm14YrRLjJFDFu', '2258', 'images/67be12552d974.png', NULL, '2025-03-05 09:04:07', '2025-03-05 09:04:07', 'active', '1', 24, 'Welcome@123', 1),
(1229, 243, 'Maroun Habchy', 'marounhabchi123@gmail.com', NULL, '$2y$12$VxTjJ1/tqlWwSiQiqIDcfepYci7FdLXooTSQKyGDh6uGrbr57Fmi2', '1161', 'images\\Maroun Habchy.png', NULL, '2025-03-05 09:04:07', '2025-03-05 09:04:07', 'active', '6', 24, 'Welcome@123', 1),
(1230, 244, 'Melissa Bechara', 'melissabechara3@gmail.com', NULL, '$2y$12$TQhAutIRtN8FUCHGN4Eut.B/WLfgjsynbXN3IaJCL94C6n/hoCqF.', '1405', 'images\\Melissa Bechara.png', NULL, '2025-03-05 09:04:07', '2025-03-05 09:04:07', 'active', '4', 24, 'Welcome@123', 1),
(1231, 245, 'Hussein Zeitoun', 'hussein.olive@gmail.com', NULL, '$2y$12$Wd4bQzELzzID7giIASeGruKKwoinMkpagoI2tIz91v7alL6slZd6W', '1264', 'images/67be11faafd23.png', NULL, '2025-03-05 09:04:08', '2025-03-05 09:04:08', 'active', '20', 44, 'Welcome@123', 1),
(1232, 246, 'Ahmad Ramadan', 'ahmadramadan48@gmail.com', NULL, '$2y$12$BR0zCxQdX411KiEiqlBlf.vbQhBWuMwRYfFczxXQcaDjCFL59L35S', '2065', 'images\\Ahmad Ramadan.png', NULL, '2025-03-05 09:04:08', '2025-03-05 09:04:08', 'active', '3', 44, 'Welcome@123', 1),
(1233, 247, 'Nazik Khalifi', 'nazyk.khalifeh@outlook.com', NULL, '$2y$12$tPvq6ZDrKbSD/Xw9uoxqj.Muq7Yeh7md75GmwwNg1th17Y7Ej/gf.', '1707', 'images\\nazik khalifi.png', NULL, '2025-03-05 09:04:08', '2025-03-05 09:04:08', 'active', '20', 44, 'Welcome@123', 1),
(1234, 248, 'Mohamad Al Ess', 'no-email-248@example.com', NULL, '$2y$12$4fGLfoNVLxS47Tjz9LaPU.aH8cCStrOrBnr04z9gTRXhZJJoWqRbW', '1130', 'images\\Mohamad Al Ess.png', NULL, '2025-03-05 09:04:08', '2025-03-05 09:04:08', 'active', '20', 28, 'Welcome@123', 1),
(1235, 249, 'Marie Ange Maalouf', 'marieangemaalouf4@gmail.com', NULL, '$2y$12$hwQ1kMP676LJDdpJhAbTYOJQLsWn8/voxaZ38y0QRUc713x0t4V8S', '1855', 'images\\Marie Ange Maalouf.png', NULL, '2025-03-05 09:04:08', '2025-03-05 09:04:08', 'active', '20', 28, 'Welcome@123', 1),
(1236, 250, 'Esther Houbeika', 'hobeika.esther@gmail.com', NULL, '$2y$12$XnBIqRyGI8wL0JpD7r.t8Oybt3lsaipBVFxD/8e9FtrS2JHc7W0dq', '2825', 'images\\Esther Houbeika.png', NULL, '2025-03-05 09:04:09', '2025-03-05 09:04:09', 'active', '3', 28, 'Welcome@123', 1),
(1237, 251, 'Issa Faour', 'faour.010@gmail.com', NULL, '$2y$12$aXEtr2gjyc27FAPK7gETSOLllkhZS5nYc3r3oRmjMI0rkh2ajsJqe', '2191', 'images\\issa faour.png', NULL, '2025-03-05 09:04:09', '2025-03-05 09:04:09', 'active', '3', 28, 'Welcome@123', 1),
(1238, 252, 'Roland Khater', 'roland.khater89@gmail.com', NULL, '$2y$12$b/bDxzpr4ubfcMm5KDNypeLZxF.FOPqL9wQAyf5EBDN5oJF9VZd/e', '1837', 'images\\Roland Khater.png', NULL, '2025-03-05 09:04:09', '2025-03-05 09:04:09', 'active', '6', 28, 'Welcome@123', 1),
(1239, 253, 'Amani Madi', 'amanimadi04@gmail.com', NULL, '$2y$12$DWdLSjRTpyeY7wzQ84iQ2e4QnheBHowy88ZjTZiMi/vI/gjrDSQD.', '2484', 'images\\Amani Madi.png', NULL, '2025-03-05 09:04:09', '2025-03-05 09:04:09', 'active', '7', 28, 'Welcome@123', 1),
(1240, 254, 'Saadeh Al Aawar', 'awarsaade@gmail.com', NULL, '$2y$12$pTiPRmze36xVGDKWkGi2qOsQcosJ.M9Gd83qLN2aPJVeSh5i6oTne', '2861', 'images\\Saadeh Al Aawar.png', NULL, '2025-03-05 09:04:09', '2025-03-05 09:04:09', 'active', '1', 28, 'Welcome@123', 1),
(1241, 255, 'Joe Chaaya', 'joe.ch.28@hotmail.com', NULL, '$2y$12$xK1LrcCLuelIQSekP2iq4OoSHMr4yxrPgjDpkS6hcix5TfIqnLQGK', '1539', 'images\\Joe Chaaya.png', NULL, '2025-03-05 09:04:09', '2025-03-05 09:04:09', 'active', '3', 28, 'Welcome@123', 1),
(1242, 256, 'Reem Noueihed', 'reemmoueihed@outlook.com', NULL, '$2y$12$Aj3.ACx0hMtnQFVIU2c6f.Al/fR4tHRWNrOpn.kexoYMwuCSgKdbW', '1202', 'images/67be11a3c8c1a.png', NULL, '2025-03-05 09:04:10', '2025-03-05 09:04:10', 'active', '4', 28, 'Welcome@123', 1),
(1243, 257, 'Angie Bou Trad', 'angieboutrad@outlook.com', NULL, '$2y$12$7np4PHdsLNozrR4V72op2.aQniCpDaNwBKiZvrXCMMVFVWHb3KrEa', '1690', 'images\\Angie Bou Trad.png', NULL, '2025-03-05 09:04:10', '2025-03-05 09:04:10', 'active', '4', 28, 'Welcome@123', 1),
(1244, 258, 'Lynn Barakat', 'Lynnebarakat@gmail.com', NULL, '$2y$12$85jV49flLqp5SLqST4RbZ.wt8M3YHL9pcrYhhSJtPgfAjiOZeL2iG', '1361', 'images\\Lynn Barakat.png', NULL, '2025-03-05 09:04:10', '2025-03-05 09:04:10', 'active', '7', 28, 'Welcome@123', 1),
(1245, 259, 'Mohamad Kitmitto', 'Mhmad.Kit@gmail.com', NULL, '$2y$12$PtS1/5i4udDC1m0MJJlenuCepRPyLMQxg0/tV8PN3qdT8svUPvooW', '1434', 'images/67be11d76840c.png', NULL, '2025-03-05 09:04:10', '2025-03-05 09:04:10', 'active', '20', 33, 'Welcome@123', 1),
(1246, 260, 'Sabah Malaeb', 'sabah.malaeb106@hotmail.com', NULL, '$2y$12$R7EfhRT0a7DZsloJumFtjumeG..mi5bOorgMYfte9DFPF87lIJ3OS', '2587', 'images/67be11c605860.png', NULL, '2025-03-05 09:04:10', '2025-03-05 09:04:10', 'active', '2', 33, 'Welcome@123', 1),
(1247, 261, 'Wael Nassereddine', 'Waelnasereddine@gmail.com', NULL, '$2y$12$6eJIJh23BePGV4m6DxhExemYo.7isfyUtdyAwDtkTkfL.8OmtCAnW', '1878', 'images\\wael nassereddine.png', NULL, '2025-03-05 09:04:10', '2025-03-05 09:04:10', 'active', '4', 33, 'Welcome@123', 1),
(1248, 262, 'Maria Al Abou', 'mariaalabou@gmail.com', NULL, '$2y$12$/G9J3S6Gs7kF1qJ0zYqImOmrOIfbs6oNfqsXmT6fmea4wtxRkX9Fq', '2254', 'images\\Maria Al Abou.png', NULL, '2025-03-05 09:04:11', '2025-03-05 09:04:11', 'active', '20', 33, 'Welcome@123', 1),
(1249, 263, 'Rami Noureddine', 'no-email-263@example.com', NULL, '$2y$12$qkU6ZAyH9UdLhozCUogro.8hOSb7ooLu0w0ix3pcy94/v71FVTPV6', '125', 'images\\rami noureddine.png', NULL, '2025-03-05 09:04:11', '2025-03-05 09:04:11', 'active', '8', 33, 'Welcome@123', 1),
(1250, 264, 'Siraj Arida', 'siraj.s.alarida@gmail.com', NULL, '$2y$12$rnBhQzri4wphSvnz9IjvbOwhciWoIv2UVMxZKHCa5xBgq8ewmlVCq', '2397', 'images\\siraj arida.png', NULL, '2025-03-05 09:04:11', '2025-03-05 09:04:11', 'active', '3', 33, 'Welcome@123', 1),
(1251, 265, 'Dana Itani', 'itanidana431@gmail.com', NULL, '$2y$12$zkwc6dOJcEP/2ymkmDyX.eDIwW/uwvbIUk/MpDIjYuwpDokirOrSG', '2147', 'images\\Dana Itani.png', NULL, '2025-03-05 09:04:11', '2025-03-05 09:04:11', 'active', '7', 33, 'Welcome@123', 1),
(1252, 266, 'Mohamad Al Chami', 'no-email-266@example.com', NULL, '$2y$12$4agn6V/C9GV/SHJRYUz2ZOU1sl7U8uRbdESuh14cvAyflZy4UJJ3e', '1212', 'images\\Mohamad Al Chami.png', NULL, '2025-03-05 09:04:11', '2025-03-05 09:04:11', 'active', '1', 33, 'Welcome@123', 1),
(1253, 267, 'Amani Yehya', 'yehia2812@gmail.com', NULL, '$2y$12$PH99MFRaWeOMoOWI0ZGdAO49V0lv6noJqCddrwNp5y/vshMhcH1l2', '2077', 'images\\Amani Yehya.png', NULL, '2025-03-05 09:04:11', '2025-03-05 09:04:11', 'active', '7', 33, 'Welcome@123', 1),
(1254, 268, 'Kassem Ghandour', 'kassemfouadghandour@gmail.com', NULL, '$2y$12$h5X0Moqb9cqYAoP0HhiH3.TdaXfP3r3l/uR89se17I6.x4FtRnaje', '1928', 'images\\Default.jpg', NULL, '2025-03-05 09:04:12', '2025-03-05 09:04:12', 'active', '4', 33, 'Welcome@123', 1),
(1255, 269, 'Myriam Salame', 'no-email-269@example.com', NULL, '$2y$12$v5VFjV3uOeqI3x7tdXWhyO38EeAqHRxO/Geq8oaLXiIWi1nn6vCwW', '2059', 'images\\Myriam Salame.png', NULL, '2025-03-05 09:04:12', '2025-03-05 09:04:12', 'active', '20', 63, 'Welcome@123', 1),
(1256, 270, 'Julien El Khoury', 'julienelkh@gmail.com', NULL, '$2y$12$9cnPDJESdnQvdzk7r6DrnugQlLexsrlJKp9i3Q.GlaoJtZqglg2b2', '1317', 'images\\Julien El Khoury.png', NULL, '2025-03-05 09:04:12', '2025-03-05 09:04:12', 'active', '3', 63, 'Welcome@123', 1),
(1257, 271, 'Hoda Boulos', 'hodaboulos2000@gmail.com', NULL, '$2y$12$t0nz9pHNp28VEJ.sL/UUM.XEddvdXv8GxT0yZ063tNVhc4.8JhuHO', '1991', 'images\\Hoda Boulos.png', NULL, '2025-03-05 09:04:12', '2025-03-05 09:04:12', 'active', '7', 63, 'Welcome@123', 1),
(1258, 272, 'Hady Jamil', 'hadyjam1@gmail.com', NULL, '$2y$12$ij4kIUa.6nI2OTcp/1DrwOAurXD37aJhXzFcnJ8uykmzXp7Kfqdmq', '2180', 'images\\Hady Jamil.png', NULL, '2025-03-05 09:04:12', '2025-03-05 09:04:12', 'active', '3', 63, 'Welcome@123', 1),
(1259, 273, 'Vanessa Noun', 'vanessa@gmail.com', NULL, '$2y$12$Ua54Dgwlrp1.tXOj7O03oeURsKIxZSeqxZD6ffir0B1kHkctDOPyO', '1990', 'images\\Vanessa Noun.png', NULL, '2025-03-05 09:04:12', '2025-03-05 09:04:12', 'active', '20', 63, 'Welcome@123', 1),
(1260, 274, 'Fouad Assaf', 'fouadassaf1@gmail.com', NULL, '$2y$12$Gze78494ip527c0dbhVBXusjvhH0G2h2Q2JtAk1AEubtey9LBM/gG', '1662', 'images\\Fouad Assaf.png', NULL, '2025-03-05 09:04:13', '2025-03-05 09:04:13', 'active', '1', 63, 'Welcome@123', 1),
(1261, 275, 'Nour Farah', 'noursf123@gmail.com', NULL, '$2y$12$hJP7GdbwGFDW2k29kZvcL.9zBPxKuoAa6RrUHRguK2NVW3X/su79u', '2609', 'images\\Nour Farah.png', NULL, '2025-03-05 09:04:13', '2025-03-05 09:04:13', 'active', '3', 63, 'Welcome@123', 1),
(1262, 276, 'Fabien Farah', 'no-email-276@example.com', NULL, '$2y$12$I9.eJKINZ0oIzA46DGE9n.l9VGCBOvn3ueyx5YI3eUVmxQ37OBy6C', '1521', 'images\\Fabien Farah.png', NULL, '2025-03-05 09:04:13', '2025-03-05 09:04:13', 'active', '4', 63, 'Welcome@123', 1),
(1263, 277, 'Tania Ballout', 'tatianabalout@gmail.com', NULL, '$2y$12$yVMEd/K4fzdw85d40DYz/e75zjy2Ns9lMM09ygWwTF5iPijeN0rPa', '2230', 'images\\Tania Ballout.png', NULL, '2025-03-05 09:04:13', '2025-03-05 09:04:13', 'active', '7', 63, 'Welcome@123', 1),
(1264, 278, 'Rita Maria Adas', 'rita-maria.adas@hotmail.com', NULL, '$2y$12$VY6NxAc1vuj45otpPQtsJONDe8AvZui3am6wTBy.Ye/bg/rhU2vX2', '1864', 'images\\Rita Maria Adas.png', NULL, '2025-03-05 09:04:13', '2025-03-05 09:04:13', 'active', '4', 63, 'Welcome@123', 1),
(1265, 279, 'Peter Farah', 'peterfarahh@hotmail.com', NULL, '$2y$12$AxDShpY4.YEAOqTQfRlVh.g46BtLP2QKlrh/QdBjsVhnGQPPfl6F6', '1137', 'images\\Peter Farah.png', NULL, '2025-03-05 09:04:13', '2025-03-05 09:04:13', 'active', '1', 63, 'Welcome@123', 1),
(1266, 280, 'Hiba Hichi', 'no-email-280@example.com', NULL, '$2y$12$1GoC/utDfk4DmvWrpaHrW.2lOtV9povV2JWc/g2lLDCNR5kHPBL2W', '1742', 'images/67be10ebc5063.png', NULL, '2025-03-05 09:04:14', '2025-03-05 09:04:14', 'active', '20', 16, 'Welcome@123', 1),
(1267, 281, 'Ahmad Ibrahim', 'ahmad_gfx@outlook.com', NULL, '$2y$12$p2x2qD/hbqgZr9riwI8XauDfrGIPNTKZEC9a0hyQakC6.Hq.cGKUC', '2845', 'images\\Ahmad Ibrahim.png', NULL, '2025-03-05 09:04:14', '2025-03-05 09:04:14', 'active', '2', 16, 'Welcome@123', 1),
(1268, 282, 'Gael Haddad', 'haddadb-gael@hotmail.com', NULL, '$2y$12$DB7jJ8SKP0.KYrQyuqGJkOkw/kpbaW4I616e6X92xfzUZKImvvCBa', '2698', 'images\\Gael Haddad.png', NULL, '2025-03-05 09:04:14', '2025-03-05 09:04:14', 'active', '13', 16, 'Welcome@123', 1),
(1269, 283, 'Nouhal Sidani', 'nuhalsidani@gmail.com', NULL, '$2y$12$AskuyaXr300wl7/heJ3Y8../a6hw4Gybu4Yev1bQcJVODd.Ag6DBC', '1502', 'images\\Nouhal Sidani.png', NULL, '2025-03-05 09:04:14', '2025-03-05 09:04:14', 'active', '9', 16, 'Welcome@123', 1),
(1270, 284, 'Malak Shukeir', 'malak_sh98@icloud.com', NULL, '$2y$12$tBwj/g/2hXeAY6eEaU0Lhe4jfw/GlPEGyedB5aPP35zEltWmKbxfG', '1158', 'images\\Malak Shukeir.png', NULL, '2025-03-05 09:04:14', '2025-03-05 09:04:14', 'active', '13', 16, 'Welcome@123', 1),
(1271, 285, 'Alaa Khalil', 'lebanon----1992@hotmail.com', NULL, '$2y$12$ZacgHzyQyH4lojCudljom.Dqua9/0UNsZd7PpjHjOzFATRPQMcwby', '1870', 'images/67be10f9b41a6.png', NULL, '2025-03-05 09:04:14', '2025-03-05 09:04:14', 'active', '20', 16, 'Welcome@123', 1),
(1272, 286, 'Zahraa Matar', 'zahraa@zahra.com', NULL, '$2y$12$2zKeSMjg.xMzXJ1r/SF.A.4mg6ug.jG7GTRCm6W3oIKAA5oaApriS', '1781', 'images/67be1128d713e.png', NULL, '2025-03-05 09:04:15', '2025-03-05 09:04:15', 'active', '9', 16, 'Welcome@123', 1),
(1273, 287, 'Alaa Cheikh', 'alaa.aec43@gmail.com', NULL, '$2y$12$hHQjYmmBqb4QcL97RDr04.YJO7A/Kf1DNHrjvemW7UuF1d6edNYNC', '2122', 'images\\Alaa Cheikh.png', NULL, '2025-03-05 09:04:15', '2025-03-05 09:04:15', 'active', '9', 16, 'Welcome@123', 1),
(1274, 288, 'Dalia Barakat', 'dalia@dalia.com', NULL, '$2y$12$esaxSneh0rqOMPoGB0PiYuB/IYkqG9I6GEak8EuQaTWU4rHVFQM26', '2570', 'images\\Dalia Barakat.png', NULL, '2025-03-05 09:04:15', '2025-03-05 09:04:15', 'active', '13', 16, 'Welcome@123', 1),
(1275, 289, 'Abdallah Al Mousawi', 'no-email-289@example.com', NULL, '$2y$12$qCiwvcrnB6jwb8D2JgH6fuGI4upiV6lAhw.6mdjTM7n8Ui7Ty2mJe', '1385', 'images\\Abdallah Al Mousawi.png', NULL, '2025-03-05 09:04:15', '2025-03-05 09:04:15', 'active', '9', 16, 'Welcome@123', 1),
(1276, 290, 'Joumana Majed', 'Joumana-m@hotmail.com', NULL, '$2y$12$mWkbxQ3vmXeRhTQdnRkanef7baFc1iC2BRZtlhg.B0fHNMnQxXEhS', '2490', 'images\\Joumana Majed.png', NULL, '2025-03-05 09:04:15', '2025-03-05 09:04:15', 'active', '9', 16, 'Welcome@123', 1),
(1277, 291, 'Wissam Al Halabi', 'wissam@wissam.com', NULL, '$2y$12$npdYVqI/9c9xCG6q.EGI0eV/jRcmRX9vRE2.FVKOFsmG5aC9xANdO', '2604', 'images\\Wissam Al Halabi.png', NULL, '2025-03-05 09:04:15', '2025-03-05 09:04:15', 'active', '14', 16, 'Welcome@123', 1),
(1278, 292, 'Khalil Askar', 'khalil.askar@live.com', NULL, '$2y$12$HrDT3YuJ6qv39ESjfIKao.DYGpuZDIYSnZUPdYAPxrs5J.bbCP.w6', '183', 'images\\Khalil Askar.png', NULL, '2025-03-05 09:04:16', '2025-03-05 09:04:16', 'active', '14', 16, 'Welcome@123', 1),
(1279, 293, 'Salim Deek', 'no-email-293@example.com', NULL, '$2y$12$bwfSpvVGc.MFyfQhEraVN.Qbutmfp2/7z4M9TrIrljqEGVmFDA1NW', '1809', 'images\\Salim Deek.png', NULL, '2025-03-05 09:04:16', '2025-03-05 09:04:16', 'active', '15', 16, 'Welcome@123', 1),
(1280, 294, 'Samer Barakat', 'samer.barakat.78@hotmail.com', NULL, '$2y$12$B3/ZLA/LYJoDqwkbsZJt5ODuIFwAhJQ3iPlycMhiPgLRkrZgtdbLy', '2784', 'images\\Samer Barakat.png', NULL, '2025-03-05 09:04:16', '2025-03-05 09:04:16', 'active', '8', 16, 'Welcome@123', 1),
(1281, 295, 'Nizar Hamadeh', 'no-email-295@example.com', NULL, '$2y$12$3GsBDr3He/y8E9l/ggX7xOSgEErB.Gv5Af1opmjMrqq0N8hu9ECtG', '1253', 'images\\Nizar Hamadeh.png', NULL, '2025-03-05 09:04:16', '2025-03-05 09:04:16', 'active', '14', 16, 'Welcome@123', 1),
(1282, 296, 'Maya Jomaa', 'mayajomaa@outlook.com', NULL, '$2y$12$7D/Y1qiLsLfy.ALKjkccOenjNa.wkilMe8pH9QiZdodD3TVMsMhX6', '1461', 'images/67be113242418.png', NULL, '2025-03-05 09:04:16', '2025-03-05 09:04:16', 'active', '9', 16, 'Welcome@123', 1),
(1283, 297, 'Ahmad Diab', 'Hamodi009@hotmail.com', NULL, '$2y$12$6RItNaYmc5hBJQStConz.OwbHHKRLgh8bmTTy99a.x1F62nqwRjf.', '1542', 'images\\Ahmad Diab.png', NULL, '2025-03-05 09:04:16', '2025-03-05 09:04:16', 'active', '8', 16, 'Welcome@123', 1),
(1284, 298, 'Tala Fakhreddine', 'fakhereldinetala@gmail.com', NULL, '$2y$12$phLfpA7qOhueIy2qgsNyg.QRVHNIcGUUYnfmVXY6cBXP3w9oO2GIi', '2316', 'images\\Tala fakhreddine.png', NULL, '2025-03-05 09:04:16', '2025-03-05 09:04:16', 'active', '9', 16, 'Welcome@123', 1),
(1285, 299, 'Hassan Seif Eddine', 'sayfhassan092@gmail.com', NULL, '$2y$12$GRhcxgdVReSeztM3DF5Mju2eCAdHM5d5XGZDmIW52zfHumRooLJ.u', '2341', 'images/67be11396e0b8.png', NULL, '2025-03-05 09:04:17', '2025-03-05 09:04:17', 'active', '14', 16, 'Welcome@123', 1),
(1286, 300, 'Kifah Yehya', 'kifah.yehya1@gmail.com', NULL, '$2y$12$g3PYpne3rBZHfqTvxsD9tesodz1NiI5Tpd0kAsH6rSYd7UhTtdcle', '2450', 'images\\Kifah Yehya.png', NULL, '2025-03-05 09:04:17', '2025-03-05 09:04:17', 'active', '9', 16, 'Welcome@123', 1),
(1287, 301, 'Fadi Al Danaf', 'fadi.aldanaf1986@hotmail.com', NULL, '$2y$12$4BG/KHTBKgUTZhIn7qm3vO4RJuuD.qDKCrFcq8SfZEEO./8Nxd9ke', '2380', 'images\\Fadi Al Danaf.png', NULL, '2025-03-05 09:04:17', '2025-03-05 09:04:17', 'active', '11', 16, 'Welcome@123', 1),
(1288, 302, 'Shorouk Abd Alkader', 'shouroukabdalkader@gmail.com', NULL, '$2y$12$EaNTnniTXlvsRQpVURKpoeKIEQJhmQyJGWk8C6ES/3V4ikuS1Lsdy', '2563', 'images\\Shorouk Abd AlKader.png', NULL, '2025-03-05 09:04:17', '2025-03-05 09:04:17', 'active', '7', 16, 'Welcome@123', 1),
(1289, 303, 'Omar Wehbe Al Masri', 'omarwehbealmasri@gmail.com', NULL, '$2y$12$Ky8oqQjwR9Hfz.PK2i66oe5ze23yUvAqh3GgJqXGIWTeWWEBd0Pcu', '2633', 'images\\Default.jpg', NULL, '2025-03-05 09:04:17', '2025-03-05 09:04:17', 'active', '11', 16, 'Welcome@123', 1),
(1290, 304, 'Wael Ramadan', 'Wael_Ramadan1978@hotmail.com', NULL, '$2y$12$.6nmBTyWYb5DVnCmhWepBu2a2aZwzV9EHHR3OBLFtwI9jxnQFfpaS', '1937', 'images\\Wael Ramadan.png', NULL, '2025-03-05 09:04:17', '2025-03-05 09:04:17', 'active', '11', 16, 'Welcome@123', 1),
(1291, 305, 'Mahmoud Taha', 'mahmoudalitaha123@gmail.com', NULL, '$2y$12$v8bCr0MCnjR1ipFYiIuEje25UYMZpMzUXNGt0PPsBvQcPAgHl.lSS', '2125', 'images/67be1140dc262.png', NULL, '2025-03-05 09:04:18', '2025-03-05 09:04:18', 'active', '15', 16, 'Welcome@123', 1),
(1292, 306, 'Georgete Tabet', 'srgeorgettemarie@gmail.com', NULL, '$2y$12$WbJD2YZR5bps4DeFrfsPe.rXqw9/eCw9ozuO3Is60WXlgpsRHoMkm', '1346', 'images\\Georgete Tabet.png', NULL, '2025-03-05 09:04:18', '2025-03-05 09:04:18', 'active', '16', 39, 'Welcome@123', 1),
(1293, 307, 'Shadi Ghraizi', 'shadighr765@gmail.com', NULL, '$2y$12$qzOJvdSJYWq2DeKZOsfSGu8qqAv58Dii5d4ZdIYagA6WLz0rv2qRe', '1645', 'images\\Shadi Ghraizi.png', NULL, '2025-03-05 09:04:18', '2025-03-05 09:04:18', 'active', '6', 39, 'Welcome@123', 1),
(1294, 308, 'Mariam Tohme', 'mariam.n.tohme@gmail.com', NULL, '$2y$12$CY2bcxdRvWBnSv1CGg7qgOM7EdA8Lw5F8795lMj13FuQpHXozT9w6', '2863', 'images/67be11d15e361.png', NULL, '2025-03-05 09:04:18', '2025-03-05 09:04:18', 'active', '20', 39, 'Welcome@123', 1),
(1295, 309, 'Aslan Khaddaj', 'aslankhaddaj1998@gmail.com', NULL, '$2y$12$HeyTcA8N2Sax4lD7t/8.AO2bJafxjojhZo3pBtamBmVFC6ZXXO2e.', '2537', 'images\\Aslan Khaddaj.png', NULL, '2025-03-05 09:04:18', '2025-03-05 09:04:18', 'active', '3', 39, 'Welcome@123', 1),
(1296, 310, 'Karim Hakim', 'karim.el.hakim2004@gmail.com', NULL, '$2y$12$95EiVHZOmgjczl.dC8OCzuCXVgtQj/n7WPgAFVr4gnrhdQW3Fo9/u', '1415', 'images\\Karim Hakim.png', NULL, '2025-03-05 09:04:18', '2025-03-05 09:04:18', 'active', '3', 39, 'Welcome@123', 1),
(1297, 311, 'Jad Abboud', 'jad.abboud.j.k@gmail.com', NULL, '$2y$12$INGyjE51kXHgTkOymxMt1OzlPvnLW/B6Iol0W70XWfy77VYLoByCy', '1606', 'images/67be11df52e44.png', NULL, '2025-03-05 09:04:19', '2025-03-05 09:04:19', 'active', '7', 39, 'Welcome@123', 1),
(1298, 312, 'Cezar Al Ahmadieh', 'Ceasaralahmadieh@gmail.com', NULL, '$2y$12$1NN0HML8pkfXvzHGxuik9.SUNhOiXjhVf/Z76Y.2CEmxxJr1ubD8i', '2769', 'images\\Cezar Al Ahmadieh.png', NULL, '2025-03-05 09:04:19', '2025-03-05 09:04:19', 'active', '1', 39, 'Welcome@123', 1),
(1299, 313, 'Shadi Abou Dargham', 'aboudarghamshadi@gmail.com', NULL, '$2y$12$JM9Q0KQRM/QlpyPKl2aCmOo94dsaQ6CNa79lbXmQilEIGlY2.zpG.', '735', 'images\\Shadi Abou Dargham.png', NULL, '2025-03-05 09:04:19', '2025-03-05 09:04:19', 'active', '20', 39, 'Welcome@123', 1),
(1300, 314, 'Saher Shemas', 'saher_shamas@outlook.com', NULL, '$2y$12$l2ytnqZP954E0kkADdIpzOcsGYjy/tQEBINatnnPQXVy4VQ4PZ7XK', '2173', 'images\\Saher Shemas.png', NULL, '2025-03-05 09:04:19', '2025-03-05 09:04:19', 'active', '20', 39, 'Welcome@123', 1),
(1301, 315, 'Rami El Hakim', 'ramielhakim@hotmail.com', NULL, '$2y$12$73GtkeMHBXyzcCueA/dkDegRLWuKAD29hqpYnSk6A1j4zeGoz5Ou2', '921', 'images\\Rami El Hakim.png', NULL, '2025-03-05 09:04:19', '2025-03-05 09:04:19', 'active', '2', 39, 'Welcome@123', 1),
(1302, 316, 'Chirine Ammar', 'Chirineamar@gmail.com', NULL, '$2y$12$bSwZxWkfQ0pd.ss1a1doueCp9XxORgwA5/Vg2Yhr9iVqOs3NBSvTq', '1492', 'images\\Chirine Ammar.png', NULL, '2025-03-05 09:04:19', '2025-03-05 09:04:19', 'active', '20', 39, 'Welcome@123', 1),
(1303, 317, 'Ismail Kadi', 'is.ka14@hotmail.com', NULL, '$2y$12$2TcFx9kFJymzmyqGkzr0C.bh9oGnA9xeQESyuYulkI0CMA2JQTIKG', '669', 'images\\Ismail Kadi.png', NULL, '2025-03-05 09:04:20', '2025-03-05 09:04:20', 'active', '16', 39, 'Welcome@123', 1),
(1304, 318, 'Rita Nader', 'ritanader20102001@gmail.com', NULL, '$2y$12$l0niElD/7kbRxSaCfv/KuOF/cOp..3g8aeV552RsOGqY8kLjtx1VO', '2098', 'images\\Rita Nader.png', NULL, '2025-03-05 09:04:20', '2025-03-05 09:04:20', 'active', '4', 39, 'Welcome@123', 1),
(1305, 319, 'Ahmad Doueiry', 'ahmad.dwary@gmail.com', NULL, '$2y$12$ZT7nt9kKuVB4bdrqCYjbj.DExA6V53t8wS2Bk.I1i8Or.pjnq8b46', '2025', 'images\\ahmad doueiry.png', NULL, '2025-03-05 09:04:20', '2025-03-05 09:04:20', 'active', '1', 39, 'Welcome@123', 1),
(1306, 320, 'Jinane Wehbe', 'jina.wehbe2016@gmail.com', NULL, '$2y$12$bzFx2r31aIrh/gPoyh.C1O1bwwL1p2V4qdusf6PTyzqYrgNR/ssBa', '2781', 'images/67be11e4989e4.png', NULL, '2025-03-05 09:04:20', '2025-03-05 09:04:20', 'active', '7', 39, 'Welcome@123', 1),
(1307, 321, 'Yehya Mashakah', 'ymashakah@gmail.com', NULL, '$2y$12$Kgb/wS4f3zRRRmdMRniKyu3Cs/2aK9rjOAel1UX/wewriPegmbzqi', '2014', 'images/67be11e98a3d1.png', NULL, '2025-03-05 09:04:20', '2025-03-05 09:04:20', 'active', '4', 39, 'Welcome@123', 1),
(1308, 322, 'Hassan Sabea', 'Hasabea@ gmail.com', NULL, '$2y$12$jajDRXCe4iGGF0/CmBFjveCwh85wElwuaYT8y5n/NTUSghpZSi3w6', '1443', 'images\\Hassan Sabea.png', NULL, '2025-03-05 09:04:20', '2025-03-05 09:04:20', 'active', '20', 15, 'Welcome@123', 1),
(1309, 323, 'Elie Beaino', 'eliebeaino89@gmail.com', NULL, '$2y$12$utV6MeRGWGe0Q7svpDuNyOx5zAcZ9pc2WGuXJlATf0odbZdsQg5xK', '2197', 'images/67be07cc64941.png', NULL, '2025-03-05 09:04:21', '2025-03-05 09:04:21', 'active', '2', 15, 'Welcome@123', 1),
(1310, 324, 'Rami Reda', 'ridarami023@gmail.com', NULL, '$2y$12$pb4fmSXsTZiJ7kwQM0YGvOPBfRkcsmr42AiC5g5UEtQMTAKyeEdhW', '2786', 'images\\Rami Reda.png', NULL, '2025-03-05 09:04:21', '2025-03-05 09:04:21', 'active', '20', 15, 'Welcome@123', 1),
(1311, 325, 'Mohamad Slim', 'ctrlz.co@gmail.com', NULL, '$2y$12$vegNRyYH1Jz83A6leNGjwellDe2jzu8uBdZm9PlaB4zwNJOCDCd/O', '1727', 'images\\Mohamad Slim.png', NULL, '2025-03-05 09:04:21', '2025-03-05 09:04:21', 'active', '2', 15, 'Welcome@123', 1),
(1312, 326, 'Nour Yammine', 'nouryammine10@gmail.com', NULL, '$2y$12$zvfBYv9vZhvPlbh9tQHB1uVXQXAlt8W0bwNc3bY1rsFK75egxaEVC', '2101', 'images\\Nour Yammine.png', NULL, '2025-03-05 09:04:21', '2025-03-05 09:04:21', 'active', '4', 15, 'Welcome@123', 1),
(1313, 327, 'Omar Haddarah', 'omar.haddarah.120@gmail.com', NULL, '$2y$12$g2q5sUfp22UGb3nHcV.7pOwUgxjPHLPyyF9QzfTAwgpSA9GcK.0f2', '1987', 'images\\Omar Haddarah.png', NULL, '2025-03-05 09:04:21', '2025-03-05 09:04:21', 'active', '1', 15, 'Welcome@123', 1),
(1314, 328, 'Mohamad Domiaty', 'no-email-328@example.com', NULL, '$2y$12$q/YNB.5oNsmZrduIsez2GudjrJZlIGx75XdugDv6YX8CBriN89xHO', '1971', 'images\\Mohamad Domiaty.png', NULL, '2025-03-05 09:04:21', '2025-03-05 09:04:21', 'active', '8', 15, 'Welcome@123', 1),
(1315, 329, 'Bernard Kabboul', 'kabboul.bernard@gmail.com', NULL, '$2y$12$lXyJnZAHY6DXOBXAm5lMneZGDF5/A4YjfGRiDSVB86Boh4SbQYLJi', '1482', 'images\\Bernard Kabboul.png', NULL, '2025-03-05 09:04:21', '2025-03-05 09:04:21', 'active', '3', 15, 'Welcome@123', 1),
(1316, 330, 'Garine Dournayan', 'dournayangarine@gmail.com', NULL, '$2y$12$9YQafSu4ob7I1DYGEZXPleCZAxmeXDMtZIv7GomEOgHp8RMLC6cwe', '2509', 'images/67be084abe544.png', NULL, '2025-03-05 09:04:22', '2025-03-05 09:04:22', 'active', '1', 15, 'Welcome@123', 1),
(1317, 331, 'Lili Ghossen', 'gholili280@gmail.com', NULL, '$2y$12$Sz3vWzT8C/SiX1W9ns6Rc.4FimPHe35Om1PjWNUXXkPkcj6rIv3zq', '1362', 'images/67be0838a6a11.png', NULL, '2025-03-05 09:04:22', '2025-03-05 09:04:22', 'active', '7', 15, 'Welcome@123', 1),
(1318, 332, 'Roberto Slim', 'roberto.slim.2003@GMAIL.COM', NULL, '$2y$12$DzR5WMQQ/yIH7HHQf2XcU.FixjGCQjmKlU0P.pNK.MQMYIzbpbUjS', '2705', 'images\\Roberto Slim.png', NULL, '2025-03-05 09:04:22', '2025-03-05 09:04:22', 'active', '1', 15, 'Welcome@123', 1),
(1319, 333, 'Ali Bechara', 'alibechara211@gmail.com', NULL, '$2y$12$fMZz1cTBVNA/AuFQ0Se47OqeSRF6tF6rgRbd9fsHHGbedsk2tBTxK', '1694', 'images/67be10c04d54a.png', NULL, '2025-03-05 09:04:22', '2025-03-05 09:04:22', 'active', '8', 15, 'Welcome@123', 1),
(1320, 334, 'Kevin Menassa', 'no-email-334@example.com', NULL, '$2y$12$PG75KGPZ3f1jSlykRCbQZ.QWYiZmHigpTtGs5lSucsC7ZMVwyqkFS', '1948', 'images/67be10e161dee.png', NULL, '2025-03-05 09:04:22', '2025-03-05 09:04:22', 'active', '5', 15, 'Welcome@123', 1),
(1321, 335, 'Richard Jabbour', 'richard.jabbour2005@gmail.com', NULL, '$2y$12$DhjJwL2Y3vW/Jj0/HJgsO.Hv/eegtwbMjtZWYf3NaEmcy1EynQ1Qm', '1575', 'images\\Richard Jabbour Sp Dbayeh.png', NULL, '2025-03-05 09:04:22', '2025-03-05 09:04:22', 'active', '4', 15, 'Welcome@123', 1),
(1322, 336, 'Maria Waked', 'mariajwaked3@gmail.com', NULL, '$2y$12$.5h.mqTEL9dj/c8yCsTIwOuqWSrJMT1W4jQivseqXn6Hg099y6vvu', '2572', 'images\\Maria Waked.png', NULL, '2025-03-05 09:04:23', '2025-03-05 09:04:23', 'active', '7', 15, 'Welcome@123', 1),
(1323, 337, 'Gio Estephan', 'gioestephan@icloud.com', NULL, '$2y$12$0RqRUZi3ZNzVM5TGarKTv..mCWIGFxr1UkgcDBbtTsP6A847muO32', '1818', 'images\\Gio Stephan Sp Dbayeh.png', NULL, '2025-03-05 09:04:23', '2025-03-05 09:04:23', 'active', '6', 15, 'Welcome@123', 1),
(1324, 338, 'Jean Claude Mattar', 'jayceemattar@gmail.com', NULL, '$2y$12$FkykjV5HWWYixGxEAth6aOyJy6lSaDyfGX1rgCkBpzEpA6Iir0rrS', '2610', 'images\\Jean Claude Mattar.png', NULL, '2025-03-05 09:04:23', '2025-03-05 09:04:23', 'active', '1', 15, 'Welcome@123', 1),
(1325, 339, 'Jean Pierre Khoury', 'no-email-339@example.com', NULL, '$2y$12$IwOOmD/bG1hsTs/HXCkCHOP4PlB2IzkQAbzGQzgV3ewuKSxHAlvOy', '1114', 'images\\Jean Pierre Khoury Sp Dbayeh.png', NULL, '2025-03-05 09:04:23', '2025-03-05 09:04:23', 'active', '4', 15, 'Welcome@123', 1),
(1326, 340, 'Majd Noun', 'majdnoun25@gmail.com', NULL, '$2y$12$V.89hMY0/ZJICvzeSoDrmOx6HwazaHgoVMawJfiGiAWP4lsAiKfzW', '1398', 'images\\Majd Noun Sp Dbayeh.png', NULL, '2025-03-05 09:04:23', '2025-03-05 09:04:23', 'active', '4', 15, 'Welcome@123', 1),
(1327, 341, 'Mickael Khoury', 'mickealkhoury06@gmail.com', NULL, '$2y$12$/cu2HZmFfl20rxQRwyG51ezW9KUmJhwtfHsFHQEa6HcSZeAT.oc0a', '1708', 'images\\Micheal Khoury Sp Dbayeh.png', NULL, '2025-03-05 09:04:23', '2025-03-05 09:04:23', 'active', '4', 15, 'Welcome@123', 1),
(1328, 342, 'Diala Barakat', 'Dialab14@gmail.com', NULL, '$2y$12$VqKudmvW2puRryCp4rmOoOmC3KWYLDZf5bs/xnFtD94J3mRGtr5ba', '1967', 'images\\Diala Barakat.png', NULL, '2025-03-05 09:04:24', '2025-03-05 09:04:24', 'active', '20', 31, 'Welcome@123', 1),
(1329, 343, 'Suzanne Kaedbay', 'no-email-343@example.com', NULL, '$2y$12$jkaArvMP2557HlmtpuHweeZHYq70ErYJbFgJgheykpdvLug9FyCMC', '1531', 'images\\Suzanne KaedBay.png', NULL, '2025-03-05 09:04:24', '2025-03-05 09:04:24', 'active', '20', 31, 'Welcome@123', 1),
(1330, 344, 'Aya Turk', 'Ayousha_turk@hotmail.com', NULL, '$2y$12$OqoyCrguZvU.Ok7E6pOWne1fZrszt1KXbeiXOVJoehfn62.3qjuAq', '2436', 'images\\Aya Turk.png', NULL, '2025-03-05 09:04:24', '2025-03-05 09:04:24', 'active', '4', 31, 'Welcome@123', 1),
(1331, 345, 'Issa Rustom', 'issa_rustom_97@hotmail.com', NULL, '$2y$12$N38W8/CgIoeKD0RYggfTAe2kmTBWMxEnTHAVx0ze0Oy.tRqrrToc.', '1004', 'images\\Issa Rustom.png', NULL, '2025-03-05 09:04:24', '2025-03-05 09:04:24', 'active', '3', 31, 'Welcome@123', 1),
(1332, 346, 'Mohamad Iskaf', 'no-email-346@example.com', NULL, '$2y$12$iZi/HkLPqQm7eDMLImWKleyUblDesVxa1rGvrQb8d6f51gRK81pPe', '210', 'images\\Mohamad Iskaf.png', NULL, '2025-03-05 09:04:24', '2025-03-05 09:04:24', 'active', '8', 31, 'Welcome@123', 1),
(1333, 347, 'Sarjoun Rafeh', 'sarjounrafeh11@gmail.com', NULL, '$2y$12$K7EDlPw7VzNnN/VtG2POAe.rW8H50UfFfA4hcRPgQjQsNHZV191Iq', '2581', 'images\\Sarjoun Rafeh.png', NULL, '2025-03-05 09:04:25', '2025-03-05 09:04:25', 'active', '3', 31, 'Welcome@123', 1),
(1334, 348, 'Rayan Edelbi', 'rayanedelbi555@gmail.com', NULL, '$2y$12$.4hIh8cMrzcEmfEU0GKS0OHomtYm/0uyxs40WA9MU4PZpiZKPThEu', '2534', 'images\\Rayan Edelbi.png', NULL, '2025-03-05 09:04:25', '2025-03-05 09:04:25', 'active', '1', 31, 'Welcome@123', 1),
(1335, 349, 'Celine Ismail', 'celineismail123@gmail.com', NULL, '$2y$12$oEkh21bjPHEkjV9BZIV6ROCqHuVJURe54F9LQDJacEdKCwff/8TD2', '1203', 'images\\Celine Ismail.png', NULL, '2025-03-05 09:04:25', '2025-03-05 09:04:25', 'active', '7', 31, 'Welcome@123', 1),
(1336, 350, 'Adeeb Al Gharib', 'alghareebadeeb8@gmail.com', NULL, '$2y$12$HT/fQvfFhwrwS8PM4kQAAOPmgiG5tBX9Erl7hIxo/ePhibf4Kjs3S', '1980', 'images\\Adeeb Al Gharib.png', NULL, '2025-03-05 09:04:25', '2025-03-05 09:04:25', 'active', '3', 31, 'Welcome@123', 1),
(1337, 351, 'Jad Safsouf', 'Jad_safsouf@hotmail.com', NULL, '$2y$12$sO2tfzFKz9Ms7GF.iQUZwuProTke1gZeiINsOdRB/9fC7ffMKhDey', '1383', 'images\\Jad Safsouf.png', NULL, '2025-03-05 09:04:25', '2025-03-05 09:04:25', 'active', '5', 31, 'Welcome@123', 1),
(1338, 352, 'Hassan Alawieh', 'alawieh246@GMAIL.COM', NULL, '$2y$12$NSAv66JQR2Iv67BeFPsWOOOWPxnTfHoeBEeWVFLhbaTazMSW0KQOm', '1189', 'images\\Hassan Alawieh Sp Jnah.png', NULL, '2025-03-05 09:04:25', '2025-03-05 09:04:25', 'active', '6', 31, 'Welcome@123', 1),
(1339, 353, 'Bassel Younis', 'bassel.younes123@gmail.com', NULL, '$2y$12$1FOBghndCeghGiNR/qNJUOtDL/Rhr/ZspsWp0PPjD49ZSn/rETQDe', '2441', 'images\\Bassel Younis.png', NULL, '2025-03-05 09:04:26', '2025-03-05 09:04:26', 'active', '7', 31, 'Welcome@123', 1),
(1340, 354, 'Lilas Fakhreddine', 'lilyfakhreddine9@gmail.com', NULL, '$2y$12$iXXgZkPcKsnALi44bYVvyuKfIKIe80M6jpIyEkmAFkb2j2tT5RbNu', '1616', 'images\\Lilas Fakhreddine Sp Jnah.png', NULL, '2025-03-05 09:04:26', '2025-03-05 09:04:26', 'active', '3', 31, 'Welcome@123', 1),
(1341, 355, 'Hadi Shehab', '123hadi1234hadi@gmail.com', NULL, '$2y$12$1B7l9XVPCNTHg/UJThgX.uaNS74i4hK/LPlX.sW7L48N2pOHZeW5.', '2448', 'images\\Hadi Chehab.png', NULL, '2025-03-05 09:04:26', '2025-03-05 09:04:26', 'active', '1', 31, 'Welcome@123', 1),
(1342, 356, 'Lara Malaeb', 'laraa.h.malaeb@gmail.com', NULL, '$2y$12$MsJTccg/ImH7zbDMWCsBaOVHFVkP5ytUyGdOfCabE/f2FW005X.Pe', '2193', 'images\\Lara Malaeb.png', NULL, '2025-03-05 09:04:26', '2025-03-05 09:04:26', 'active', '20', 40, 'Welcome@123', 1),
(1343, 357, 'Lidia Hamdan', 'lidiahamdan18@gmail.com', NULL, '$2y$12$2HE1ZHY.YCjEgfSnJiOPVOwBNUaukKDX2p3qfs4MXRzpHlBcnFkp.', '1953', 'images\\Lidia Hamdan.png', NULL, '2025-03-05 09:04:26', '2025-03-05 09:04:26', 'active', '20', 40, 'Welcome@123', 1),
(1344, 358, 'Ola Fakher', 'ola.fakhr123@gmail.com', NULL, '$2y$12$zp4Cp35H/gfY/QWLjJoW.uU3CYUGUDd64udxZP2IYOBIlE/BJ3IJi', '1845', 'images\\Ola Fakher.png', NULL, '2025-03-05 09:04:26', '2025-03-05 09:04:26', 'active', '4', 40, 'Welcome@123', 1),
(1345, 359, 'Amir Kaedbey', 'amirkaedbey02@gmail.com', NULL, '$2y$12$zhMbFJSyd/9G76HzjrSZCepDhQaxOY2l8ah67XK7.HJ2O14QOgSDG', '1641', 'images\\Amir Kaedbey.png', NULL, '2025-03-05 09:04:27', '2025-03-05 09:04:27', 'active', '3', 40, 'Welcome@123', 1),
(1346, 360, 'Sara Jurdi', 'sarajurdi916@gmail.com', NULL, '$2y$12$cyCSPaqI/FxrLDgHTzbGrOdvq9WFIkg8aNBjHCaf.JeAbaqU187KW', '2780', 'images\\Sara Al Jurdi Spot C.png', NULL, '2025-03-05 09:04:27', '2025-03-05 09:04:27', 'active', '4', 40, 'Welcome@123', 1),
(1347, 361, 'Nancy Abou Ibrahim', 'no-email-361@example.com', NULL, '$2y$12$wdLmENUzuDGvPpu78k9FBuGB0nt/vJCTpAHS6GL/9JK7u59JCjQxy', '1452', 'images\\Nancy Abou Ibrahim.png', NULL, '2025-03-05 09:04:27', '2025-03-05 09:04:27', 'active', '7', 40, 'Welcome@123', 1),
(1348, 362, 'Hassan Sleiman', 'hassan_sleiman@msn.com', NULL, '$2y$12$zXjD.nf0nqZBoErlhupzhOcjcuYOw2kS7SMSj5S.dUzRm6KmODWam', '1356', 'images\\hasan sleiman.png', NULL, '2025-03-05 09:04:27', '2025-03-05 09:04:27', 'active', '2', 75, 'Welcome@123', 1),
(1349, 363, 'Hadi El Hassan', 'haddy_ab@hotmail.com', NULL, '$2y$12$y2tRgWEFB2V3AmONqzxY0exb.MTTOV9F71klWBy/cXUHhZ5KTArQe', '2036', 'images\\hadi al hasan.png', NULL, '2025-03-05 09:04:27', '2025-03-05 09:04:27', 'active', '3', 75, 'Welcome@123', 1),
(1350, 364, 'Ahmad Doughan', 'no-email-364@example.com', NULL, '$2y$12$aa/.qoRcqxJTnjz2lmxwZu43lHReflQ3naM97j0/5F3v..FZiko/2', '2398', 'images\\ahmad doughan.png', NULL, '2025-03-05 09:04:28', '2025-03-05 09:04:28', 'active', '3', 75, 'Welcome@123', 1),
(1351, 365, 'Adham Jawhary', 'azadhazan@hotmail.com', NULL, '$2y$12$/rz6dMokvBZI5ihMI05EYeLp7A57vWy.FoHVi7Z1A1fMSuFo7JJbm', '2210', 'images\\adham jawhary.png', NULL, '2025-03-05 09:04:28', '2025-03-05 09:04:28', 'active', '3', 75, 'Welcome@123', 1),
(1352, 366, 'Mohamad Faraj', 'no-email-366@example.com', NULL, '$2y$12$VezbZowjk4IWaGZ89ZPQJuZl6ioRDvnbYMyTt.OlVJJkS/KNn5ICO', '2471', 'images\\mohamad faraj.png', NULL, '2025-03-05 09:04:28', '2025-03-05 09:04:28', 'active', '3', 75, 'Welcome@123', 1),
(1353, 367, 'Sami Kassabieh', 'samikassabiehh@gmail.com', NULL, '$2y$12$yaNQLQJX3aPgyXtI4yt8I.SwyqpVrvAf.jVUUhQlut2pxiVHQobey', '2655', 'images\\Sami Kassabieh.png', NULL, '2025-03-05 09:04:28', '2025-03-05 09:04:28', 'active', '1', 75, 'Welcome@123', 1),
(1354, 368, 'Zeina Ballout', 'no-email-368@example.com', NULL, '$2y$12$sHNRqEVIGMCH97ncsB4.mOFU27DH7xQzsSVXNQ02.4.sX6camHR2e', '728', 'images\\Zeina Ballout.png', NULL, '2025-03-05 09:04:28', '2025-03-05 09:04:28', 'active', '20', 35, 'Welcome@123', 1),
(1355, 369, 'Silvana Ghyee', 'silvana_ghieh@hotmail.com', NULL, '$2y$12$MlrfQTcTIRj3tTCCY10MXOqjaKmq3n1nsuDAHA.zCUZCM4tw9sxhu', '2703', 'images\\Silvana Ghyee.png', NULL, '2025-03-05 09:04:29', '2025-03-05 09:04:29', 'active', '3', 35, 'Welcome@123', 1),
(1356, 370, 'Anthony Harb', 'anthonyharb2017@gmail.com', NULL, '$2y$12$E8KZfyHq.LqwEpF6FbzkEuRDkCFJ46Y1hitz/bjyuH/lEMDDwY5f2', '2031', 'images\\Anthony Harb.png', NULL, '2025-03-05 09:04:29', '2025-03-05 09:04:29', 'active', '7', 35, 'Welcome@123', 1),
(1357, 371, 'Mustafa Al Assir', 'safi.assir@gmail.com', NULL, '$2y$12$hFzRSC/mP1ThvCow3SW9m.p6bdz6Zv8tfPE8xb8PGfcpH7TqA7wA.', '2141', 'images\\ASSIR.png', NULL, '2025-03-05 09:04:29', '2025-03-05 09:04:29', 'active', '20', 76, 'Welcome@123', 1),
(1358, 372, 'Nizar Al Souri', 'no-email-372@example.com', NULL, '$2y$12$adEeYdKg7eepnf1Prkmhxu6OqvYQq9RTcnfQTMi2bpqForQOP.FCG', '1350', 'images\\nizar al souri.png', NULL, '2025-03-05 09:04:29', '2025-03-05 09:04:29', 'active', '20', 76, 'Welcome@123', 1),
(1359, 373, 'Hanaa Breish', 'habaobano2a@hotmail.com', NULL, '$2y$12$/6U70jpJ8o.fn9/OxxETpeZFMXMgDOwjEOKMINnjG/.XzkDVU.4b.', '2233', 'images\\hanaa breish.png', NULL, '2025-03-05 09:04:29', '2025-03-05 09:04:29', 'active', '20', 76, 'Welcome@123', 1),
(1360, 374, 'Maher Al Labban', 'MaherLabban1974@gmail.com', NULL, '$2y$12$A3GZOkvEHt.Y5TQwfHuqheD3m.H.xCRfucl4k/49CfD17HMKUjqOS', '214', 'images\\maher labban.png', NULL, '2025-03-05 09:04:30', '2025-03-05 09:04:30', 'active', '9', 76, 'Welcome@123', 1),
(1361, 375, 'Mona Nahed', 'monaabouabdallah@gmail.com', NULL, '$2y$12$aBaaf03e8oSWs0AWZqifx.FAUIDSQZ12.xqrpHwVCcdjSJtEV9uHS', '456', 'images\\mona nahed.png', NULL, '2025-03-05 09:04:30', '2025-03-05 09:04:30', 'active', '20', 76, 'Welcome@123', 1),
(1362, 376, 'Amin Barakat', 'aminbarakat03@gmail.com', NULL, '$2y$12$5hb42Ee.RcJu0N/8/2nWc.0EtKJKDBJ33a098RGms6EyS7gEN3chK', '129', 'images\\Amin Barakat.png', NULL, '2025-03-05 09:04:30', '2025-03-05 09:04:30', 'active', '20', 17, 'Welcome@123', 1),
(1363, 377, 'Carine Chreif', 'chreifcarine62@gmail.com', NULL, '$2y$12$ZkNPciYy7qDpLLv19IbEA.jHQnOtZL7kVcTKt3LgzklC5.g8PtGCq', '1901', 'images\\Carine Chreif.png', NULL, '2025-03-05 09:04:30', '2025-03-05 09:04:30', 'active', '20', 17, 'Welcome@123', 1),
(1364, 378, 'Mirvat Charafdine', 'no-email-378@example.com', NULL, '$2y$12$GD50VsdJfVyzvcuyhQqTcuulI5rNn4NVHcus20TRQY1AKQqkvW6BG', '614', 'images\\Mirvat Charafdine.png', NULL, '2025-03-05 09:04:30', '2025-03-05 09:04:30', 'active', '3', 17, 'Welcome@123', 1),
(1365, 379, 'Manal Hamza', 'no-email-379@example.com', NULL, '$2y$12$hQFZbHJRZK8DLtvg.aC5duHHfufDLe5iU8IQIUXSlk1Mw.nGD.TW2', '758', 'images\\Manal Hamza.png', NULL, '2025-03-05 09:04:31', '2025-03-05 09:04:31', 'active', '4', 17, 'Welcome@123', 1),
(1366, 380, 'Omar Khankan', 'omarkh20172016@gmail.com', NULL, '$2y$12$owt0goF.cQZxr3xpZq4ZXu/s3Vn4EZab62UxYTEl84I7Y7twLh4bW', '1216', 'images\\Omar Khankan.png', NULL, '2025-03-05 09:04:31', '2025-03-05 09:04:31', 'active', '3', 17, 'Welcome@123', 1),
(1367, 381, 'Alaa El Baghdadi', 'ayaalaaapple@gmail.com', NULL, '$2y$12$.6VwlmX2SlTTWdVN0Z.sGe1srcPYyUGVoSqf13dFBzX5L0VSZUSpa', '1142', 'images\\Alaa Al Baghdadi.png', NULL, '2025-03-05 09:04:31', '2025-03-05 09:04:31', 'active', '7', 17, 'Welcome@123', 1),
(1368, 382, 'Ibrahim Kolailat', 'elylet.elylet@gmail.com', NULL, '$2y$12$NR.ihxrb0gbc2OGk80mqBOHeXERmIp9i9MR6tGB7/AJyWtTcx8LLu', '2182', 'images\\Ibrahim Kolailat.png', NULL, '2025-03-05 09:04:31', '2025-03-05 09:04:31', 'active', '1', 17, 'Welcome@123', 1),
(1369, 383, 'Rida Al Gharib', 'rida.ghareeb.66@gmail.com', NULL, '$2y$12$V/3pDC0LKXH9IOuZErAqAuk8eS5UuQnvPbReXfZ3aq.JLdJORv0XW', '1982', 'images\\Rida Al Ghareeb.png', NULL, '2025-03-05 09:04:31', '2025-03-05 09:04:31', 'active', '3', 17, 'Welcome@123', 1),
(1370, 384, 'Jad Ayash', 'jadayash11@gmail.com', NULL, '$2y$12$B2icP7vV66EdhbjwQ7OT0e.koOf/wESEAnOZIh8wp1hx.kpnW22pm', '1807', 'images\\Jad Ayash.png', NULL, '2025-03-05 09:04:32', '2025-03-05 09:04:32', 'active', '1', 17, 'Welcome@123', 1),
(1371, 385, 'Khalil Chehade', 'fatenhamoud25@gmail.com', NULL, '$2y$12$xXk07ij9egbyVFUHrIEW9uBbqVA1b8ZFHq8vzMW.ulrqt.agJmlOC', '2146', 'images\\Khalil Chehade Verdun.png', NULL, '2025-03-05 09:04:32', '2025-03-05 09:04:32', 'active', '4', 17, 'Welcome@123', 1),
(1372, 386, 'Nazira Malaeb', 'nazira.malaeb@gmail.com', NULL, '$2y$12$kcWEXKcMeGZ0gOqeM4cp7eFUSAfgymuBJD7yHdlMd0oudM3S0fdZi', '716', 'images\\Nazira Malaeb.png', NULL, '2025-03-05 09:04:32', '2025-03-05 09:04:32', 'active', '20', 50, 'Welcome@123', 1),
(1373, 387, 'Nour Imad', 'nourimad2015@gmail.com', NULL, '$2y$12$dblnIQTwqXIp7ABMCGNl1upob0ltim1oto7ZCAyK0r5PYZL6VviuC', '843', 'images\\Nour Imad.png', NULL, '2025-03-05 09:04:32', '2025-03-05 09:04:32', 'active', '15', 50, 'Welcome@123', 1),
(1374, 388, 'Raed Al Kadi', 'www_raed_747@hotmail.com', NULL, '$2y$12$x7BagU1dSjVYeIanWSLeNuCvItwNShENczjAc.zzy2/cvc.oW6CWq', '747', 'images\\Raed Al Kadi.png', NULL, '2025-03-05 09:04:32', '2025-03-05 09:04:32', 'active', '15', 50, 'Welcome@123', 1),
(1375, 389, 'Mahmoud Hussein', 'mahmoudhussein007@hotmail.com', NULL, '$2y$12$9rZD6hHZmim8dXmzVds1LOO9Rpup4C9CEwSIUc03NUCihPIKUvJcu', '1632', 'images\\Mahmoud Hussein.png', NULL, '2025-03-05 09:04:32', '2025-03-05 09:04:32', 'active', '15', 50, 'Welcome@123', 1),
(1376, 390, 'Howaida Shrity', 'Howaida.saso@hotmail.com', NULL, '$2y$12$cSh37b3cSMcE0GMipMHVe.Gux5DiUeQbeySFoJ5NPBNMeDADeC27i', '764', 'images\\Howaida Shrity.png', NULL, '2025-03-05 09:04:33', '2025-03-05 09:04:33', 'active', '17', 50, 'Welcome@123', 1),
(1377, 391, 'Mohamad Al Chami', 'mohammedsameh05@outlook.com', NULL, '$2y$12$J.Zdpu1lge0EbFtnteLME.Ibhf8xSyLsUPXd3401AfCwf9hxBLWY.', '331', 'images\\Mohamad Al Chami.png', NULL, '2025-03-05 09:04:33', '2025-03-05 09:04:33', 'active', '15', 50, 'Welcome@123', 1),
(1378, 392, 'Mazen Ayache', 'no-email-392@example.com', NULL, '$2y$12$sUyHfTbg0CbAm4av/Rr1b.jnImPgRgdtkHzz3fHd4Xt7m3ZTBI23e', '913', 'images\\Mazen Ayache.png', NULL, '2025-03-05 09:04:33', '2025-03-05 09:04:33', 'active', '15', 50, 'Welcome@123', 1),
(1379, 393, 'Omar Diab', 'abu3mer111.od@gmail.com', NULL, '$2y$12$cCcGu1ivQsLQhU.vVPLHsu9Kb0mI7.VU/JbJtKgstV13cTHOPUxve', '2356', 'images\\Omar Diab.png', NULL, '2025-03-05 09:04:33', '2025-03-05 09:04:33', 'active', '17', 50, 'Welcome@123', 1),
(1380, 394, 'Amal Saker', 'malobarake@gmail.com', NULL, '$2y$12$ifGJfuxY3ut1IP1umgA5cu/M9TtpYJgakrnEeeN8TNXTk7/sa23me', '2389', 'images\\Amal Sakr.png', NULL, '2025-03-05 09:04:33', '2025-03-05 09:04:33', 'active', '9', 50, 'Welcome@123', 1),
(1381, 395, 'Nehme Doghman', 'no-email-395@example.com', NULL, '$2y$12$bPdML4QfR2pNj/MVX5w.DePsIxZTo5DrxB/hTTtnKZaM2a9HaY5RC', '1907', 'images\\Nehme Doghman.png', NULL, '2025-03-05 09:04:33', '2025-03-05 09:04:33', 'active', '17', 50, 'Welcome@123', 1),
(1382, 396, 'Hussein Sawli', 'no-email-396@example.com', NULL, '$2y$12$/59R4OMxyZDbufvnEvUqHuz9DMQHc.cRltm2zVkYVFmIVGmf9P9ke', '2295', 'images\\Hussein Sawli.png', NULL, '2025-03-05 09:04:34', '2025-03-05 09:04:34', 'active', '15', 50, 'Welcome@123', 1),
(1383, 397, 'Sarah Al Issa', 'no-email-397@example.com', NULL, '$2y$12$OytJrAOcqdLw1js42DpR9OZwO/.9xDQBV8kGdEdeDPfQqkkix.iH6', '1898', 'images\\Sara Al Issa.png', NULL, '2025-03-05 09:04:34', '2025-03-05 09:04:34', 'active', '7', 50, 'Welcome@123', 1),
(1384, 398, 'Kassem Ajami', 'ajami-68@live.com', NULL, '$2y$12$/XfHzOTflFP26743AOecXue6f6oGyewFYN/8zZHcyWNMu7sQ40Lpe', '2607', 'images\\kassem ajami.png', NULL, '2025-03-05 09:04:34', '2025-03-05 09:04:34', 'active', '20', 77, 'Welcome@123', 1),
(1385, 399, 'Pascal Al Haj', 'pascal.elhajj@gmail.com', NULL, '$2y$12$z4rTLuRgmXlhSUIuHLUvOuvSchvn3PMlyiWtS/IGcemWERPQmxxma', '169', 'images\\Pascal Al Haj.png', NULL, '2025-03-05 09:04:34', '2025-03-05 09:04:34', 'active', '20', 45, 'Welcome@123', 1),
(1386, 400, 'Basil Khaddaj', 'basil_khaddaj @hotmail.com', NULL, '$2y$12$8Ll3IpNZ8NrNy9Z8CI90Q.Oz0yxB02mwDretaNk78vcuhpcdxO7u.', '1178', 'images\\Basil Khaddaj.png', NULL, '2025-03-05 09:04:34', '2025-03-05 09:04:34', 'active', '20', 45, 'Welcome@123', 1),
(1387, 401, 'Samer Assaf', 'no-email-401@example.com', NULL, '$2y$12$8f8lpN20ibfCM7MxRK1d8ewzFtPjubn8erWnd4E2ThF6xYYHiIm0W', '168', 'images\\Samer Assaf.png', NULL, '2025-03-05 09:04:34', '2025-03-05 09:04:34', 'active', '9', 45, 'Welcome@123', 1),
(1388, 402, 'Wissam Al-Daroub', 'no-email-402@example.com', NULL, '$2y$12$O3frKWtxIDG.D7Ag/fl/su7EFgjJSZmiUDucRWrqsFG3/5aRLqina', '124', 'images\\Wissam Al-Daroub.png', NULL, '2025-03-05 09:04:34', '2025-03-05 09:04:34', 'active', '17', 45, 'Welcome@123', 1),
(1389, 403, 'Mohamad Joumaa', 'no-email-403@example.com', NULL, '$2y$12$LLOjH8syd1buisaDLU1SI.EE12gvKm1v4kfetqt/7Y4QAYj85joz2', '123', 'images\\Mohamad Joumaa.png', NULL, '2025-03-05 09:04:35', '2025-03-05 09:04:35', 'active', '17', 45, 'Welcome@123', 1),
(1390, 404, 'Marwan Al-Souri', 'no-email-404@example.com', NULL, '$2y$12$TwKg.F7hL1DeYxuC8GwlhuME9eo0mVGPD/3cCekGzVWhU2V82whIm', '120', 'images\\marwan al souri.png', NULL, '2025-03-05 09:04:35', '2025-03-05 09:04:35', 'active', '17', 45, 'Welcome@123', 1),
(1391, 405, 'Houssein Sabra', 'houssein111@gmail.com', NULL, '$2y$12$96./aSlDX/ESqT5W/9ndMOXrtgZtDvly.yv5llb.c11skdXoY2SR.', '2573', 'images\\Houssein Sabra.png', NULL, '2025-03-05 09:04:35', '2025-03-05 09:04:35', 'active', '15', 45, 'Welcome@123', 1),
(1392, 406, 'Makram Rajeh', 'no-email-406@example.com', NULL, '$2y$12$reaiGa3qENUGA3gtrkweLOQXwu66G0YtquU9XSxo3TmzAO8e/8eCO', '136', 'images\\Makram Rajeh.png', NULL, '2025-03-05 09:04:35', '2025-03-05 09:04:35', 'active', '15', 45, 'Welcome@123', 1),
(1393, 407, 'Loay Alameh', 'Loay-alameh@hotmail.com', NULL, '$2y$12$y5ADHxOC.93gUMcIdw70qOkS.68cfApc7g9e9gI71WXApOduGO2xG', '2492', 'images\\loay alameh.png', NULL, '2025-03-05 09:04:35', '2025-03-05 09:04:35', 'active', '15', 45, 'Welcome@123', 1),
(1394, 408, 'Mohamad Ossaily', 'ossailymoe@gmail.com', NULL, '$2y$12$CNAH6R3QPTutUvsE2nUkEOBwEtKLkdWCb8Mv8WBh2EcWZUZcSFYh.', '1274', 'images\\mohamad osseily.png', NULL, '2025-03-05 09:04:35', '2025-03-05 09:04:35', 'active', '17', 45, 'Welcome@123', 1),
(1395, 409, 'Jamal Al-Khatib', 'no-email-409@example.com', NULL, '$2y$12$uW9XKypx58LggXtZ.53Vm.3uJ.RKTx/mB0LCTUc3LNFQp4/nTM.E2', '274', 'images\\Jamal Al-Khatib.png', NULL, '2025-03-05 09:04:36', '2025-03-05 09:04:36', 'active', '14', 45, 'Welcome@123', 1),
(1396, 410, 'Abed Rahim Shouman', 'nice.love.4ever@live.com', NULL, '$2y$12$UQGuuU7pyhLxOa5uoTR3veK.BeG3skHK40vRivdsBfSKZb/tQ8tJq', '2070', 'images\\Abed Rahim Shouman.png', NULL, '2025-03-05 09:04:36', '2025-03-05 09:04:36', 'active', '14', 45, 'Welcome@123', 1),
(1397, 411, 'Ahmad Ayyad', 'no-email-411@example.com', NULL, '$2y$12$3z00On4qyFiU.X2G64Ehzu.6Jpfb0pR.JilNz.W/8GbZKhWOBSb.2', '1885', 'images\\Ahmad Ayyad.png', NULL, '2025-03-05 09:04:36', '2025-03-05 09:04:36', 'active', '14', 45, 'Welcome@123', 1),
(1398, 412, 'Mohammad Hoss', 'mhmdhoss765@gmail.com', NULL, '$2y$12$tfXdj5tfXE8KGjEZrKTZHu6r9yWWCN0eUJ8u94BONUOP9d/1zJHmW', '2225', 'images\\Mohd Hoss.png', NULL, '2025-03-05 09:04:36', '2025-03-05 09:04:36', 'active', '14', 45, 'Welcome@123', 1),
(1399, 413, 'Joumana Mansour', 'joujou_swt@hotmail.com', NULL, '$2y$12$is3SKQujfj4R19O386nNc.E.JKebKzOqZgT53.DM5Bkx7V3aDqB5.', '1794', 'images\\joumana mansour.png', NULL, '2025-03-05 09:04:36', '2025-03-05 09:04:36', 'active', '17', 45, 'Welcome@123', 1),
(1400, 414, 'Mazen Sheikh', 'mazen.sheikh23@icloud.com', NULL, '$2y$12$HGHZuCcnfcqgBn0j7woeXuTj1s74wsYQtZVK/3O/Rhp6e6RzdAZwO', '2105', 'images\\Default.jpg', NULL, '2025-03-05 09:04:36', '2025-03-05 09:04:36', 'active', '14', 45, 'Welcome@123', 1),
(1401, 415, 'Ibrahim Sabeh', 'no-email-415@example.com', NULL, '$2y$12$fMPH24P6Tbufi.024DR6WO3Af6NSZtLAWBSKXVwwTRRRpX8CZ5k5a', '1750', 'images\\Ibrahim Al Sabea WH3.png', NULL, '2025-03-05 09:04:36', '2025-03-05 09:04:36', 'active', '15', 45, 'Welcome@123', 1),
(1402, 416, 'Omar Abou Daher', 'omaraboudaher56@gmail.com', NULL, '$2y$12$1B./OfUZ.yMv.WuVZkcmDOzqxqJxnuPb3M0gI4LA1hRxeaPG22BOe', '2583', 'images\\omar abo zaher.png', NULL, '2025-03-05 09:04:37', '2025-03-05 09:04:37', 'active', '7', 45, 'Welcome@123', 1),
(1403, 417, 'Mohamad Zeineddine', 'mzeinedin83@gmail.com', NULL, '$2y$12$f9dwXOhQz/o5XUJwrXvqDOevNO3sZeU7gomSIHD07gRD6wZALZo5G', '1481', 'images\\mohammad zeineddine.png', NULL, '2025-03-05 09:04:37', '2025-03-05 09:04:37', 'active', '14', 45, 'Welcome@123', 1),
(1404, 418, 'Rabih Deeb', 'no-email-418@example.com', NULL, '$2y$12$TK1oJpkaKJS7mXLNZYT.SuCG3WToj569KBM8WocsSRskQyez.pGXO', '2686', 'images\\rabih deeb.png', NULL, '2025-03-05 09:04:37', '2025-03-05 09:04:37', 'active', '18', 45, 'Welcome@123', 1),
(1405, 419, 'Rand Khaled', 'ghadercell019@gmail.com', NULL, '$2y$12$8NyYCuVyeZt3rgg5ZHX8c.nJylI2Ysaw2bLIiCH.W4mxYeBwqCHoe', '1812', 'images\\Rand Khaled WH3.png', NULL, '2025-03-05 09:04:37', '2025-03-05 09:04:37', 'active', '15', 45, 'Welcome@123', 1),
(1406, 420, 'Ahmad Jarekji', 'jarekjiahmad@gmail.com', NULL, '$2y$12$EJDoEdm4MygobnZ7Li06ueKX2O/aDSDFh4NOTyFSw0Fa.sxDg9kmO', '1550', 'images\\Default.jpg', NULL, '2025-03-05 09:04:37', '2025-03-05 09:04:37', 'active', '15', 45, 'Welcome@123', 1),
(1407, 421, 'Wafic Doughan', 'no-email-421@example.com', NULL, '$2y$12$7MgTc60d/kQ1zEOyKrzYMeF/gj0Ae3Q1Ar7JkiEY5J6.rczTDROfS', '2256', 'images\\Wafic Doughan.png', NULL, '2025-03-05 09:04:37', '2025-03-05 09:04:37', 'active', '20', 78, 'Welcome@123', 1),
(1408, 422, 'Rana Joubaily', 'no-email-422@example.com', NULL, '$2y$12$8plc3FX7pFXvbJotYpIwie/EpeGqOue8ICb0zQ/JOmrOgJhnc7yLG', '421', 'images\\Rana Joubaily.png', NULL, '2025-03-05 09:04:38', '2025-03-05 09:04:38', 'active', '20', 78, 'Welcome@123', 1),
(1409, 423, 'Farah Bou Naim', 'no-email-423@example.com', NULL, '$2y$12$D2ubOgML4XAa68McbDLCO.jQfZb0KzP4yHcLJTpP/ffKyls4oYI16', '2381', 'images\\Farah Bou Naim.png', NULL, '2025-03-05 09:04:38', '2025-03-05 09:04:38', 'active', '13', 78, 'Welcome@123', 1);
INSERT INTO `users` (`id`, `employee_id`, `name`, `email`, `email_verified_at`, `password`, `pin_code`, `image`, `remember_token`, `created_at`, `updated_at`, `status`, `job`, `branch_id`, `temp_pass`, `must_change_password`) VALUES
(1410, 424, 'Mazen Saad', 'mazen_saad73@hotmail.com', NULL, '$2y$12$UvguhauhyKZbwrYw.A.bWuU6M8USZ38JFiRmxWfOZMboruqAWmFiW', '2012', 'images\\Mazen Saad.png', NULL, '2025-03-05 09:04:38', '2025-03-05 09:04:38', 'active', '14', 78, 'Welcome@123', 1),
(1411, 425, 'Ali Srour', 'alisrur@gmail.com', NULL, '$2y$12$05RZwugE7sIsTkZkJfFE9uDrRUnDLwt45g5gB7ZiuVH8u9zOCuihK', '1374', 'images\\ali srour.png', NULL, '2025-03-05 09:04:38', '2025-03-05 09:04:38', 'active', '11', 78, 'Welcome@123', 1),
(1412, 426, 'Samir Fayed', 'sameerfayed20@gmail.com', NULL, '$2y$12$FtLB9t4rLYCITL/LKfMlheTsDUzRR7sdbb6O3GAT4ermfEYBYayX.', '1726', 'images\\samir fayed.png', NULL, '2025-03-05 09:04:38', '2025-03-05 09:04:38', 'active', '20', 19, 'Welcome@123', 1),
(1413, 427, 'Chady Eid', 'chadyeid8@gmail.com', NULL, '$2y$12$WKV.96kZhVVQguM/W9Gq1urZ3owA1wkgnNC8aFBHPapMapwcx2v6K', '1442', 'images\\Chady Eid.png', NULL, '2025-03-05 09:04:38', '2025-03-05 09:04:38', 'active', '3', 19, 'Welcome@123', 1),
(1414, 428, 'Elsy Farhat', 'elsyfarhat42@gmail.com', NULL, '$2y$12$opSy4SvDmv7hZG7/RNndIuL5YCd0iTprHUtU.PblCn5pePY4ctiwe', '2362', 'images\\Elsy Farhat.png', NULL, '2025-03-05 09:04:39', '2025-03-05 09:04:39', 'active', '20', 19, 'Welcome@123', 1),
(1415, 429, 'Mark Saadeh', 'mark96.saade@gmail.com', NULL, '$2y$12$1m84Yg2vmUkx1ebPUbxQkugIabHjPLoQFlBYhGb0M8.96bFYS/Tra', '1840', 'images\\Marc Saadeh.png', NULL, '2025-03-05 09:04:39', '2025-03-05 09:04:39', 'active', '3', 19, 'Welcome@123', 1),
(1416, 430, 'Nadine Baaklini', 'no-email-430@example.com', NULL, '$2y$12$ALGTw4JwL6PSivdq.sPhi.5aPG/.SWEi/7I4Apf9BNTNKo.ka.2tO', '2347', 'images\\Nadine Baaklini.png', NULL, '2025-03-05 09:04:39', '2025-03-05 09:04:39', 'active', '7', 19, 'Welcome@123', 1),
(1417, 431, 'Celine Salem', 'celinesalem14@gmail.com', NULL, '$2y$12$VY38kctNcqNZuyiiKt8pCOY7dSlC06i.pRsz1gHpjIdtKTaQuq9Ji', '1514', 'images\\Celine Salem Zouk.png', NULL, '2025-03-05 09:04:39', '2025-03-05 09:04:39', 'active', '4', 19, 'Welcome@123', 1),
(1418, 432, 'Joe Zgheib', 'zgheibjoe31@gmail.com', NULL, '$2y$12$.cu8FM8cXyQEpaPUEW9om.H.4YE7rcS0hBuYJ20ZyryJlPOH2ld7O', '1978', 'images\\Joe Zgheib.png', NULL, '2025-03-05 09:04:39', '2025-03-05 09:04:39', 'active', '1', 19, 'Welcome@123', 1),
(1419, 433, 'Raul Nader', 'raulnader@gmail.com', NULL, '$2y$12$Jx4egfNpzOJecyPvzMLkJ.n85QgrBtxrDSwic0q4Qn.vptfGPi4ry', '2782', 'images\\Raul Nader Zouk.png', NULL, '2025-03-05 09:04:39', '2025-03-05 09:04:39', 'active', '4', 19, 'Welcome@123', 1),
(1420, 434, 'Giorgio Saliba', 'giorgiosaliba9@gmail.com', NULL, '$2y$12$AMWyRTmdyVpyivYd4u5Vc.gvHBK6.Auo/FE6Y59jhBCsSabl9Jxbu', '2768', 'images\\Gorgio Saliba Zouk.png', NULL, '2025-03-05 09:04:39', '2025-03-05 09:04:39', 'active', '7', 19, 'Welcome@123', 1),
(1421, 435, 'Eugenie Hakim', 'jennyhakimm@gmail.com', NULL, '$2y$12$ayKOIN1e6pxScTEKZ53qi./71qiv60RE94Sw8A1tO0fTf3k.Mb.T6', '2092', 'images\\Default.jpg', NULL, '2025-03-05 09:04:40', '2025-03-05 09:04:40', 'active', '4', 19, 'Welcome@123', 1),
(1422, 436, 'Kassem Mohammad', 'dragon_dangerous56@hotmail.com', NULL, '$2y$12$MIYJKTeBJjJCLMVCrL0JaeQfow4mCrmsEiAA/QuXLNgRzK/7FeBKO', '2314', 'images\\kassem.png', NULL, '2025-03-05 09:04:40', '2025-03-05 09:04:40', 'active', '15', 45, 'Welcome@123', 1),
(1423, 437, 'Cynthia Asfar', 'no-email-437@example.com', NULL, '$2y$12$gM7GmmDfnULnP91miVOuXuojRiEoMbTbmQFttJ37Md/BbMlqAnD4W', '2873', 'images\\Default.jpg', NULL, '2025-03-05 09:04:40', '2025-03-05 09:04:40', 'active', '3', 38, 'Welcome@123', 1),
(1424, 438, 'Ibrahim Korkomaz', 'bob.2006korkomaz@gmail.com', NULL, '$2y$12$rkQw5ZPyRqAo5nDsjHcIrOZXxlxXz6ZmpzYAdNFDoUROu4SrlDbIu', '2871', 'images\\Default.jpg', NULL, '2025-03-05 09:04:40', '2025-03-05 09:04:40', 'active', '4', 22, 'Welcome@123', 1),
(1425, 439, 'Abdallah Massoud', 'no-email-439@example.com', NULL, '$2y$12$RgL6aQsDT1aT/nPZ7W4Q1.gt4pWCZMglkWKEUOzsGCW2G2myuYg.q', '2759', 'images\\Default.jpg', NULL, '2025-03-05 09:04:40', '2025-03-05 09:04:40', 'active', '1', 11, 'Welcome@123', 1),
(1426, 440, 'Jana Yaccoub', 'no-email-440@example.com', NULL, '$2y$12$QHExcG3XMvoZ3ZVJk/FG9uwJq1fooJk0tcKB6G7hfjYqkQOQgcI7m', '2872', 'images\\Default.jpg', NULL, '2025-03-05 09:04:40', '2025-03-05 09:04:40', 'active', '3', 24, 'Welcome@123', 1),
(1427, 441, 'Ahmad Zein', 'no-email-441@example.com', NULL, '$2y$12$YA8kBHjc/BOujeOpCpW32eplKYAw3.M0TAlj47zYTCSDmXv3YA9Ke', '2695', 'images\\Default.jpg', NULL, '2025-03-05 09:04:41', '2025-03-05 09:04:41', 'active', '1', 11, 'Welcome@123', 1),
(1428, 442, 'Andrew Ayoub', 'andreewayoub@outlook.com', NULL, '$2y$12$ojY4ZQGgQF4L5MOFQ3naKOsF8IBYzi1WS0Jbpebar45bf.ZUpkozO', '2878', 'images\\Default.jpg', NULL, '2025-03-05 09:04:41', '2025-03-05 09:04:41', 'active', '4', 15, 'Welcome@123', 1),
(1429, 443, 'Hadi Cheaito', 'no-email-443@example.com', NULL, '$2y$12$g0VA/fAO7AOT2U9Or0MjD.XHTEd90Xc0PfqGvHtjExMCrqJLKobNC', '2879', 'images\\Default.jpg', NULL, '2025-03-05 09:04:41', '2025-03-05 09:04:41', 'active', '4', 39, 'Welcome@123', 1),
(1430, 444, 'Reine Cherry', 'cherry.f.reine@gmail.com', NULL, '$2y$12$gj7Mu8AZ1JBfHPdVa91r7eiN2MNNlw1UIPDTVmfWrP9PkOg0hxn4y', '2870', 'images\\Default.jpg', NULL, '2025-03-05 09:04:41', '2025-03-05 09:04:41', 'active', '7', 32, 'Welcome@123', 1),
(1431, 445, 'Hussein Taleb', 'talebhussein98@gmail.com', NULL, '$2y$12$e2ETmLmlH0VBe8NBgKYMaexiJnD/8UG4LOmFaejV1Mw2xx872rzdS', '2876', 'images\\Default.jpg', NULL, '2025-03-05 09:04:41', '2025-03-05 09:04:41', 'active', '4', 70, 'Welcome@123', 1),
(1432, 446, 'Amir Ahmadieh', 'amirahmadieh777@gmail.com', NULL, '$2y$12$FJMjQoLOVaB/ecKA2lkzDuv1XfPD2Ya2oL1u58lEEUYMKp3GrKs3.', '2877', 'images\\Default.jpg', NULL, '2025-03-05 09:04:41', '2025-03-05 09:04:41', 'active', '4', 68, 'Welcome@123', 1),
(1433, 447, 'Elio Rajha', 'rajhaelio@gmail.com', NULL, '$2y$12$JAouHzyg5LRm.2K7dW7v/u305ZazODpRdT9jkFR62GzZVJZABfWSW', '2875', 'images\\Default.jpg', NULL, '2025-03-05 09:04:42', '2025-03-05 09:04:42', 'active', '4', 28, 'Welcome@123', 1),
(1434, 448, 'Mohammad Abo Jamous', 'no-email-448@example.com', NULL, '$2y$12$SYHdoSWRLcIQgc5ABuNXTuxTzQcEMuxDPGD.WPngamXU2bycgRkmm', '2882', 'images\\Default.jpg', NULL, '2025-03-05 09:04:42', '2025-03-05 09:04:42', 'active', '1', 27, 'Welcome@123', 1),
(1435, 449, 'Sima Baydoun', 'sab084@student.bau.edu.lb', NULL, '$2y$12$Ctx.4xoRTbuSXa.H8FgpjeBl6gLxxDZ.l1HlmRHYtHJ5VmpS1lN8i', '2874', 'images\\Default.jpg', NULL, '2025-03-05 09:04:42', '2025-03-05 09:04:42', 'active', '7', 23, 'Welcome@123', 1),
(1436, 450, 'Ahmad Mordaa', 'ahmadmordaa68@gmail.com', NULL, '$2y$12$M.XU3DVebPd449HOj1o5ieoml.h2gPK6.wt2mXq/PpUsBhVV1I3.u', '2881', 'images\\Default.jpg', NULL, '2025-03-05 09:04:42', '2025-03-05 09:04:42', 'active', '5', 42, 'Welcome@123', 1),
(1437, 451, 'Khalil Mahassen', 'no-email-451@example.com', NULL, '$2y$12$bV2eOgYmFQbfiGrsC8fzdOEewe.UiIsti586ITpBOGfg.qu7FBA12', '2880', 'images\\Default.jpg', NULL, '2025-03-05 09:04:42', '2025-03-05 09:04:42', 'active', '5', 33, 'Welcome@123', 1),
(1438, 454, 'Tania Khadaj', 'tania@tania.com', NULL, '$2y$12$N9MN3j7kFi4G10xcUpwNaOwmfHP9vJ0pIUh7P1u6pNSyD2wRLLt3u', '123-test', 'images/67c18c97c6c24.jpg', NULL, '2025-03-05 09:04:42', '2025-03-05 09:04:42', 'active', '20', 73, 'Welcome@123', 1),
(1439, 456, 'Hassan Nasserddine', 'hassand@hassan.com', NULL, '$2y$12$qP5n9uZNOmpKMl1NNHLgFO69Q4l32GyFG.PUhOOrOmEMNgO11S3da', 'hassanidk', 'images/67c6c29a0299a.jpg', NULL, '2025-03-05 09:04:42', '2025-03-05 09:04:42', 'active', '20', 73, 'Welcome@123', 1),
(1440, 457, 'Rima Barakat', 'rima@rima.com', NULL, '$2y$12$FvFF3eTk75/2qiycyBTr/eN3G28m08QoQB0vGl6Xi2E5W2.lk2Yna', 'rima', 'images/67c6c39a2a43a.jpg', NULL, '2025-03-05 09:04:43', '2025-03-05 09:04:43', 'active', '20', 73, 'Welcome@123', 1),
(1441, 462, 'Test Shadi', 'maliks.services5@gmail.com', NULL, '$2y$12$aPiSwobwwUBwKUUol6KJaeCSdDAd0qveJ9oOmQEKISU.IJYFkFWjW', '1732', 'images/67c98128dd8d7.jpg', NULL, '2025-03-06 09:04:12', '2025-03-09 17:02:14', 'active', '20', 67, NULL, 1),
(1016, 29, 'Abbas Maaz', 'abbbasmaaz@gmail.com', NULL, '$2y$12$z/2xLCJoyaJ8kCn4o6OWX.9ved4MdTFbtlgehoEmiFVzrB1oXv0VG', '1519', 'images\\abbas maaz.png', NULL, '2025-03-05 09:03:33', '2025-03-05 09:03:33', 'active', '1', 22, 'Welcome@123', 1),
(1015, 28, 'Fadia Yassine', 'fadia.yassine.1@icloud.com', NULL, '$2y$12$gJhmMwgoE4Cr6LjhLBSrRemNhC6zECO4J7s/KHjl72RhciAvCqTNO', '2814', 'images\\Fadia Yassine.png', NULL, '2025-03-05 09:03:33', '2025-03-05 09:03:33', 'active', '4', 67, 'Welcome@123', 1),
(1010, 23, 'Rawana Deeb', 'ranawadeeb@gmail.com', NULL, '$2y$12$C2ptJqYqHcTBUUMa8ppXROqSe0x2yw/vGWnxpO36SQowIBktQXMcq', '2819', 'images\\Rawana Deeb.png', NULL, '2025-03-05 09:03:32', '2025-03-05 09:03:32', 'active', '20', 22, 'Welcome@123', 1),
(1009, 22, 'Ourabi Fayed', 'Ourabi.fayed@gmail.com', NULL, '$2y$12$zsHMgeZTjvkib/vOCzC0JOUJ7QeIk1/trjbVOhIKNreC.hnrqj9sy', '135', 'images\\Ourabi Fayed.png', NULL, '2025-03-05 09:03:32', '2025-03-05 09:03:32', 'active', '20', 22, 'Welcome@123', 1),
(1008, 21, 'Mazen Halabi', 'mazennhalabi@gmail.com', NULL, '$2y$12$FcETAVth9DbP0Z1hwESHi.gbMefTxSMZBBD/vv1VWr2iiBrpq25j.', '1014', 'images\\Default.jpg', NULL, '2025-03-05 09:03:32', '2025-03-05 09:03:32', 'active', '3', 11, 'Welcome@123', 1),
(1007, 20, 'Ahmad Habhab', 'habhabahmad551@gmail.com', NULL, '$2y$12$iqRrlcaEscIr3bH0zjVRdelVV/VfZfveCDJgDa7Z7/D0lcFC9EcJy', '1422', 'images\\Ahmad Habhab.png', NULL, '2025-03-05 09:03:32', '2025-03-05 09:03:32', 'active', '4', 11, 'Welcome@123', 1),
(1006, 19, 'Ahmad Kharoub', '202212308@ua.edul.lb', NULL, '$2y$12$WLa5d9UsCjVo1ItubUEmi.niKs3En8E7/KgOcB0i02a34TdgM1yDm', '2659', 'images\\ahmad kharoub.png', NULL, '2025-03-05 09:03:32', '2025-03-05 09:03:32', 'active', '1', 11, 'Welcome@123', 1),
(1005, 18, 'Ziad Sakr', 'zeiadsakr83@gmail.com', NULL, '$2y$12$XYha.FbMFh6w.QIP72rBDe96unRFQBrnsQhTgevnENJ68iyWpGA/G', '2239', 'images\\Ziad Sakr.png', NULL, '2025-03-05 09:03:32', '2025-03-05 09:03:32', 'active', '6', 11, 'Welcome@123', 1),
(1004, 17, 'Abed El Karim Masri', 'abed.masrii1212@gmail.com', NULL, '$2y$12$wslHYIc4FTqwkb/nQQd1y.vw/tSv8YY4uDHnGoYQOtJ9/jNFl2xkG', '1583', 'images\\Abed El Karim Masri.png', NULL, '2025-03-05 09:03:31', '2025-03-05 09:03:31', 'active', '1', 11, 'Welcome@123', 1),
(1003, 16, 'Pressica Joudieh', 'pressicajoudieh@gmail.com', NULL, '$2y$12$8emm0TP45sZ68zC1kllisOJkMYLdCcfcDaM9SDLFMQQBF8qzxHSsS', '2186', 'images\\Pressica Joudieh.png', NULL, '2025-03-05 09:03:31', '2025-03-05 09:03:31', 'active', '7', 11, 'Welcome@123', 1),
(1002, 15, 'Haydar Fakhreddine', 'haydarfakhreddine051@gmail.com', NULL, '$2y$12$HCZK5yap/SNBA6JjrnSI/uYwmZVVtyyOQ8wltnc2mxaDzut2oSi5i', '2837', 'images\\Haydar Fakhreddine.png', NULL, '2025-03-05 09:03:31', '2025-03-05 09:03:31', 'active', '1', 11, 'Welcome@123', 1),
(1001, 14, 'Faten Abozour', 'no-email-14@example.com', NULL, '$2y$12$vIUQTUu0GBB2f5X8yNBTseEWnA4nF6bWvu3H7nqpzh72vs4YqVFRO', '2548', 'images\\Faten Abozour.png', NULL, '2025-03-05 09:03:31', '2025-03-05 09:03:31', 'active', '7', 11, 'Welcome@123', 1),
(1000, 13, 'Ali Chehab', 'no-email-13@example.com', NULL, '$2y$12$WQss15sivaR6M2Szc6BZm.XOg4r.eFC/FcHh510uAETchqg5otsES', '2093', 'images\\ali chehab.png', NULL, '2025-03-05 09:03:31', '2025-03-05 09:03:31', 'active', '8', 11, 'Welcome@123', 1),
(998, 11, 'Alaa Faisal', 'alaafaysal597@gmail.com', NULL, '$2y$12$.vfCODGYx36XrqsN9opSseWeE6bfQ6O7/jqKYJyvH41KsxusYBTEO', '2613', 'images\\Alaa Faisal.png', NULL, '2025-03-05 09:03:31', '2025-03-05 09:03:31', 'active', '20', 11, 'Welcome@123', 1),
(997, 10, 'Mohamad Reslan', 'reslanmohammad50@gmail.com ', NULL, '$2y$12$RhOWVxqOLfHklcPPxcp/peqmI8v3nWyFlFkiGR7QT8PL6XSfI6cTG', '2835', 'images\\Mohamad Reslan.png', NULL, '2025-03-05 09:03:30', '2025-03-05 09:03:30', 'active', '20', 11, 'Welcome@123', 1),
(992, 5, 'Rashad Al Mohtar', 'rashadmohtar612@gmail.com', NULL, '$2y$12$5NFAt5dC4g2mJNl5zRXkW.cQDvphCC6pcPAAj/cLyxwQUseZZHb8y', '1304', 'images\\rashad al mohtar.png', NULL, '2025-03-05 09:03:30', '2025-03-05 09:03:30', 'active', '4', 32, 'Welcome@123', 1),
(990, 3, 'Maha Siblini', 'no-email-3@example.com', NULL, '$2y$12$FNSyO/Ckn8U6nB7DD7Zwju6EZwPW.JRld0IaP.6ElfJq/2Kq22jYi', '2055', 'images\\maha siblini.png', NULL, '2025-03-05 09:03:29', '2025-03-05 09:03:29', 'active', '20', 32, 'Welcome@123', 1),
(1018, 31, 'Nayroun Ghallab', 'nayrounghallab816@gmail.com', NULL, '$2y$12$df6v8XnDW8pk4r0VNJR6u.t0fMkFPR5i7pqzz.UhB4BH1T39PDMee', '2729', 'images\\Nayroun Ghallab.png', NULL, '2025-03-05 09:03:34', '2025-03-05 09:03:34', 'active', '1', 22, 'Welcome@123', 1),
(1017, 30, 'Ahmad Watwat', 'ahmadwatwat000@gmail.com', NULL, '$2y$12$bD8xMITeM4vO.oewS5wu9O.vKHsmYR0a5gMPEcDAmvAnW1Nxu9RR.', '1447', 'images\\ahmad watwat.png', NULL, '2025-03-05 09:03:34', '2025-03-05 09:03:34', 'active', '3', 22, 'Welcome@123', 1),
(1014, 27, 'Omar Al Barakeh', 'omar-nasser-1985@hotmail.com', NULL, '$2y$12$kbJ8MSfALvzlGLpVzaokfOJkAJbQ1GwMMmZ5IeNB2BcTgEdewj/SO', '2694', 'images\\Omar Al Barakeh.png', NULL, '2025-03-05 09:03:33', '2025-03-05 09:03:33', 'active', '8', 22, 'Welcome@123', 1),
(1013, 26, 'Farah Abdel Khalek', 'akfarah85@gmail.com', NULL, '$2y$12$KaHa84hvvE.o6v6xMG2cfOt3j/p4AGmlSkKYfiDW8vUfBSp0p/clW', '2172', 'images\\Farah Abdel Khalek.png', NULL, '2025-03-05 09:03:33', '2025-03-05 09:03:33', 'active', '7', 22, 'Welcome@123', 1),
(1012, 25, 'Paul Kazan', 'kazanpaul@hotmail.com', NULL, '$2y$12$l6kS7SM8.Uj6b85t/PZcDeX66abZrRle.lbM/puyO7OWi7KuL6aoi', '2120', 'images\\Paul Kazan.png', NULL, '2025-03-05 09:03:33', '2025-03-05 09:03:33', 'active', '2', 22, 'Welcome@123', 1),
(1011, 24, 'Firas Khair El Deen', 'firasK.deen@gmail.com', NULL, '$2y$12$MTmNS0Jk0FvRP/bYrzK1CO7XHYxEfsvvB3ebb4BBXr5HB8HFoWDUa', '2485', 'images\\Firas Khair El Deen.png', NULL, '2025-03-05 09:03:33', '2025-03-05 09:03:33', 'active', '2', 22, 'Welcome@123', 1),
(999, 12, 'Wissam Fakhereddine', 'wesam.fakhreddine@gmail.com', NULL, '$2y$12$we7pkJnbVHUTmuxDoCqI3OhU52Ez/by71VaIoJd7xuxSerAArSoie', '2818', 'images\\wissam fakhereddine.png', NULL, '2025-03-05 09:03:31', '2025-03-05 09:03:31', 'active', '4', 11, 'Welcome@123', 1),
(996, 9, 'Bassim Hajj Sleiman', 'no-email-9@example.com', NULL, '$2y$12$u2phSPwxv9olTeAx2mY/wOuzl0oYindWj8e4Bt6OtzyfW1dV.5g4K', '1609', 'images\\bassim hajj sleiman.png', NULL, '2025-03-05 09:03:30', '2025-03-05 09:03:30', 'active', '1', 32, 'Welcome@123', 1),
(995, 8, 'Leah Shami', 'leyashami@gmail.com', NULL, '$2y$12$Pj/yDkMGLlfPO0eV9qPPIuqqbj/LsJCWh.XzKQsM1/Kpgb2A/4L9a', '1671', 'images\\leah shami.png', NULL, '2025-03-05 09:03:30', '2025-03-05 09:03:30', 'active', '3', 32, 'Welcome@123', 1),
(994, 7, 'Amina Al Ashy', 'aminaalashi0@gmail.com', NULL, '$2y$12$.ULEfvv908JVceatI0ng../5N/dSLEdMcT/q2KaAwZJv23c/hpPxi', '1428', 'images\\Default.jpg', NULL, '2025-03-05 09:03:30', '2025-03-05 09:03:30', 'active', '5', 32, 'Welcome@123', 1),
(993, 6, 'Leen Abou Assaf', 'no-email-6@example.com', NULL, '$2y$12$HrgbPazrq2EziLFDdGlzAuMfw3nknQ3FMNqUB2FGHNozaWmggn.Ri', '1914', 'images/67be11b6ed57d.png', NULL, '2025-03-05 09:03:30', '2025-03-05 09:03:30', 'active', '7', 32, 'Welcome@123', 1),
(991, 4, 'Abed Majed', 'abedm7213@gmail.com', NULL, '$2y$12$fCfmshEkP5d75IY1wI0UR.ZUwnXRCiLvgSFKI/CcKtWOBW3MyYorG', '2102', 'images\\abed majed.png', NULL, '2025-03-05 09:03:29', '2025-03-05 09:03:29', 'active', '6', 32, 'Welcome@123', 1),
(989, 2, 'Aya Al Kaissi', 'ayakaissi8@gmail.com', NULL, '$2y$12$Io5RhzAJS/C/.PevVADjlOmxhNZ9I8UvM/Jmhm304g8rkUBhGxlNq', '1620', 'images\\aya al kaissi.png', NULL, '2025-03-05 09:03:29', '2025-03-05 09:03:29', 'active', '3', 32, 'Welcome@123', 1),
(1447, 473, 'Mira Mahmoud', 'mira99mahmoud@gmail.com', NULL, '$2y$12$DpL4V0BHsoR6xy71dLjX4.wA.xpOq/mwGPczUwzulLsAxBg05BTTy', '1496', 'images/67ccb0fceafd2.png', NULL, '2025-03-08 18:39:25', '2025-03-08 20:42:28', 'active', '7', 67, NULL, 1);

-- --------------------------------------------------------

--
-- Table structure for table `vacancies`
--

DROP TABLE IF EXISTS `vacancies`;
CREATE TABLE IF NOT EXISTS `vacancies` (
  `id` bigint UNSIGNED NOT NULL AUTO_INCREMENT,
  `branch_id` bigint UNSIGNED DEFAULT NULL,
  `job` varchar(191) CHARACTER SET utf8mb4 COLLATE utf8mb4_unicode_ci NOT NULL,
  `asked_date` date NOT NULL,
  `completed_date` date DEFAULT NULL,
  `status` varchar(191) CHARACTER SET utf8mb4 COLLATE utf8mb4_unicode_ci NOT NULL,
  `is_finished` tinyint(1) NOT NULL DEFAULT '0',
  `employee_id` bigint UNSIGNED DEFAULT NULL,
  `image_path` varchar(191) CHARACTER SET utf8mb4 COLLATE utf8mb4_unicode_ci DEFAULT NULL,
  `remarks` varchar(191) CHARACTER SET utf8mb4 COLLATE utf8mb4_unicode_ci DEFAULT NULL,
  `created_at` timestamp NULL DEFAULT NULL,
  `updated_at` timestamp NULL DEFAULT NULL,
  PRIMARY KEY (`id`),
  KEY `vacancies_branch_id_foreign` (`branch_id`),
  KEY `vacancies_employee_id_foreign` (`employee_id`)
) ENGINE=MyISAM AUTO_INCREMENT=101 DEFAULT CHARSET=utf8mb4 COLLATE=utf8mb4_unicode_ci;

--
-- Dumping data for table `vacancies`
--

INSERT INTO `vacancies` (`id`, `branch_id`, `job`, `asked_date`, `completed_date`, `status`, `is_finished`, `employee_id`, `image_path`, `remarks`, `created_at`, `updated_at`) VALUES
(84, 11, 'Graphic designer', '2025-01-19', NULL, 'high', 0, NULL, 'images/678ac3e190a6c.jpg', NULL, '2025-01-19 18:46:30', '2025-02-12 08:35:55'),
(88, 23, 'Graphic designer', '2025-01-25', NULL, 'high', 0, NULL, NULL, NULL, '2025-01-25 14:40:24', '2025-01-25 14:40:24'),
(93, 32, 'Cashier', '2025-02-20', NULL, 'high', 0, NULL, NULL, NULL, '2025-02-20 11:35:35', '2025-02-20 11:35:35'),
(95, 34, 'Graphic Designer', '2025-03-03', NULL, 'low', 0, NULL, NULL, NULL, '2025-03-03 04:41:16', '2025-03-03 04:41:16'),
(96, 36, 'Cashier', '2025-03-03', NULL, 'high', 0, NULL, NULL, NULL, '2025-03-03 04:43:45', '2025-03-03 04:43:45'),
(97, 11, 'Services', '2025-03-03', NULL, 'low', 0, NULL, NULL, NULL, '2025-03-03 04:45:35', '2025-03-03 04:45:35'),
(98, 44, 'Stationery', '2025-03-03', NULL, 'medium', 0, NULL, NULL, NULL, '2025-03-03 04:45:56', '2025-03-03 04:45:56'),
(99, 22, '1', '2025-03-06', NULL, 'high', 0, NULL, NULL, NULL, '2025-03-06 09:46:28', '2025-03-06 09:46:28'),
(100, 67, '7', '2025-03-08', NULL, 'high', 0, 2, 'images\\aya al kaissi.png', 'this is a test from shadi farhat', '2025-03-08 21:20:55', '2025-03-08 21:38:50');
COMMIT;

/*!40101 SET CHARACTER_SET_CLIENT=@OLD_CHARACTER_SET_CLIENT */;
/*!40101 SET CHARACTER_SET_RESULTS=@OLD_CHARACTER_SET_RESULTS */;
/*!40101 SET COLLATION_CONNECTION=@OLD_COLLATION_CONNECTION */;
